# relic_survival_map.py, alphaD=0.5, direct detection only (best2026)
# every row has Omega h^2 = 0.1204 by construction; dd_covered=0 means no experiment reaches that mchi
# the _cenuns columns fold in the PandaX-4T S2 CEvNS recast; the allowed set is alphaD independent
R,MAp,eps,eps_ddlimit,ratio,dd_covered,allowed,eps_ddlimit_cenuns,ratio_cenuns,dd_covered_cenuns,allowed_cenuns
5.0100000000e-01,1.0000000000e-02,9.5444704203e-07,3.7044959177e-06,2.5764559153e-01,1,1,3.7044959177e-06,2.5764559153e-01,1,1
5.0100000000e-01,1.0613393580e-02,1.0130012382e-06,3.8477360110e-06,2.6327202160e-01,1,1,3.8477360110e-06,2.6327202160e-01,1,1
5.0100000000e-01,1.1264412328e-02,1.0673903680e-06,4.0297346313e-06,2.6487857531e-01,1,1,4.0297346313e-06,2.6487857531e-01,1,1
5.0100000000e-01,1.1955364149e-02,1.1246997089e-06,4.2718166240e-06,2.6328370525e-01,1,1,4.2718166240e-06,2.6328370525e-01,1,1
5.0100000000e-01,1.2688698510e-02,1.1953150487e-06,4.5413735636e-06,2.6320562093e-01,1,1,4.5413735636e-06,2.6320562093e-01,1,1
5.0100000000e-01,1.3467015131e-02,1.2703640397e-06,4.8269067317e-06,2.6318387952e-01,1,1,4.8269067317e-06,2.6318387952e-01,1,1
5.0100000000e-01,1.4293073193e-02,1.3364754720e-06,5.1618387461e-06,2.5891461119e-01,1,1,5.1618387461e-06,2.5891461119e-01,1,1
5.0100000000e-01,1.5169801127e-02,1.4161852561e-06,5.5794952614e-06,2.5381960011e-01,1,1,5.5794952614e-06,2.5381960011e-01,1,1
5.0100000000e-01,1.6100306989e-02,1.5006490740e-06,6.0668038809e-06,2.4735414289e-01,1,1,6.0668038809e-06,2.4735414289e-01,1,1
5.0100000000e-01,1.7087889483e-02,1.5901504649e-06,6.6030940712e-06,2.4081899300e-01,1,1,6.6030940712e-06,2.4081899300e-01,1,1
5.0100000000e-01,1.8136049653e-02,1.6849898787e-06,7.2121256372e-06,2.3363290706e-01,1,1,7.2121256372e-06,2.3363290706e-01,1,1
5.0100000000e-01,1.9248503296e-02,1.7854856844e-06,7.9691904180e-06,2.2404856589e-01,1,1,7.9691904180e-06,2.2404856589e-01,1,1
5.0100000000e-01,2.0429194130e-02,1.8919752395e-06,8.8078307562e-06,2.1480603929e-01,1,1,8.8078307562e-06,2.1480603929e-01,1,1
5.0100000000e-01,2.1682307783e-02,2.0048160218e-06,9.7505900454e-06,2.0560971311e-01,1,1,9.7505900454e-06,2.0560971311e-01,1,1
5.0100000000e-01,2.3012286622e-02,2.1243868300e-06,1.0801772963e-05,1.9667019825e-01,1,1,1.0801772963e-05,1.9667019825e-01,1,1
5.0100000000e-01,2.4423845509e-02,2.2510890547e-06,1.1990801413e-05,1.8773466236e-01,1,1,1.1990801413e-05,1.8773466236e-01,1,1
5.0100000000e-01,2.5921988513e-02,2.3853480263e-06,1.3361019942e-05,1.7853038441e-01,1,1,1.3361019942e-05,1.7853038441e-01,1,1
5.0100000000e-01,2.7512026646e-02,2.5276144428e-06,1.4919308224e-05,1.6941901092e-01,1,1,1.4919308224e-05,1.6941901092e-01,1,1
5.0100000000e-01,2.9199596698e-02,2.6783658825e-06,1.6653646010e-05,1.6082759781e-01,1,1,1.6653646010e-05,1.6082759781e-01,1,1
5.0100000000e-01,3.0990681213e-02,2.8381084073e-06,1.8702986793e-05,1.5174626592e-01,1,1,1.8702986793e-05,1.5174626592e-01,1,1
5.0100000000e-01,3.2891629703e-02,3.0073782615e-06,2.1029018980e-05,1.4301086819e-01,1,1,2.1029018980e-05,1.4301086819e-01,1,1
5.0100000000e-01,3.4909181152e-02,3.1867436722e-06,2.3646777793e-05,1.3476439370e-01,1,1,2.3646777793e-05,1.3476439370e-01,1,1
5.0100000000e-01,3.7050487912e-02,3.3768067563e-06,2.6632100544e-05,1.2679460829e-01,1,1,2.6632100544e-05,1.2679460829e-01,1,1
5.0100000000e-01,3.9323141054e-02,3.5782055422e-06,3.0113943823e-05,1.1882221615e-01,1,1,3.0113943823e-05,1.1882221615e-01,1,1
5.0100000000e-01,4.1735197281e-02,3.7916161114e-06,3.4216775646e-05,1.1081161330e-01,1,1,3.4216775646e-05,1.1081161330e-01,1,1
5.0100000000e-01,4.4295207488e-02,4.0177548681e-06,3.8990503908e-05,1.0304444584e-01,1,1,3.1995712826e-05,1.2557166299e-01,1,1
5.0100000000e-01,4.7012247078e-02,4.2861480511e-06,4.4138628754e-05,9.7106506750e-02,1,1,2.7258776072e-05,1.5723919665e-01,1,1
5.0100000000e-01,4.9895948132e-02,4.5435496081e-06,4.9961902012e-05,9.0940285000e-02,1,1,2.4780572525e-05,1.8335127663e-01,1,1
5.0100000000e-01,5.2956533557e-02,4.8164092317e-06,5.1324382836e-05,9.3842516277e-02,1,1,2.2076663729e-05,2.1816744100e-01,1,1
5.0100000000e-01,5.6204853327e-02,5.1056552449e-06,5.1073885353e-05,9.9966063078e-02,1,1,2.0206441353e-05,2.5267463754e-01,1,1
5.0100000000e-01,5.9652422947e-02,5.4122717206e-06,5.1133259757e-05,1.0584640499e-01,1,1,1.9125702531e-05,2.8298420473e-01,1,1
5.0100000000e-01,6.3311464273e-02,5.7373018296e-06,5.3631026122e-05,1.0697728991e-01,1,1,1.8306455466e-05,3.1340320578e-01,1,1
5.0100000000e-01,6.7194948846e-02,6.1189268158e-06,5.5613099488e-05,1.1002671802e-01,1,1,1.7894062453e-05,3.4195291493e-01,1,1
5.0100000000e-01,7.1316643869e-02,6.4895483540e-06,5.7633648775e-05,1.1259999136e-01,1,1,1.7899508016e-05,3.6255456565e-01,1,1
5.0100000000e-01,7.5691161018e-02,6.8826183262e-06,5.9730133746e-05,1.1522857718e-01,1,1,1.8184889858e-05,3.7848006668e-01,1,1
5.0100000000e-01,8.0334008241e-02,7.2994964271e-06,6.2360888061e-05,1.1705247719e-01,1,1,1.8665000504e-05,3.9107935869e-01,1,1
5.0100000000e-01,8.5261644732e-02,7.7416247080e-06,1.7458286989e-05,4.4343552795e-01,1,1,1.7458286989e-05,4.4343552795e-01,1,1
5.0100000000e-01,9.0491539282e-02,8.2105325645e-06,1.6724522807e-05,4.9092776275e-01,1,1,1.6724522807e-05,4.9092776275e-01,1,1
5.0100000000e-01,9.6042232206e-02,8.7078420274e-06,1.6033934715e-05,5.4308828009e-01,1,1,1.6033934715e-05,5.4308828009e-01,1,1
5.0100000000e-01,1.0193340107e-01,9.2968299334e-06,1.6135769518e-05,5.7616278683e-01,1,1,1.6135769518e-05,5.7616278683e-01,1,1
5.0100000000e-01,1.0818593045e-01,9.8626653605e-06,1.6622150970e-05,5.9334471080e-01,1,1,1.6622150970e-05,5.9334471080e-01,1,1
5.0100000000e-01,1.1482198597e-01,1.0462939379e-05,1.6512552044e-05,6.3363551262e-01,1,1,1.6512552044e-05,6.3363551262e-01,1,1
5.0100000000e-01,1.2186509287e-01,1.1099748035e-05,1.6893299185e-05,6.5705034365e-01,1,1,1.6893299185e-05,6.5705034365e-01,1,1
5.0100000000e-01,1.2934021943e-01,1.1775314945e-05,1.7553115222e-05,6.7083903888e-01,1,1,1.7553115222e-05,6.7083903888e-01,1,1
5.0100000000e-01,1.3727386545e-01,1.2491999063e-05,1.8259263937e-05,6.8414581804e-01,1,1,1.8259263937e-05,6.8414581804e-01,1,1
5.0100000000e-01,1.4569415623e-01,1.3328663101e-05,1.9045787804e-05,6.9982209392e-01,1,1,1.9045787804e-05,6.9982209392e-01,1,1
5.0100000000e-01,1.5463094224e-01,1.4221363544e-05,2.0002125496e-05,7.1099261661e-01,1,1,2.0002125496e-05,7.1099261661e-01,1,1
5.0100000000e-01,1.6411590496e-01,1.5016262313e-05,2.1346872188e-05,7.0344086857e-01,1,1,2.1346872188e-05,7.0344086857e-01,1,1
5.0100000000e-01,1.7418266921e-01,1.5967075669e-05,2.2782522210e-05,7.0084758492e-01,1,1,2.2782522210e-05,7.0084758492e-01,1,1
5.0100000000e-01,1.8486692231e-01,1.6978093490e-05,2.4769712440e-05,6.8543765019e-01,1,1,2.4769712440e-05,6.8543765019e-01,1,1
5.0100000000e-01,1.9620654064e-01,1.8053127858e-05,2.7030927891e-05,6.6786933584e-01,1,1,2.7030927891e-05,6.6786933584e-01,1,1
5.0100000000e-01,2.0824172388e-01,1.8652678870e-05,2.9693242615e-05,6.2817924979e-01,1,1,2.9693242615e-05,6.2817924979e-01,1,1
5.0100000000e-01,2.2101513753e-01,1.6806758475e-05,3.2787435326e-05,5.1259753340e-01,1,1,3.2787435326e-05,5.1259753340e-01,1,1
5.0100000000e-01,2.3457206418e-01,1.6887465977e-05,3.6204646132e-05,4.6644471860e-01,1,1,3.6204646132e-05,4.6644471860e-01,1,1
5.0100000000e-01,2.4896056400e-01,1.7446271219e-05,4.0122634208e-05,4.3482367404e-01,1,1,4.0122634208e-05,4.3482367404e-01,1,1
5.0100000000e-01,2.6423164516e-01,1.8147126349e-05,4.4674728178e-05,4.0620563548e-01,1,1,4.4674728178e-05,4.0620563548e-01,1,1
5.0100000000e-01,2.8043944464e-01,1.9019363310e-05,4.9743953233e-05,3.8234523142e-01,1,1,4.9743953233e-05,3.8234523142e-01,1,1
5.0100000000e-01,2.9764142013e-01,1.9933524117e-05,5.5389090378e-05,3.5988177421e-01,1,1,5.5389090378e-05,3.5988177421e-01,1,1
5.0100000000e-01,3.1589855375e-01,2.0891623828e-05,6.0038436319e-05,3.4797081851e-01,1,1,6.0038436319e-05,3.4797081851e-01,1,1
5.0100000000e-01,3.3527556823e-01,2.1895774355e-05,5.9823410297e-05,3.6600678975e-01,1,1,5.9823410297e-05,3.6600678975e-01,1,1
5.0100000000e-01,3.5584115634e-01,2.2948189118e-05,5.9736318107e-05,3.8415807746e-01,1,1,5.9736318107e-05,3.8415807746e-01,1,1
5.0100000000e-01,3.7766822442e-01,2.4051187927e-05,5.9731130366e-05,4.0265750505e-01,1,1,5.9731130366e-05,4.0265750505e-01,1,1
5.0100000000e-01,4.0083415084e-01,2.5207202090e-05,5.9755512542e-05,4.2183894033e-01,1,1,5.9755512542e-05,4.2183894033e-01,1,1
5.0100000000e-01,4.2542106032e-01,2.6418779776e-05,5.9810679423e-05,4.4170673249e-01,1,1,5.9810679423e-05,4.4170673249e-01,1,1
5.0100000000e-01,4.5151611504e-01,2.7688591632e-05,5.9551398190e-05,4.6495283862e-01,1,1,5.9551398190e-05,4.6495283862e-01,1,1
5.0100000000e-01,4.7921182366e-01,2.8535897734e-05,5.9165193048e-05,4.8230887561e-01,1,1,5.9165193048e-05,4.8230887561e-01,1,1
5.0100000000e-01,5.0860636927e-01,2.9686844134e-05,5.8997663536e-05,5.0318677647e-01,1,1,5.8997663536e-05,5.0318677647e-01,1,1
5.0100000000e-01,5.3980395744e-01,3.0161745519e-05,5.8949709411e-05,5.1165214926e-01,1,1,5.8949709411e-05,5.1165214926e-01,1,1
5.0100000000e-01,5.7291518563e-01,3.0644243916e-05,5.9022190913e-05,5.1919868513e-01,1,1,5.9022190913e-05,5.1919868513e-01,1,1
5.0100000000e-01,6.0805743530e-01,2.9868217134e-05,5.9275904838e-05,5.0388462591e-01,1,1,5.9275904838e-05,5.0388462591e-01,1,1
5.0100000000e-01,6.4535528801e-01,2.8104311941e-05,5.9703708448e-05,4.7072975316e-01,1,1,5.9703708448e-05,4.7072975316e-01,1,1
5.0100000000e-01,6.8494096706e-01,2.5058947626e-05,6.0110653309e-05,4.1688030735e-01,1,1,6.0110653309e-05,4.1688030735e-01,1,1
5.0100000000e-01,7.2695480624e-01,2.1908136982e-05,6.0433626031e-05,3.6251567912e-01,1,1,6.0433626031e-05,3.6251567912e-01,1,1
5.0100000000e-01,7.7154574735e-01,1.8490364932e-05,6.0899877730e-05,3.0361908137e-01,1,1,6.0899877730e-05,3.0361908137e-01,1,1
5.0100000000e-01,8.1887186816e-01,3.0163566942e-05,6.1711645915e-05,4.8878240881e-01,1,1,6.1711645915e-05,4.8878240881e-01,1,1
5.0100000000e-01,8.6910094284e-01,3.9264954531e-05,6.2581159715e-05,6.2742452697e-01,1,1,6.2581159715e-05,6.2742452697e-01,1,1
5.0100000000e-01,9.2241103671e-01,4.6918359583e-05,6.2312829639e-05,7.5294862800e-01,1,1,6.2312829639e-05,7.5294862800e-01,1,1
5.0100000000e-01,9.7899113751e-01,4.6692007258e-05,6.1513233222e-05,7.5905630077e-01,1,1,6.1513233222e-05,7.5905630077e-01,1,1
5.0100000000e-01,1.0390418254e+00,5.2857875313e-05,6.3106213014e-05,8.3760176358e-01,1,1,6.3106213014e-05,8.3760176358e-01,1,1
5.0100000000e-01,1.1027759839e+00,5.9837971136e-05,6.2113551146e-05,9.6336419399e-01,1,1,6.2113551146e-05,9.6336419399e-01,1,1
5.0100000000e-01,1.1704195547e+00,6.2914003229e-05,3.8682597627e-05,1.6264161946e+00,1,0,3.8682597627e-05,1.6264161946e+00,1,0
5.0100000000e-01,1.2422123388e+00,6.5353038896e-05,3.7596207348e-05,1.7382880750e+00,1,0,3.7596207348e-05,1.7382880750e+00,1,0
5.0100000000e-01,1.3184088462e+00,6.6846250382e-05,3.6874039442e-05,1.8128268938e+00,1,0,3.6874039442e-05,1.8128268938e+00,1,0
5.0100000000e-01,1.3992791984e+00,6.6668422659e-05,3.6203021540e-05,1.8415154267e+00,1,0,3.6203021540e-05,1.8415154267e+00,1,0
5.0100000000e-01,1.4851100861e+00,6.7131622528e-05,3.6564724531e-05,1.8359668612e+00,1,0,3.6564724531e-05,1.8359668612e+00,1,0
5.0100000000e-01,1.5762057853e+00,6.8996608527e-05,3.6678394476e-05,1.8811240108e+00,1,0,3.6678394476e-05,1.8811240108e+00,1,0
5.0100000000e-01,1.6728892362e+00,7.2097802216e-05,3.6539416277e-05,1.9731514502e+00,1,0,3.6539416277e-05,1.9731514502e+00,1,0
5.0100000000e-01,1.7755031880e+00,7.9087910053e-05,3.6681571124e-05,2.1560665923e+00,1,0,3.6681571124e-05,2.1560665923e+00,1,0
5.0100000000e-01,1.8844114137e+00,8.4820521659e-05,3.6861309243e-05,2.3010718664e+00,1,0,3.6861309243e-05,2.3010718664e+00,1,0
5.0100000000e-01,2.0000000000e+00,8.8096811945e-05,3.7088473959e-05,2.3753150923e+00,1,0,3.7088473959e-05,2.3753150923e+00,1,0
5.0353846154e-01,1.0000000000e-02,1.4203223192e-06,3.6781883923e-06,3.8614724633e-01,1,1,3.6781883923e-06,3.8614724633e-01,1,1
5.0353846154e-01,1.0613393580e-02,1.5067186835e-06,3.8222999272e-06,3.9419164174e-01,1,1,3.8222999272e-06,3.9419164174e-01,1,1
5.0353846154e-01,1.1264412328e-02,1.5983704267e-06,4.0088332000e-06,3.9871213067e-01,1,1,4.0088332000e-06,3.9871213067e-01,1,1
5.0353846154e-01,1.1955364149e-02,1.6820895731e-06,4.2508327625e-06,3.9570824521e-01,1,1,4.2508327625e-06,3.9570824521e-01,1,1
5.0353846154e-01,1.2688698510e-02,1.7810312877e-06,4.5190996302e-06,3.9411197660e-01,1,1,4.5190996302e-06,3.9411197660e-01,1,1
5.0353846154e-01,1.3467015131e-02,1.8857928249e-06,4.8032014548e-06,3.9261164508e-01,1,1,4.8032014548e-06,3.9261164508e-01,1,1
5.0353846154e-01,1.4293073193e-02,1.9967165107e-06,5.1398774921e-06,3.8847550624e-01,1,1,5.1398774921e-06,3.8847550624e-01,1,1
5.0353846154e-01,1.5169801127e-02,2.1141648073e-06,5.5627411182e-06,3.8005809769e-01,1,1,5.5627411182e-06,3.8005809769e-01,1,1
5.0353846154e-01,1.6100306989e-02,2.2385214969e-06,6.0486908876e-06,3.7008363273e-01,1,1,6.0486908876e-06,3.7008363273e-01,1,1
5.0353846154e-01,1.7087889483e-02,2.3701929362e-06,6.5851744420e-06,3.5992864836e-01,1,1,6.5851744420e-06,3.5992864836e-01,1,1
5.0353846154e-01,1.8136049653e-02,2.5096093838e-06,7.1998442859e-06,3.4856439725e-01,1,1,7.1998442859e-06,3.4856439725e-01,1,1
5.0353846154e-01,1.9248503296e-02,2.6572264069e-06,7.9562915497e-06,3.3397800852e-01,1,1,7.9562915497e-06,3.3397800852e-01,1,1
5.0353846154e-01,2.0429194130e-02,2.8315378406e-06,8.7936973003e-06,3.2199628255e-01,1,1,8.7936973003e-06,3.2199628255e-01,1,1
5.0353846154e-01,2.1682307783e-02,3.0172839326e-06,9.7367352684e-06,3.0988661491e-01,1,1,9.7367352684e-06,3.0988661491e-01,1,1
5.0353846154e-01,2.3012286622e-02,3.1831942026e-06,1.0786559774e-05,2.9510745496e-01,1,1,1.0786559774e-05,2.9510745496e-01,1,1
5.0353846154e-01,2.4423845509e-02,3.3795198175e-06,1.1979168960e-05,2.8211638293e-01,1,1,1.1979168960e-05,2.8211638293e-01,1,1
5.0353846154e-01,2.5921988513e-02,3.5879539450e-06,1.3351057942e-05,2.6873929845e-01,1,1,1.3351057942e-05,2.6873929845e-01,1,1
5.0353846154e-01,2.7512026646e-02,3.8092433856e-06,1.4907783543e-05,2.5552043835e-01,1,1,1.4907783543e-05,2.5552043835e-01,1,1
5.0353846154e-01,2.9199596698e-02,4.0441809993e-06,1.6642247453e-05,2.4300690221e-01,1,1,1.6642247453e-05,2.4300690221e-01,1,1
5.0353846154e-01,3.0990681213e-02,4.2936085463e-06,1.8699982537e-05,2.2960494951e-01,1,1,1.8699982537e-05,2.2960494951e-01,1,1
5.0353846154e-01,3.2891629703e-02,4.5584197027e-06,2.1025830445e-05,2.1680093514e-01,1,1,2.1025830445e-05,2.1680093514e-01,1,1
5.0353846154e-01,3.4909181152e-02,4.8395632630e-06,2.3643393675e-05,2.0468987360e-01,1,1,2.3643393675e-05,2.0468987360e-01,1,1
5.0353846154e-01,3.7050487912e-02,5.1380465389e-06,2.6638737245e-05,1.9287875741e-01,1,1,2.6638737245e-05,1.9287875741e-01,1,1
5.0353846154e-01,3.9323141054e-02,5.4549389689e-06,3.0135606616e-05,1.8101307993e-01,1,1,3.0135606616e-05,1.8101307993e-01,1,1
5.0353846154e-01,4.1735197281e-02,5.7913759499e-06,3.4246045803e-05,1.6911079262e-01,1,1,3.4246045803e-05,1.6911079262e-01,1,1
5.0353846154e-01,4.4295207488e-02,6.1485629049e-06,3.9029379215e-05,1.5753678456e-01,1,1,3.0481310850e-05,2.0171582958e-01,1,1
5.0353846154e-01,4.7012247078e-02,6.5277796024e-06,4.4150864933e-05,1.4785168110e-01,1,1,2.6387815792e-05,2.4737854978e-01,1,1
5.0353846154e-01,4.9895948132e-02,6.9303847414e-06,4.9986724897e-05,1.3864450523e-01,1,1,2.4053300717e-05,2.8812614215e-01,1,1
5.0353846154e-01,5.2956533557e-02,7.3578208195e-06,5.0794820373e-05,1.4485376197e-01,1,1,2.1769224791e-05,3.3799186192e-01,1,1
5.0353846154e-01,5.6204853327e-02,7.8116193014e-06,5.0532922178e-05,1.5458475316e-01,1,1,1.9814930916e-05,3.9422894455e-01,1,1
5.0353846154e-01,5.9652422947e-02,8.2934061059e-06,5.0776397789e-05,1.6333191142e-01,1,1,1.8872495227e-05,4.3944406960e-01,1,1
5.0353846154e-01,6.3311464273e-02,8.8049074312e-06,5.3278496881e-05,1.6526193392e-01,1,1,1.8085883289e-05,4.8683867358e-01,1,1
5.0353846154e-01,6.7194948846e-02,9.3479559402e-06,5.5221075699e-05,1.6928239484e-01,1,1,1.7714522869e-05,5.2770012543e-01,1,1
5.0353846154e-01,7.1316643869e-02,9.9244973263e-06,5.7227242252e-05,1.7342260322e-01,1,1,1.7719989906e-05,5.6007353158e-01,1,1
5.0353846154e-01,7.5691161018e-02,1.0536597285e-05,5.9327986667e-05,1.7759910419e-01,1,1,1.8040776617e-05,5.8404344274e-01,1,1
5.0353846154e-01,8.0334008241e-02,1.1186448915e-05,1.9254995014e-05,5.8096348022e-01,1,1,1.8519757702e-05,6.0402782235e-01,1,1
5.0353846154e-01,8.5261644732e-02,1.1876380576e-05,1.7221652059e-05,6.8961912218e-01,1,1,1.7221652059e-05,6.8961912218e-01,1,1
5.0353846154e-01,9.0491539282e-02,1.2608864229e-05,1.6492170450e-05,7.6453637606e-01,1,1,1.6492170450e-05,7.6453637606e-01,1,1
5.0353846154e-01,9.6042232206e-02,1.3386524298e-05,1.5873903100e-05,8.4330389403e-01,1,1,1.5873903100e-05,8.4330389403e-01,1,1
5.0353846154e-01,1.0193340107e-01,1.4298806989e-05,1.6032635578e-05,8.9185629645e-01,1,1,1.6032635578e-05,8.9185629645e-01,1,1
5.0353846154e-01,1.0818593045e-01,1.5183952237e-05,1.6407618795e-05,9.2542083201e-01,1,1,1.6407618795e-05,9.2542083201e-01,1,1
5.0353846154e-01,1.1482198597e-01,1.6123891014e-05,1.6373223699e-05,9.8477192457e-01,1,1,1.6373223699e-05,9.8477192457e-01,1,1
5.0353846154e-01,1.2186509287e-01,1.7122015229e-05,1.6777868719e-05,1.0205119324e+00,1,0,1.6777868719e-05,1.0205119324e+00,1,0
5.0353846154e-01,1.2934021943e-01,1.8181926759e-05,1.7433218119e-05,1.0429472421e+00,1,0,1.7433218119e-05,1.0429472421e+00,1,0
5.0353846154e-01,1.3727386545e-01,1.9307450453e-05,1.8140444266e-05,1.0643317313e+00,1,0,1.8140444266e-05,1.0643317313e+00,1,0
5.0353846154e-01,1.4569415623e-01,2.0502647928e-05,1.8921890315e-05,1.0835412100e+00,1,0,1.8921890315e-05,1.0835412100e+00,1,0
5.0353846154e-01,1.5463094224e-01,2.1771832230e-05,1.9910626224e-05,1.0934780245e+00,1,0,1.9910626224e-05,1.0934780245e+00,1,0
5.0353846154e-01,1.6411590496e-01,2.3250836036e-05,2.1249261722e-05,1.0941950050e+00,1,0,2.1249261722e-05,1.0941950050e+00,1,0
5.0353846154e-01,1.7418266921e-01,2.4830311509e-05,2.2678387682e-05,1.0948887486e+00,1,0,2.2678387682e-05,1.0948887486e+00,1,0
5.0353846154e-01,1.8486692231e-01,2.6230968219e-05,2.4703116766e-05,1.0618485298e+00,1,0,2.4703116766e-05,1.0618485298e+00,1,0
5.0353846154e-01,1.9620654064e-01,2.7710634781e-05,2.6958295605e-05,1.0279075201e+00,1,0,2.6958295605e-05,1.0279075201e+00,1,0
5.0353846154e-01,2.0824172388e-01,2.7982598922e-05,2.9643006737e-05,9.4398652505e-01,1,1,2.9643006737e-05,9.4398652505e-01,1,1
5.0353846154e-01,2.2101513753e-01,2.5746501661e-05,3.2732010874e-05,7.8658478269e-01,1,1,3.2732010874e-05,7.8658478269e-01,1,1
5.0353846154e-01,2.3457206418e-01,2.6053522878e-05,3.6143493333e-05,7.2083577086e-01,1,1,3.6143493333e-05,7.2083577086e-01,1,1
5.0353846154e-01,2.4896056400e-01,2.6969180107e-05,4.0083132984e-05,6.7283114117e-01,1,1,4.0083132984e-05,6.7283114117e-01,1,1
5.0353846154e-01,2.6423164516e-01,2.8118047313e-05,4.4630798214e-05,6.3001443931e-01,1,1,4.4630798214e-05,6.3001443931e-01,1,1
5.0353846154e-01,2.8043944464e-01,2.9501026545e-05,4.9695094027e-05,5.9364062233e-01,1,1,4.9695094027e-05,5.9364062233e-01,1,1
5.0353846154e-01,2.9764142013e-01,3.0952027270e-05,5.5334744665e-05,5.5935971978e-01,1,1,5.5334744665e-05,5.5935971978e-01,1,1
5.0353846154e-01,3.1589855375e-01,3.2474395108e-05,5.9415498372e-05,5.4656438131e-01,1,1,5.9415498372e-05,5.4656438131e-01,1,1
5.0353846154e-01,3.3527556823e-01,3.4071640233e-05,5.9204954179e-05,5.7548630357e-01,1,1,5.9204954179e-05,5.7548630357e-01,1,1
5.0353846154e-01,3.5584115634e-01,3.5747445467e-05,5.9134000884e-05,6.0451592877e-01,1,1,5.9134000884e-05,6.0451592877e-01,1,1
5.0353846154e-01,3.7766822442e-01,3.7505674768e-05,5.9131305256e-05,6.3427780945e-01,1,1,5.9131305256e-05,6.3427780945e-01,1,1
5.0353846154e-01,4.0083415084e-01,3.9121384167e-05,5.9157981840e-05,6.6130356294e-01,1,1,5.9157981840e-05,6.6130356294e-01,1,1
5.0353846154e-01,4.2542106032e-01,4.0806696816e-05,5.9215238524e-05,6.8912492515e-01,1,1,5.9215238524e-05,6.8912492515e-01,1,1
5.0353846154e-01,4.5151611504e-01,4.2851244066e-05,5.8918644554e-05,7.2729514385e-01,1,1,5.8918644554e-05,7.2729514385e-01,1,1
5.0353846154e-01,4.7921182366e-01,4.4352723618e-05,5.8539354237e-05,7.5765652348e-01,1,1,5.8539354237e-05,7.5765652348e-01,1,1
5.0353846154e-01,5.0860636927e-01,4.5906814031e-05,5.8395803132e-05,7.8613207745e-01,1,1,5.8395803132e-05,7.8613207745e-01,1,1
5.0353846154e-01,5.3980395744e-01,4.6763470354e-05,5.8361523591e-05,8.0127226771e-01,1,1,5.8361523591e-05,8.0127226771e-01,1,1
5.0353846154e-01,5.7291518563e-01,4.7214888304e-05,5.8436389854e-05,8.0797065702e-01,1,1,5.8436389854e-05,8.0797065702e-01,1,1
5.0353846154e-01,6.0805743530e-01,4.5817067693e-05,5.8714085816e-05,7.8034200919e-01,1,1,5.8714085816e-05,7.8034200919e-01,1,1
5.0353846154e-01,6.4535528801e-01,4.2755290457e-05,5.9141180877e-05,7.2293602905e-01,1,1,5.9141180877e-05,7.2293602905e-01,1,1
5.0353846154e-01,6.8494096706e-01,3.7757200057e-05,5.9531569598e-05,6.3423827578e-01,1,1,5.9531569598e-05,6.3423827578e-01,1,1
5.0353846154e-01,7.2695480624e-01,3.3343386067e-05,5.9855014471e-05,5.5706921737e-01,1,1,5.9855014471e-05,5.5706921737e-01,1,1
5.0353846154e-01,7.7154574735e-01,2.8990257876e-05,6.0353480838e-05,4.8034110830e-01,1,1,6.0353480838e-05,4.8034110830e-01,1,1
5.0353846154e-01,8.1887186816e-01,4.8908934634e-05,6.1161818774e-05,7.9966449028e-01,1,1,6.1161818774e-05,7.9966449028e-01,1,1
5.0353846154e-01,8.6910094284e-01,6.2759574897e-05,6.2027584927e-05,1.0118010393e+00,1,0,6.2027584927e-05,1.0118010393e+00,1,0
5.0353846154e-01,9.2241103671e-01,7.3447248837e-05,6.1616657962e-05,1.1920031249e+00,1,0,6.1616657962e-05,1.1920031249e+00,1,0
5.0353846154e-01,9.7899113751e-01,6.2896540408e-05,6.0830084764e-05,1.0339709480e+00,1,0,6.0830084764e-05,1.0339709480e+00,1,0
5.0353846154e-01,1.0390418254e+00,8.4729194251e-05,6.2636222914e-05,1.3527187673e+00,1,0,6.2636222914e-05,1.3527187673e+00,1,0
5.0353846154e-01,1.1027759839e+00,9.3678954437e-05,5.8233292392e-05,1.6086838059e+00,1,0,5.8233292392e-05,1.6086838059e+00,1,0
5.0353846154e-01,1.1704195547e+00,9.7998752579e-05,3.8068579326e-05,2.5742687096e+00,1,0,3.8068579326e-05,2.5742687096e+00,1,0
5.0353846154e-01,1.2422123388e+00,1.0121925073e-04,3.7151935591e-05,2.7244677597e+00,1,0,3.7151935591e-05,2.7244677597e+00,1,0
5.0353846154e-01,1.3184088462e+00,1.0303969265e-04,3.6444911954e-05,2.8272723715e+00,1,0,3.6444911954e-05,2.8272723715e+00,1,0
5.0353846154e-01,1.3992791984e+00,1.0275587193e-04,3.5784538798e-05,2.8715158944e+00,1,0,3.5784538798e-05,2.8715158944e+00,1,0
5.0353846154e-01,1.4851100861e+00,1.0406740168e-04,3.6248510107e-05,2.8709428710e+00,1,0,3.6248510107e-05,2.8709428710e+00,1,0
5.0353846154e-01,1.5762057853e+00,1.0672986111e-04,3.6285086888e-05,2.9414249839e+00,1,0,3.6285086888e-05,2.9414249839e+00,1,0
5.0353846154e-01,1.6728892362e+00,1.1306840166e-04,3.6182619626e-05,3.1249368571e+00,1,0,3.6182619626e-05,3.1249368571e+00,1,0
5.0353846154e-01,1.7755031880e+00,1.2346465223e-04,3.6326114022e-05,3.3987850214e+00,1,0,3.6326114022e-05,3.3987850214e+00,1,0
5.0353846154e-01,1.8844114137e+00,1.3199106296e-04,3.6508799500e-05,3.6153219159e+00,1,0,3.6508799500e-05,3.6153219159e+00,1,0
5.0353846154e-01,2.0000000000e+00,1.3683047631e-04,3.6732642207e-05,3.7250376801e+00,1,0,3.6732642207e-05,3.7250376801e+00,1,0
5.0607692308e-01,1.0000000000e-02,1.7715835436e-06,3.6522063196e-06,4.8507214231e-01,1,1,3.6522063196e-06,4.8507214231e-01,1,1
5.0607692308e-01,1.0613393580e-02,1.8791254468e-06,3.7971663038e-06,4.9487573008e-01,1,1,3.7971663038e-06,4.9487573008e-01,1,1
5.0607692308e-01,1.1264412328e-02,1.9931955552e-06,3.9881521346e-06,4.9977921803e-01,1,1,3.9881521346e-06,4.9977921803e-01,1,1
5.0607692308e-01,1.1955364149e-02,2.1001908871e-06,4.2300746676e-06,4.9649026367e-01,1,1,4.2300746676e-06,4.9649026367e-01,1,1
5.0607692308e-01,1.2688698510e-02,2.2129297603e-06,4.4969567918e-06,4.9209495727e-01,1,1,4.4969567918e-06,4.9209495727e-01,1,1
5.0607692308e-01,1.3467015131e-02,2.3545282589e-06,4.7797388208e-06,4.9260604966e-01,1,1,4.7797388208e-06,4.9260604966e-01,1,1
5.0607692308e-01,1.4293073193e-02,2.5051872053e-06,5.1181274357e-06,4.8947339370e-01,1,1,5.1181274357e-06,4.8947339370e-01,1,1
5.0607692308e-01,1.5169801127e-02,2.6394695647e-06,5.5461294188e-06,4.7591200374e-01,1,1,5.5461294188e-06,4.7591200374e-01,1,1
5.0607692308e-01,1.6100306989e-02,2.8001804505e-06,6.0307311757e-06,4.6431856584e-01,1,1,6.0307311757e-06,4.6431856584e-01,1,1
5.0607692308e-01,1.7087889483e-02,2.9706766315e-06,6.5674019979e-06,4.5233665190e-01,1,1,6.5674019979e-06,4.5233665190e-01,1,1
5.0607692308e-01,1.8136049653e-02,3.1515539105e-06,7.1881529787e-06,4.3843723413e-01,1,1,7.1881529787e-06,4.3843723413e-01,1,1
5.0607692308e-01,1.9248503296e-02,3.3434443673e-06,7.9434878453e-06,4.2090381863e-01,1,1,7.9434878453e-06,4.2090381863e-01,1,1
5.0607692308e-01,2.0429194130e-02,3.5470185676e-06,8.7797930974e-06,4.0399796764e-01,1,1,8.7797930974e-06,4.0399796764e-01,1,1
5.0607692308e-01,2.1682307783e-02,3.7629879062e-06,9.7229802275e-06,3.8702001013e-01,1,1,9.7229802275e-06,3.8702001013e-01,1,1
5.0607692308e-01,2.3012286622e-02,3.9921070927e-06,1.0771455396e-05,3.7061909889e-01,1,1,1.0771455396e-05,3.7061909889e-01,1,1
5.0607692308e-01,2.4423845509e-02,4.2351767897e-06,1.1967617822e-05,3.5388636674e-01,1,1,1.1967617822e-05,3.5388636674e-01,1,1
5.0607692308e-01,2.5921988513e-02,4.4930464096e-06,1.3341165670e-05,3.3678064725e-01,1,1,1.3341165670e-05,3.3678064725e-01,1,1
5.0607692308e-01,2.7512026646e-02,4.7666170838e-06,1.4896289771e-05,3.1998686633e-01,1,1,1.4896289771e-05,3.1998686633e-01,1,1
5.0607692308e-01,2.9199596698e-02,5.0568448114e-06,1.6633126394e-05,3.0402250855e-01,1,1,1.6633126394e-05,3.0402250855e-01,1,1
5.0607692308e-01,3.0990681213e-02,5.3647437998e-06,1.8697008421e-05,2.8693059762e-01,1,1,1.8697008421e-05,2.8693059762e-01,1,1
5.0607692308e-01,3.2891629703e-02,5.6913900092e-06,2.1022673898e-05,2.7072626617e-01,1,1,2.1022673898e-05,2.7072626617e-01,1,1
5.0607692308e-01,3.4909181152e-02,6.0731315508e-06,2.3640043508e-05,2.5690018501e-01,1,1,2.3640043508e-05,2.5690018501e-01,1,1
5.0607692308e-01,3.7050487912e-02,6.4804778399e-06,2.6645359742e-05,2.4321224793e-01,1,1,2.6645359742e-05,2.4321224793e-01,1,1
5.0607692308e-01,3.9323141054e-02,6.8482468422e-06,3.0157413763e-05,2.2708335987e-01,1,1,3.0157413763e-05,2.2708335987e-01,1,1
5.0607692308e-01,4.1735197281e-02,7.2805159406e-06,3.4279054172e-05,2.1238963899e-01,1,1,3.3888558685e-05,2.1483698992e-01,1,1
5.0607692308e-01,4.4295207488e-02,7.7400703541e-06,3.9065028846e-05,1.9813297424e-01,1,1,2.9045685032e-05,2.6647918084e-01,1,1
5.0607692308e-01,4.7012247078e-02,8.2286323628e-06,4.4163068538e-05,1.8632383653e-01,1,1,2.5548869083e-05,3.2207423100e-01,1,1
5.0607692308e-01,4.9895948132e-02,8.7480329589e-06,5.0011459966e-05,1.7492056750e-01,1,1,2.3350882261e-05,3.7463393721e-01,1,1
5.0607692308e-01,5.2956533557e-02,9.3002187090e-06,5.0273367326e-05,1.8499295360e-01,1,1,2.1441011518e-05,4.3375839341e-01,1,1
5.0607692308e-01,5.6204853327e-02,9.8872590492e-06,5.0001066668e-05,1.9774096250e-01,1,1,1.9432926652e-05,5.0878898614e-01,1,1
5.0607692308e-01,5.9652422947e-02,1.0511354041e-05,5.0475821715e-05,2.0824532783e-01,1,1,1.8623896035e-05,5.6440145611e-01,1,1
5.0607692308e-01,6.3311464273e-02,1.1174842615e-05,5.2905078688e-05,2.1122438322e-01,1,1,1.7869065001e-05,6.2537366193e-01,1,1
5.0607692308e-01,6.7194948846e-02,1.1880211340e-05,5.4833434033e-05,2.1665999128e-01,1,1,1.7537680504e-05,6.7741063802e-01,1,1
5.0607692308e-01,7.1316643869e-02,1.2630103737e-05,5.6825743558e-05,2.2226024591e-01,1,1,1.7543167571e-05,7.1994431370e-01,1,1
5.0607692308e-01,7.5691161018e-02,1.3427330192e-05,5.8947735060e-05,2.2778364900e-01,1,1,1.7898527482e-05,7.5019189179e-01,1,1
5.0607692308e-01,8.0334008241e-02,1.4192274654e-05,1.7334004422e-05,8.1875337678e-01,1,1,1.7334004422e-05,8.1875337678e-01,1,1
5.0607692308e-01,8.5261644732e-02,1.5093264396e-05,1.6989395418e-05,8.8839326089e-01,1,1,1.6989395418e-05,8.8839326089e-01,1,1
5.0607692308e-01,9.0491539282e-02,1.6051453039e-05,1.6264194838e-05,9.8691962307e-01,1,1,1.6264194838e-05,9.8691962307e-01,1,1
5.0607692308e-01,9.6042232206e-02,1.7070471829e-05,1.5716265586e-05,1.0861659047e+00,1,0,1.5716265586e-05,1.0861659047e+00,1,0
5.0607692308e-01,1.0193340107e-01,1.8154182537e-05,1.5930678436e-05,1.1395737231e+00,1,0,1.5930678436e-05,1.1395737231e+00,1,0
5.0607692308e-01,1.0818593045e-01,1.9306692099e-05,1.6196917243e-05,1.1919979468e+00,1,0,1.6196917243e-05,1.1919979468e+00,1,0
5.0607692308e-01,1.1482198597e-01,2.0532368177e-05,1.6235766332e-05,1.2646380686e+00,1,0,1.6235766332e-05,1.2646380686e+00,1,0
5.0607692308e-01,1.2186509287e-01,2.1835855712e-05,1.6663804962e-05,1.3103763374e+00,1,0,1.6663804962e-05,1.3103763374e+00,1,0
5.0607692308e-01,1.2934021943e-01,2.3222094528e-05,1.7314740124e-05,1.3411748811e+00,1,0,1.7314740124e-05,1.3411748811e+00,1,0
5.0607692308e-01,1.3727386545e-01,2.4696338049e-05,1.8022992808e-05,1.3702684295e+00,1,0,1.8022992808e-05,1.3702684295e+00,1,0
5.0607692308e-01,1.4569415623e-01,2.6264173213e-05,1.8799419053e-05,1.3970736617e+00,1,0,1.8799419053e-05,1.3970736617e+00,1,0
5.0607692308e-01,1.5463094224e-01,2.7775137441e-05,1.9820005731e-05,1.4013687896e+00,1,0,1.9820005731e-05,1.4013687896e+00,1,0
5.0607692308e-01,1.6411590496e-01,2.9541213864e-05,2.1152588350e-05,1.3965767865e+00,1,0,2.1152588350e-05,1.3965767865e+00,1,0
5.0607692308e-01,1.7418266921e-01,3.1419585895e-05,2.2583404669e-05,1.3912687815e+00,1,0,2.2583404669e-05,1.3912687815e+00,1,0
5.0607692308e-01,1.8486692231e-01,3.3417393826e-05,2.4637037068e-05,1.3563885030e+00,1,0,2.4637037068e-05,1.3563885030e+00,1,0
5.0607692308e-01,1.9620654064e-01,3.5322125998e-05,2.6886225741e-05,1.3137629037e+00,1,0,2.6886225741e-05,1.3137629037e+00,1,0
5.0607692308e-01,2.0824172388e-01,3.4375449145e-05,2.9593111446e-05,1.1616030713e+00,1,0,2.9593111446e-05,1.1616030713e+00,1,0
5.0607692308e-01,2.2101513753e-01,3.2420825540e-05,3.2676961883e-05,9.9216156188e-01,1,1,3.2676961883e-05,9.9216156188e-01,1,1
5.0607692308e-01,2.3457206418e-01,3.3147609384e-05,3.6082754484e-05,9.1865518189e-01,1,1,3.6082754484e-05,9.1865518189e-01,1,1
5.0607692308e-01,2.4896056400e-01,3.4199263001e-05,4.0043873096e-05,8.5404483524e-01,1,1,4.0043873096e-05,8.5404483524e-01,1,1
5.0607692308e-01,2.6423164516e-01,3.5734347612e-05,4.4587136337e-05,8.0144971281e-01,1,1,4.4587136337e-05,8.0144971281e-01,1,1
5.0607692308e-01,2.8043944464e-01,3.7338336772e-05,4.9646532665e-05,7.5208347427e-01,1,1,4.9646532665e-05,7.5208347427e-01,1,1
5.0607692308e-01,2.9764142013e-01,3.9271200480e-05,5.5280729900e-05,7.1039583868e-01,1,1,5.5280729900e-05,7.1039583868e-01,1,1
5.0607692308e-01,3.1589855375e-01,4.1304121191e-05,5.8802292515e-05,7.0242365434e-01,1,1,5.8802292515e-05,7.0242365434e-01,1,1
5.0607692308e-01,3.3527556823e-01,4.3442278478e-05,5.8596145582e-05,7.4138457481e-01,1,1,5.8596145582e-05,7.4138457481e-01,1,1
5.0607692308e-01,3.5584115634e-01,4.5388501128e-05,5.8540939767e-05,7.7532921932e-01,1,1,5.8540939767e-05,7.7532921932e-01,1,1
5.0607692308e-01,3.7766822442e-01,4.7421914937e-05,5.8540682609e-05,8.1006767984e-01,1,1,5.8540682609e-05,8.1006767984e-01,1,1
5.0607692308e-01,4.0083415084e-01,4.9846251330e-05,5.8569602361e-05,8.5106009466e-01,1,1,5.8569602361e-05,8.5106009466e-01,1,1
5.0607692308e-01,4.2542106032e-01,5.2394526348e-05,5.8628900091e-05,8.9366381198e-01,1,1,5.8628900091e-05,8.9366381198e-01,1,1
5.0607692308e-01,4.5151611504e-01,5.4412300998e-05,5.8295977515e-05,9.3338002581e-01,1,1,5.8295977515e-05,9.3338002581e-01,1,1
5.0607692308e-01,4.7921182366e-01,5.6507782516e-05,5.7923471726e-05,9.7555931701e-01,1,1,5.7923471726e-05,9.7555931701e-01,1,1
5.0607692308e-01,5.0860636927e-01,5.8683963485e-05,5.7803309774e-05,1.0152353509e+00,1,0,5.7803309774e-05,1.0152353509e+00,1,0
5.0607692308e-01,5.3980395744e-01,5.9256029139e-05,5.7782375317e-05,1.0255035175e+00,1,0,5.7782375317e-05,1.0255035175e+00,1,0
5.0607692308e-01,5.7291518563e-01,5.9833671430e-05,5.7859568809e-05,1.0341188616e+00,1,0,5.7859568809e-05,1.0341188616e+00,1,0
5.0607692308e-01,6.0805743530e-01,5.7537238858e-05,5.8160650382e-05,9.8928121471e-01,1,1,5.8160650382e-05,9.8928121471e-01,1,1
5.0607692308e-01,6.4535528801e-01,5.3452437798e-05,5.8587026106e-05,9.1235963575e-01,1,1,5.8587026106e-05,9.1235963575e-01,1,1
5.0607692308e-01,6.8494096706e-01,4.6926508501e-05,5.8961228386e-05,7.9588756519e-01,1,1,5.8961228386e-05,7.9588756519e-01,1,1
5.0607692308e-01,7.2695480624e-01,4.1625448393e-05,5.9285114114e-05,7.0212310486e-01,1,1,5.9285114114e-05,7.0212310486e-01,1,1
5.0607692308e-01,7.7154574735e-01,4.0956636269e-05,5.9815011008e-05,6.8472170410e-01,1,1,5.9815011008e-05,6.8472170410e-01,1,1
5.0607692308e-01,8.1887186816e-01,6.4319833526e-05,6.0619944349e-05,1.0610341896e+00,1,0,6.0619944349e-05,1.0610341896e+00,1,0
5.0607692308e-01,8.6910094284e-01,8.1562115038e-05,6.1481991860e-05,1.3266017019e+00,1,0,6.1481991860e-05,1.3266017019e+00,1,0
5.0607692308e-01,9.2241103671e-01,9.3853552110e-05,6.0932048505e-05,1.5402986509e+00,1,0,6.0932048505e-05,1.5402986509e+00,1,0
5.0607692308e-01,9.7899113751e-01,7.0297985218e-05,6.0292339739e-05,1.1659521843e+00,1,0,6.0292339739e-05,1.1659521843e+00,1,0
5.0607692308e-01,1.0390418254e+00,1.0945103142e-04,6.2172432429e-05,1.7604431280e+00,1,0,6.2172432429e-05,1.7604431280e+00,1,0
5.0607692308e-01,1.1027759839e+00,1.1950799282e-04,5.4528906636e-05,2.1916447660e+00,1,0,5.4528906636e-05,2.1916447660e+00,1,0
5.0607692308e-01,1.1704195547e+00,1.2480511964e-04,3.7608005611e-05,3.3185785209e+00,1,0,3.7608005611e-05,3.3185785209e+00,1,0
5.0607692308e-01,1.2422123388e+00,1.2840974090e-04,3.6719307000e-05,3.4970632996e+00,1,0,3.6719307000e-05,3.4970632996e+00,1,0
5.0607692308e-01,1.3184088462e+00,1.3038255842e-04,3.6023280172e-05,3.6193971730e+00,1,0,3.6023280172e-05,3.6193971730e+00,1,0
5.0607692308e-01,1.3992791984e+00,1.3006071601e-04,3.5373181128e-05,3.6768170648e+00,1,0,3.5373181128e-05,3.6768170648e+00,1,0
5.0607692308e-01,1.4851100861e+00,1.3227671032e-04,3.5936824737e-05,3.6808124059e+00,1,0,3.5936824737e-05,3.6808124059e+00,1,0
5.0607692308e-01,1.5762057853e+00,1.3549153661e-04,3.5898168815e-05,3.7743300307e+00,1,0,3.5898168815e-05,3.7743300307e+00,1,0
5.0607692308e-01,1.6728892362e+00,1.4496745318e-04,3.5831301422e-05,4.0458327615e+00,1,0,3.5831301422e-05,4.0458327615e+00,1,0
5.0607692308e-01,1.7755031880e+00,1.5784991934e-04,3.5976090859e-05,4.3876339973e+00,1,0,3.5976090859e-05,4.3876339973e+00,1,0
5.0607692308e-01,1.8844114137e+00,1.6776879840e-04,3.6161637324e-05,4.6394137770e+00,1,0,3.6161637324e-05,4.6394137770e+00,1,0
5.0607692308e-01,2.0000000000e+00,1.7437249900e-04,3.6382218320e-05,4.7927945862e+00,1,0,3.6382218320e-05,4.7927945862e+00,1,0
5.0861538462e-01,1.0000000000e-02,2.0819237807e-06,3.6265439880e-06,5.7407928530e-01,1,1,3.6265439880e-06,5.7407928530e-01,1,1
5.0861538462e-01,1.0613393580e-02,2.2082191604e-06,3.7723299752e-06,5.8537274707e-01,1,1,3.7723299752e-06,5.8537274707e-01,1,1
5.0861538462e-01,1.1264412328e-02,2.3421759747e-06,3.9676879559e-06,5.9031254492e-01,1,1,3.9676879559e-06,5.9031254492e-01,1,1
5.0861538462e-01,1.1955364149e-02,2.4699606956e-06,4.2095286310e-06,5.8675469682e-01,1,1,4.2095286310e-06,5.8675469682e-01,1,1
5.0861538462e-01,1.2688698510e-02,2.6047171108e-06,4.4750184844e-06,5.8205728533e-01,1,1,4.4750184844e-06,5.8205728533e-01,1,1
5.0861538462e-01,1.3467015131e-02,2.7697761380e-06,4.7585094039e-06,5.8206801813e-01,1,1,4.7585094039e-06,5.8206801813e-01,1,1
5.0861538462e-01,1.4293073193e-02,2.9452948356e-06,5.0966308772e-06,5.7789055291e-01,1,1,5.0966308772e-06,5.7789055291e-01,1,1
5.0861538462e-01,1.5169801127e-02,3.1071097987e-06,5.5296581904e-06,5.6189907074e-01,1,1,5.5296581904e-06,5.6189907074e-01,1,1
5.0861538462e-01,1.6100306989e-02,3.2967477074e-06,6.0129226306e-06,5.4827708752e-01,1,1,6.0129226306e-06,5.4827708752e-01,1,1
5.0861538462e-01,1.7087889483e-02,3.4979598889e-06,6.5497747429e-06,5.3405804417e-01,1,1,6.5497747429e-06,5.3405804417e-01,1,1
5.0861538462e-01,1.8136049653e-02,3.7114527621e-06,7.1765480085e-06,5.1716406797e-01,1,1,7.1765480085e-06,5.1716406797e-01,1,1
5.0861538462e-01,1.9248503296e-02,3.9379758610e-06,7.9307780799e-06,4.9654344395e-01,1,1,7.9307780799e-06,4.9654344395e-01,1,1
5.0861538462e-01,2.0429194130e-02,4.1783244664e-06,8.7661605456e-06,4.7664247587e-01,1,1,8.7661605456e-06,4.7664247587e-01,1,1
5.0861538462e-01,2.1682307783e-02,4.4333423979e-06,9.7093236557e-06,4.5660671691e-01,1,1,9.7093236557e-06,4.5660671691e-01,1,1
5.0861538462e-01,2.3012286622e-02,4.7039249764e-06,1.0756458455e-05,4.3731168543e-01,1,1,1.0756458455e-05,4.3731168543e-01,1,1
5.0861538462e-01,2.4423845509e-02,4.9910221674e-06,1.1956146975e-05,4.1744402924e-01,1,1,1.1956146975e-05,4.1744402924e-01,1,1
5.0861538462e-01,2.5921988513e-02,5.2956419161e-06,1.3331342243e-05,3.9723246315e-01,1,1,1.3331342243e-05,3.9723246315e-01,1,1
5.0861538462e-01,2.7512026646e-02,5.6188536864e-06,1.4884847438e-05,3.7748816102e-01,1,1,1.4884847438e-05,3.7748816102e-01,1,1
5.0861538462e-01,2.9199596698e-02,5.9617922150e-06,1.6627650366e-05,3.5854688328e-01,1,1,1.6627650366e-05,3.5854688328e-01,1,1
5.0861538462e-01,3.0990681213e-02,6.3628780435e-06,1.8694063991e-05,3.4036890248e-01,1,1,1.8694063991e-05,3.4036890248e-01,1,1
5.0861538462e-01,3.2891629703e-02,6.7909473422e-06,2.1019548859e-05,3.2307769247e-01,1,1,2.1019548859e-05,3.2307769247e-01,1,1
5.0861538462e-01,3.4909181152e-02,7.1766417154e-06,2.3636726781e-05,3.0362248470e-01,1,1,2.3636726781e-05,3.0362248470e-01,1,1
5.0861538462e-01,3.7050487912e-02,7.6305313349e-06,2.6651968014e-05,2.8630273498e-01,1,1,2.6651968014e-05,2.8630273498e-01,1,1
5.0861538462e-01,3.9323141054e-02,8.1131273877e-06,3.0179145949e-05,2.6883223937e-01,1,1,3.0179145949e-05,2.6883223937e-01,1,1
5.0861538462e-01,4.1735197281e-02,8.6262454238e-06,3.4312698870e-05,2.5140095964e-01,1,1,3.3225682073e-05,2.5962583416e-01,1,1
5.0861538462e-01,4.4295207488e-02,9.1718158185e-06,3.9084065629e-05,2.3466892891e-01,1,1,2.8437608682e-05,3.2252415881e-01,1,1
5.0861538462e-01,4.7012247078e-02,9.7518910344e-06,4.4175366365e-05,2.2075404998e-01,1,1,2.5188915374e-05,3.8715009715e-01,1,1
5.0861538462e-01,4.9895948132e-02,1.0368653343e-05,4.9994318394e-05,2.0739663378e-01,1,1,2.2672349110e-05,4.5732593885e-01,1,1
5.0861538462e-01,5.2956533557e-02,1.1024423034e-05,4.9759859414e-05,2.2155253579e-01,1,1,2.1074530896e-05,5.2311593972e-01,1,1
5.0861538462e-01,5.6204853327e-02,1.1721667145e-05,4.9490636990e-05,2.3684615633e-01,1,1,1.9090534713e-05,6.1400412935e-01,1,1
5.0861538462e-01,5.9652422947e-02,1.2463008744e-05,5.0178536143e-05,2.4837330265e-01,1,1,1.8374038346e-05,6.7829447773e-01,1,1
5.0861538462e-01,6.3311464273e-02,1.3251236793e-05,5.2536146874e-05,2.5223084640e-01,1,1,1.7655918246e-05,7.5052662842e-01,1,1
5.0861538462e-01,6.7194948846e-02,1.4089316644e-05,5.4450437608e-05,2.5875488359e-01,1,1,1.7363481515e-05,8.1143384939e-01,1,1
5.0861538462e-01,7.1316643869e-02,1.4980401197e-05,5.6429069020e-05,2.6547312328e-01,1,1,1.7368987220e-05,8.6247983300e-01,1,1
5.0861538462e-01,7.5691161018e-02,1.5927842754e-05,5.8574408024e-05,2.7192494625e-01,1,1,1.7758109098e-05,8.9693348912e-01,1,1
5.0861538462e-01,8.0334008241e-02,1.6935205636e-05,1.7155981894e-05,9.8713123744e-01,1,1,1.7155981894e-05,9.8713123744e-01,1,1
5.0861538462e-01,8.5261644732e-02,1.8006279594e-05,1.6761414611e-05,1.0742696850e+00,1,0,1.6761414611e-05,1.0742696850e+00,1,0
5.0861538462e-01,9.0491539282e-02,1.9038943361e-05,1.6040492108e-05,1.1869301286e+00,1,0,1.6040492108e-05,1.1869301286e+00,1,0
5.0861538462e-01,9.6042232206e-02,2.0251126077e-05,1.5560974553e-05,1.3014047422e+00,1,0,1.5560974553e-05,1.3014047422e+00,1,0
5.0861538462e-01,1.0193340107e-01,2.1540486760e-05,1.5829878818e-05,1.3607486834e+00,1,0,1.5829878818e-05,1.3607486834e+00,1,0
5.0861538462e-01,1.0818593045e-01,2.2911939223e-05,1.5989959147e-05,1.4328954197e+00,1,0,1.5989959147e-05,1.4328954197e+00,1,0
5.0861538462e-01,1.1482198597e-01,2.4370710133e-05,1.6100145574e-05,1.5136950173e+00,1,0,1.6100145574e-05,1.5136950173e+00,1,0
5.0861538462e-01,1.2186509287e-01,2.5922358932e-05,1.6551084957e-05,1.5662030012e+00,1,0,1.6551084957e-05,1.5662030012e+00,1,0
5.0861538462e-01,1.2934021943e-01,2.7572799026e-05,1.7197657408e-05,1.6032880741e+00,1,0,1.7197657408e-05,1.6032880741e+00,1,0
5.0861538462e-01,1.3727386545e-01,2.9328320317e-05,1.7906887025e-05,1.6378234964e+00,1,0,1.7906887025e-05,1.6378234964e+00,1,0
5.0861538462e-01,1.4569415623e-01,3.1195613176e-05,1.8678350531e-05,1.6701481817e+00,1,0,1.8678350531e-05,1.6701481817e+00,1,0
5.0861538462e-01,1.5463094224e-01,3.3181793943e-05,1.9730251204e-05,1.6817725026e+00,1,0,1.9730251204e-05,1.6817725026e+00,1,0
5.0861538462e-01,1.6411590496e-01,3.5294432043e-05,2.1056838411e-05,1.6761505861e+00,1,0,2.1056838411e-05,1.6761505861e+00,1,0
5.0861538462e-01,1.7418266921e-01,3.7541578835e-05,2.2516315116e-05,1.6673056244e+00,1,0,2.2516315116e-05,1.6673056244e+00,1,0
5.0861538462e-01,1.8486692231e-01,3.9689901530e-05,2.4571466763e-05,1.6152841796e+00,1,0,2.4571466763e-05,1.6152841796e+00,1,0
5.0861538462e-01,1.9620654064e-01,4.1961162325e-05,2.6814711129e-05,1.5648560271e+00,1,0,2.6814711129e-05,1.5648560271e+00,1,0
5.0861538462e-01,2.0824172388e-01,3.9676497123e-05,2.9543552718e-05,1.3429832729e+00,1,0,2.9543552718e-05,1.3429832729e+00,1,0
5.0861538462e-01,2.2101513753e-01,3.8443197328e-05,3.2622283921e-05,1.1784336566e+00,1,0,3.2622283921e-05,1.1784336566e+00,1,0
5.0861538462e-01,2.3457206418e-01,3.9262770666e-05,3.6022424704e-05,1.0899535772e+00,1,0,3.6022424704e-05,1.0899535772e+00,1,0
5.0861538462e-01,2.4896056400e-01,4.0642402546e-05,4.0004851848e-05,1.0159368344e+00,1,0,4.0004851848e-05,1.0159368344e+00,1,0
5.0861538462e-01,2.6423164516e-01,4.2490609290e-05,4.4543739553e-05,9.5390754608e-01,1,1,4.4543739553e-05,9.5390754608e-01,1,1
5.0861538462e-01,2.8043944464e-01,4.4422862940e-05,4.9598265823e-05,8.9565355165e-01,1,1,4.9598265823e-05,8.9565355165e-01,1,1
5.0861538462e-01,2.9764142013e-01,4.6723434863e-05,5.5227042396e-05,8.4602457123e-01,1,1,5.5227042396e-05,8.4602457123e-01,1,1
5.0861538462e-01,3.1589855375e-01,4.9143148841e-05,5.8198617838e-05,8.4440405402e-01,1,1,5.8198617838e-05,8.4440405402e-01,1,1
5.0861538462e-01,3.3527556823e-01,5.1688175005e-05,5.7996785508e-05,8.9122482482e-01,1,1,5.7996785508e-05,8.9122482482e-01,1,1
5.0861538462e-01,3.5584115634e-01,5.4037101383e-05,5.7956945900e-05,9.3236626850e-01,1,1,5.7956945900e-05,9.3236626850e-01,1,1
5.0861538462e-01,3.7766822442e-01,5.6492772778e-05,5.7959074832e-05,9.7470107903e-01,1,1,5.7959074832e-05,9.7470107903e-01,1,1
5.0861538462e-01,4.0083415084e-01,5.9060040130e-05,5.7990187740e-05,1.0184488520e+00,1,0,5.7990187740e-05,1.0184488520e+00,1,0
5.0861538462e-01,4.2542106032e-01,6.1743974824e-05,5.8051478937e-05,1.0636072664e+00,1,0,5.8051478937e-05,1.0636072664e+00,1,0
5.0861538462e-01,4.5151611504e-01,6.4549878711e-05,5.7683185252e-05,1.1190415098e+00,1,0,5.7683185252e-05,1.1190415098e+00,1,0
5.0861538462e-01,4.7921182366e-01,6.7483294581e-05,5.7328141456e-05,1.1771408050e+00,1,0,5.7328141456e-05,1.1771408050e+00,1,0
5.0861538462e-01,5.0860636927e-01,6.9300391784e-05,5.7219990103e-05,1.2111220512e+00,1,0,5.7219990103e-05,1.2111220512e+00,1,0
5.0861538462e-01,5.3980395744e-01,7.0397734400e-05,5.7212079731e-05,1.2304697667e+00,1,0,5.7212079731e-05,1.2304697667e+00,1,0
5.0861538462e-01,5.7291518563e-01,7.0427376305e-05,5.7291544337e-05,1.2292804657e+00,1,0,5.7291544337e-05,1.2292804657e+00,1,0
5.0861538462e-01,6.0805743530e-01,6.7711510740e-05,5.7615430585e-05,1.1752322260e+00,1,0,5.7615430585e-05,1.1752322260e+00,1,0
5.0861538462e-01,6.4535528801e-01,6.2479963825e-05,5.8041076637e-05,1.0764783744e+00,1,0,5.8041076637e-05,1.0764783744e+00,1,0
5.0861538462e-01,6.8494096706e-01,5.4748068740e-05,5.8399452856e-05,9.3747571361e-01,1,1,5.8399452856e-05,9.3747571361e-01,1,1
5.0861538462e-01,7.2695480624e-01,4.8847197904e-05,5.8723749051e-05,8.3181334116e-01,1,1,5.8723749051e-05,8.3181334116e-01,1,1
5.0861538462e-01,7.7154574735e-01,5.4948876348e-05,5.9284312384e-05,9.2687043399e-01,1,1,5.9284312384e-05,9.2687043399e-01,1,1
5.0861538462e-01,8.1887186816e-01,7.8748223257e-05,6.0085866545e-05,1.3105947835e+00,1,0,6.0085866545e-05,1.3105947835e+00,1,0
5.0861538462e-01,8.6910094284e-01,9.8821059244e-05,6.0944224125e-05,1.6214999971e+00,1,0,6.0944224125e-05,1.6214999971e+00,1,0
5.0861538462e-01,9.2241103671e-01,1.1139479989e-04,6.0258749653e-05,1.8486078873e+00,1,0,6.0258749653e-05,1.8486078873e+00,1,0
5.0861538462e-01,9.7899113751e-01,7.4705313907e-05,5.9844405180e-05,1.2483257822e+00,1,0,5.9844405180e-05,1.2483257822e+00,1,0
5.0861538462e-01,1.0390418254e+00,1.3171631139e-04,6.1714727427e-05,2.1342768069e+00,1,0,6.1714727427e-05,2.1342768069e+00,1,0
5.0861538462e-01,1.1027759839e+00,1.4243343400e-04,5.0855187221e-05,2.8007651094e+00,1,0,5.0855187221e-05,2.8007651094e+00,1,0
5.0861538462e-01,1.1704195547e+00,1.4856608362e-04,3.7155488184e-05,3.9984963429e+00,1,0,3.7155488184e-05,3.9984963429e+00,1,0
5.0861538462e-01,1.2422123388e+00,1.5258541844e-04,3.6294062108e-05,4.2041427598e+00,1,0,3.6294062108e-05,4.2041427598e+00,1,0
5.0861538462e-01,1.3184088462e+00,1.5447073414e-04,3.5608867800e-05,4.3379849931e+00,1,0,3.5608867800e-05,4.3379849931e+00,1,0
5.0861538462e-01,1.3992791984e+00,1.5420521170e-04,3.5046469083e-05,4.4000213354e+00,1,0,3.5046469083e-05,4.4000213354e+00,1,0
5.0861538462e-01,1.4851100861e+00,1.5730908577e-04,3.5629579691e-05,4.4151260591e+00,1,0,3.5629579691e-05,4.4151260591e+00,1,0
5.0861538462e-01,1.5762057853e+00,1.6047543525e-04,3.5517503022e-05,4.5182071259e+00,1,0,3.5517503022e-05,4.5182071259e+00,1,0
5.0861538462e-01,1.6728892362e+00,1.7369635568e-04,3.5485348722e-05,4.8948752635e+00,1,0,3.5485348722e-05,4.8948752635e+00,1,0
5.0861538462e-01,1.7755031880e+00,1.8800649414e-04,3.5631389928e-05,5.2764288600e+00,1,0,3.5631389928e-05,5.2764288600e+00,1,0
5.0861538462e-01,1.8844114137e+00,1.9945238787e-04,3.5819713360e-05,5.5682295910e+00,1,0,3.5819713360e-05,5.5682295910e+00,1,0
5.0861538462e-01,2.0000000000e+00,2.0792602898e-04,3.6037091533e-05,5.7697783071e+00,1,0,3.6037091533e-05,5.7697783071e+00,1,0
5.1115384615e-01,1.0000000000e-02,2.3697484073e-06,3.6011958152e-06,6.5804486312e-01,1,1,3.6011958152e-06,6.5804486312e-01,1,1
5.1115384615e-01,1.0613393580e-02,2.5134834900e-06,3.7477858904e-06,6.7065824023e-01,1,1,3.7477858904e-06,6.7065824023e-01,1,1
5.1115384615e-01,1.1264412328e-02,2.6659367024e-06,3.9474372575e-06,6.7535885397e-01,1,1,3.9474372575e-06,6.7535885397e-01,1,1
5.1115384615e-01,1.1955364149e-02,2.8276368352e-06,4.1891913786e-06,6.7498392401e-01,1,1,4.1891913786e-06,6.7498392401e-01,1,1
5.1115384615e-01,1.2688698510e-02,2.9785634228e-06,4.4533031490e-06,6.6884362532e-01,1,1,4.4533031490e-06,6.6884362532e-01,1,1
5.1115384615e-01,1.3467015131e-02,3.1551617367e-06,4.7378569009e-06,6.6594703105e-01,1,1,4.7378569009e-06,6.6594703105e-01,1,1
5.1115384615e-01,1.4293073193e-02,3.3422305224e-06,5.0762401701e-06,6.5840669677e-01,1,1,5.0762401701e-06,6.5840669677e-01,1,1
5.1115384615e-01,1.5169801127e-02,3.5403905717e-06,5.5133254980e-06,6.4215156043e-01,1,1,5.5133254980e-06,6.4215156043e-01,1,1
5.1115384615e-01,1.6100306989e-02,3.7502994830e-06,5.9952631779e-06,6.2554376209e-01,1,1,5.9952631779e-06,6.2554376209e-01,1,1
5.1115384615e-01,1.7087889483e-02,3.9726538436e-06,6.5322907184e-06,6.0815631374e-01,1,1,6.5322907184e-06,6.0815631374e-01,1,1
5.1115384615e-01,1.8136049653e-02,4.2346149150e-06,7.1650282645e-06,5.9101161345e-01,1,1,7.1650282645e-06,5.9101161345e-01,1,1
5.1115384615e-01,1.9248503296e-02,4.5138499816e-06,7.9181610505e-06,5.7006291648e-01,1,1,7.9181610505e-06,5.7006291648e-01,1,1
5.1115384615e-01,2.0429194130e-02,4.7715370842e-06,8.7531990095e-06,5.4511922773e-01,1,1,8.7531990095e-06,5.4511922773e-01,1,1
5.1115384615e-01,2.1682307783e-02,5.0439350530e-06,9.6957643086e-06,5.2022046869e-01,1,1,9.6957643086e-06,5.2022046869e-01,1,1
5.1115384615e-01,2.3012286622e-02,5.3834610551e-06,1.0741567600e-05,5.0118020533e-01,1,1,1.0741567600e-05,5.0118020533e-01,1,1
5.1115384615e-01,2.4423845509e-02,5.7458418135e-06,1.1944755412e-05,4.8103469812e-01,1,1,1.1944755412e-05,4.8103469812e-01,1,1
5.1115384615e-01,2.5921988513e-02,6.0670788673e-06,1.3321586790e-05,4.5543214655e-01,1,1,1.3321586790e-05,4.5543214655e-01,1,1
5.1115384615e-01,2.7512026646e-02,6.4470465479e-06,1.4873483356e-05,4.3345908914e-01,1,1,1.4873483356e-05,4.3345908914e-01,1,1
5.1115384615e-01,2.9199596698e-02,6.8508107608e-06,1.6624903662e-05,4.1208123067e-01,1,1,1.6624903662e-05,4.1208123067e-01,1,1
5.1115384615e-01,3.0990681213e-02,7.2798618300e-06,1.8691148806e-05,3.8948177587e-01,1,1,1.8691148806e-05,3.8948177587e-01,1,1
5.1115384615e-01,3.2891629703e-02,7.7357834152e-06,2.1016454859e-05,3.6808222259e-01,1,1,2.1016454859e-05,3.6808222259e-01,1,1
5.1115384615e-01,3.4909181152e-02,8.2202583572e-06,2.3633442996e-05,3.4782314022e-01,1,1,2.3633442996e-05,3.4782314022e-01,1,1
5.1115384615e-01,3.7050487912e-02,8.7350748892e-06,2.6658562038e-05,3.2766489343e-01,1,1,2.6658562038e-05,3.2766489343e-01,1,1
5.1115384615e-01,3.9323141054e-02,9.2821332377e-06,3.0200803715e-05,3.0734722577e-01,1,1,3.0200803715e-05,3.0734722577e-01,1,1
5.1115384615e-01,4.1735197281e-02,9.8634526362e-06,3.4346228434e-05,2.8717716867e-01,1,1,3.2578994129e-05,3.0275497756e-01,1,1
5.1115384615e-01,4.4295207488e-02,1.0481178778e-05,3.9099981531e-05,2.6806096493e-01,1,1,2.8032801007e-05,3.7388981484e-01,1,1
5.1115384615e-01,4.7012247078e-02,1.1137591737e-05,4.4188898389e-05,2.5204501906e-01,1,1,2.4843088087e-05,4.4831752388e-01,1,1
5.1115384615e-01,4.9895948132e-02,1.1835114382e-05,4.9698301086e-05,2.3813921448e-01,1,1,2.2016775500e-05,5.3754985066e-01,1,1
5.1115384615e-01,5.2956533557e-02,1.2576321322e-05,4.9254136489e-05,2.5533533259e-01,1,1,2.0716101760e-05,6.0707953009e-01,1,1
5.1115384615e-01,5.6204853327e-02,1.3363948407e-05,4.9009203207e-05,2.7268242559e-01,1,1,1.8841472817e-05,7.0928363918e-01,1,1
5.1115384615e-01,5.9652422947e-02,1.4200902828e-05,4.9884488679e-05,2.8467572193e-01,1,1,1.8122167290e-05,7.8362055712e-01,1,1
5.1115384615e-01,6.3311464273e-02,1.5090273846e-05,5.2171625312e-05,2.8924293150e-01,1,1,1.7446362876e-05,8.6495242322e-01,1,1
5.1115384615e-01,6.7194948846e-02,1.6035344197e-05,5.4072022651e-05,2.9655528701e-01,1,1,1.7191873399e-05,9.3272814571e-01,1,1
5.1115384615e-01,7.1316643869e-02,1.7039602206e-05,5.6037136801e-05,3.0407696000e-01,1,1,1.7197396398e-05,9.9082453012e-01,1,1
5.1115384615e-01,7.5691161018e-02,1.8106754664e-05,5.8205305050e-05,3.1108426712e-01,1,1,1.7619488868e-05,1.0276549337e+00,1,0
5.1115384615e-01,8.0334008241e-02,1.9240740512e-05,1.6980665517e-05,1.1330969621e+00,1,0,1.6980665517e-05,1.1330969621e+00,1,0
5.1115384615e-01,8.5261644732e-02,2.0445745376e-05,1.6537610077e-05,1.2363180218e+00,1,0,1.6537610077e-05,1.2363180218e+00,1,0
5.1115384615e-01,9.0491539282e-02,2.1850287573e-05,1.5820961363e-05,1.3810973349e+00,1,0,1.5820961363e-05,1.3810973349e+00,1,0
5.1115384615e-01,9.6042232206e-02,2.3351316289e-05,1.5407983566e-05,1.5155335667e+00,1,0,1.5407983566e-05,1.5155335667e+00,1,0
5.1115384615e-01,1.0193340107e-01,2.4688108373e-05,1.5730217861e-05,1.5694702128e+00,1,0,1.5730217861e-05,1.5694702128e+00,1,0
5.1115384615e-01,1.0818593045e-01,2.6269348253e-05,1.5786659745e-05,1.6640219449e+00,1,0,1.5786659745e-05,1.6640219449e+00,1,0
5.1115384615e-01,1.1482198597e-01,2.7951864404e-05,1.5966327856e-05,1.7506758383e+00,1,0,1.5966327856e-05,1.7506758383e+00,1,0
5.1115384615e-01,1.2186509287e-01,2.9742143434e-05,1.6439686247e-05,1.8091673398e+00,1,0,1.6439686247e-05,1.8091673398e+00,1,0
5.1115384615e-01,1.2934021943e-01,3.1647087409e-05,1.7081946660e-05,1.8526628164e+00,1,0,1.7081946660e-05,1.8526628164e+00,1,0
5.1115384615e-01,1.3727386545e-01,3.3674040464e-05,1.7792104862e-05,1.8926395008e+00,1,0,1.7792104862e-05,1.8926395008e+00,1,0
5.1115384615e-01,1.4569415623e-01,3.5830817115e-05,1.8558661767e-05,1.9306789232e+00,1,0,1.8558661767e-05,1.9306789232e+00,1,0
5.1115384615e-01,1.5463094224e-01,3.8125732387e-05,1.9641350076e-05,1.9410953036e+00,1,0,1.9641350076e-05,1.9410953036e+00,1,0
5.1115384615e-01,1.6411590496e-01,4.0567633872e-05,2.0961998511e-05,1.9352941873e+00,1,0,2.0961998511e-05,1.9352941873e+00,1,0
5.1115384615e-01,1.7418266921e-01,4.2905885847e-05,2.2456653195e-05,1.9106090954e+00,1,0,2.2456653195e-05,1.9106090954e+00,1,0
5.1115384615e-01,1.8486692231e-01,4.5378910836e-05,2.4506399386e-05,1.8517167749e+00,1,0,2.4506399386e-05,1.8517167749e+00,1,0
5.1115384615e-01,1.9620654064e-01,4.7994476934e-05,2.6743744727e-05,1.7946057078e+00,1,0,2.6743744727e-05,1.7946057078e+00,1,0
5.1115384615e-01,2.0824172388e-01,4.4694151591e-05,2.9494326598e-05,1.5153474158e+00,1,0,2.9494326598e-05,1.5153474158e+00,1,0
5.1115384615e-01,2.2101513753e-01,4.3982946183e-05,3.2567972630e-05,1.3504969033e+00,1,0,3.2567972630e-05,1.3504969033e+00,1,0
5.1115384615e-01,2.3457206418e-01,4.4951415041e-05,3.5962499190e-05,1.2499524798e+00,1,0,3.5962499190e-05,1.2499524798e+00,1,0
5.1115384615e-01,2.4896056400e-01,4.6628956771e-05,3.9966066584e-05,1.1667136838e+00,1,0,3.9966066584e-05,1.1667136838e+00,1,0
5.1115384615e-01,2.6423164516e-01,4.8781837892e-05,4.4500604916e-05,1.0962061748e+00,1,0,4.4500604916e-05,1.0962061748e+00,1,0
5.1115384615e-01,2.8043944464e-01,5.1034118560e-05,4.9550290235e-05,1.0299459058e+00,1,0,4.9550290235e-05,1.0299459058e+00,1,0
5.1115384615e-01,2.9764142013e-01,5.3390388097e-05,5.5173678524e-05,9.6767860193e-01,1,1,5.5173678524e-05,9.6767860193e-01,1,1
5.1115384615e-01,3.1589855375e-01,5.6363298161e-05,5.7604278571e-05,9.7845680145e-01,1,1,5.7604278571e-05,9.7845680145e-01,1,1
5.1115384615e-01,3.3527556823e-01,5.9111713678e-05,5.7406680045e-05,1.0297009622e+00,1,0,5.7406680045e-05,1.0297009622e+00,1,0
5.1115384615e-01,3.5584115634e-01,6.1994148816e-05,5.7381835212e-05,1.0803793324e+00,1,0,5.7381835212e-05,1.0803793324e+00,1,0
5.1115384615e-01,3.7766822442e-01,6.5017138708e-05,5.7386299086e-05,1.1329731964e+00,1,0,5.7386299086e-05,1.1329731964e+00,1,0
5.1115384615e-01,4.0083415084e-01,6.8187537154e-05,5.7419556324e-05,1.1875315924e+00,1,0,5.7419556324e-05,1.1875315924e+00,1,0
5.1115384615e-01,4.2542106032e-01,7.1512532165e-05,5.7473918064e-05,1.2442606068e+00,1,0,5.7473918064e-05,1.2442606068e+00,1,0
5.1115384615e-01,4.5151611504e-01,7.4276356597e-05,5.7080061433e-05,1.3012662343e+00,1,0,5.7080061433e-05,1.3012662343e+00,1,0
5.1115384615e-01,4.7921182366e-01,7.7146997627e-05,5.6749916167e-05,1.3594204686e+00,1,0,5.6749916167e-05,1.3594204686e+00,1,0
5.1115384615e-01,5.0860636927e-01,7.9401752722e-05,5.6645655706e-05,1.4017271357e+00,1,0,5.6645655706e-05,1.4017271357e+00,1,0
5.1115384615e-01,5.3980395744e-01,8.0617783703e-05,5.6650456672e-05,1.4230738539e+00,1,0,5.6650456672e-05,1.4230738539e+00,1,0
5.1115384615e-01,5.7291518563e-01,8.0311790896e-05,5.6732137652e-05,1.4156313197e+00,1,0,5.6732137652e-05,1.4156313197e+00,1,0
5.1115384615e-01,6.0805743530e-01,7.6923492383e-05,5.7078262675e-05,1.3476845436e+00,1,0,5.7078262675e-05,1.3476845436e+00,1,0
5.1115384615e-01,6.4535528801e-01,7.0512552960e-05,5.7503169158e-05,1.2262376838e+00,1,0,5.7503169158e-05,1.2262376838e+00,1,0
5.1115384615e-01,6.8494096706e-01,6.1696254948e-05,5.7846070645e-05,1.0665591329e+00,1,0,5.7846070645e-05,1.0665591329e+00,1,0
5.1115384615e-01,7.2695480624e-01,5.5393815437e-05,5.8170747803e-05,9.5226239181e-01,1,1,5.8170747803e-05,9.5226239181e-01,1,1
5.1115384615e-01,7.7154574735e-01,6.7925153096e-05,5.8761232951e-05,1.1559518017e+00,1,0,5.8761232951e-05,1.1559518017e+00,1,0
5.1115384615e-01,8.1887186816e-01,9.3224887911e-05,5.9559433108e-05,1.5652413572e+00,1,0,5.9559433108e-05,1.5652413572e+00,1,0
5.1115384615e-01,8.6910094284e-01,1.1463044373e-04,6.0402672173e-05,1.8977710689e+00,1,0,6.0402672173e-05,1.8977710689e+00,1,0
5.1115384615e-01,9.2241103671e-01,1.2682655602e-04,5.9596516526e-05,2.1280867307e+00,1,0,5.9596516526e-05,2.1280867307e+00,1,0
5.1115384615e-01,9.7899113751e-01,7.8400447878e-05,5.9402338090e-05,1.3198209094e+00,1,0,5.9402338090e-05,1.3198209094e+00,1,0
5.1115384615e-01,1.0390418254e+00,1.5231719536e-04,6.1262996452e-05,2.4862837957e+00,1,0,6.1262996452e-05,2.4862837957e+00,1,0
5.1115384615e-01,1.1027759839e+00,1.6374287855e-04,4.7445721927e-05,3.4511621259e+00,1,0,4.7445721927e-05,3.4511621259e+00,1,0
5.1115384615e-01,1.1704195547e+00,1.7060430114e-04,3.6710844680e-05,4.6472453201e+00,1,0,3.6710844680e-05,4.6472453201e+00,1,0
5.1115384615e-01,1.2422123388e+00,1.7502470512e-04,3.5876036797e-05,4.8785964322e+00,1,0,3.5876036797e-05,4.8785964322e+00,1,0
5.1115384615e-01,1.3184088462e+00,1.7661185074e-04,3.5201463154e-05,5.0171735750e+00,1,0,3.5201463154e-05,5.0171735750e+00,1,0
5.1115384615e-01,1.3992791984e+00,1.7658923751e-04,3.4745998486e-05,5.0822899096e+00,1,0,3.4745998486e-05,5.0822899096e+00,1,0
5.1115384615e-01,1.4851100861e+00,1.8051400084e-04,3.5326688427e-05,5.1098477917e+00,1,0,3.5326688427e-05,5.1098477917e+00,1,0
5.1115384615e-01,1.5762057853e+00,1.8452599355e-04,3.5142955913e-05,5.2507248965e+00,1,0,3.5142955913e-05,5.2507248965e+00,1,0
5.1115384615e-01,1.6728892362e+00,2.0059243448e-04,3.5144651487e-05,5.7076233790e+00,1,0,3.5144651487e-05,5.7076233790e+00,1,0
5.1115384615e-01,1.7755031880e+00,2.1805775975e-04,3.5291902390e-05,6.1786910022e+00,1,0,3.5291902390e-05,6.1786910022e+00,1,0
5.1115384615e-01,1.8844114137e+00,2.2899921310e-04,3.5482921049e-05,6.4537869580e+00,1,0,3.5482921049e-05,6.4537869580e+00,1,0
5.1115384615e-01,2.0000000000e+00,2.4048967420e-04,3.5697153916e-05,6.7369425239e+00,1,0,3.5697153916e-05,6.7369425239e+00,1,0
5.1369230769e-01,1.0000000000e-02,2.6428833800e-06,3.5762679439e-06,7.3900597534e-01,1,1,3.5762679439e-06,7.3900597534e-01,1,1
5.1369230769e-01,1.0613393580e-02,2.8032064245e-06,3.7235291098e-06,7.5283590966e-01,1,1,3.7235291098e-06,7.5283590966e-01,1,1
5.1369230769e-01,1.1264412328e-02,2.9732550130e-06,3.9273967039e-06,7.5705492394e-01,1,1,3.9273967039e-06,7.5705492394e-01,1,1
5.1369230769e-01,1.1955364149e-02,3.1536191181e-06,4.1690597043e-06,7.5643414627e-01,1,1,4.1690597043e-06,7.5643414627e-01,1,1
5.1369230769e-01,1.2688698510e-02,3.3240163793e-06,4.4318073638e-06,7.5003629590e-01,1,1,4.4318073638e-06,7.5003629590e-01,1,1
5.1369230769e-01,1.3467015131e-02,3.5036205946e-06,4.7180153591e-06,7.4260474540e-01,1,1,4.7180153591e-06,7.4260474540e-01,1,1
5.1369230769e-01,1.4293073193e-02,3.7310974277e-06,5.0565785146e-06,7.3786996819e-01,1,1,5.0565785146e-06,7.3786996819e-01,1,1
5.1369230769e-01,1.5169801127e-02,3.9733434712e-06,5.4971294434e-06,7.2280333074e-01,1,1,5.4971294434e-06,7.2280333074e-01,1,1
5.1369230769e-01,1.6100306989e-02,4.1951628794e-06,5.9777507826e-06,7.0179621601e-01,1,1,5.9777507826e-06,7.0179621601e-01,1,1
5.1369230769e-01,1.7087889483e-02,4.4553460211e-06,6.5149480022e-06,6.8386516969e-01,1,1,6.5149480022e-06,6.8386516969e-01,1,1
5.1369230769e-01,1.8136049653e-02,4.7316656678e-06,7.1535926559e-06,6.6143906920e-01,1,1,7.1535926559e-06,6.6143906920e-01,1,1
5.1369230769e-01,1.9248503296e-02,5.0251226023e-06,7.9056355761e-06,6.3563802732e-01,1,1,7.9056355761e-06,6.3563802732e-01,1,1
5.1369230769e-01,2.0429194130e-02,5.3367796757e-06,8.7408222991e-06,6.1055807945e-01,1,1,8.7408222991e-06,6.1055807945e-01,1,1
5.1369230769e-01,2.1682307783e-02,5.6677656570e-06,9.6823009641e-06,5.8537383603e-01,1,1,9.6823009641e-06,5.8537383603e-01,1,1
5.1369230769e-01,2.3012286622e-02,6.0192793209e-06,1.0726781502e-05,5.6114495478e-01,1,1,1.0726781502e-05,5.6114495478e-01,1,1
5.1369230769e-01,2.4423845509e-02,6.3925937902e-06,1.1933442144e-05,5.3568733256e-01,1,1,1.1933442144e-05,5.3568733256e-01,1,1
5.1369230769e-01,2.5921988513e-02,6.7890611464e-06,1.3311898460e-05,5.0999946903e-01,1,1,1.3311898460e-05,5.0999946903e-01,1,1
5.1369230769e-01,2.7512026646e-02,7.2101173266e-06,1.4862196553e-05,4.8513133983e-01,1,1,1.4862196553e-05,4.8513133983e-01,1,1
5.1369230769e-01,2.9199596698e-02,7.6572873249e-06,1.6622184105e-05,4.6066673770e-01,1,1,1.6622184105e-05,4.6066673770e-01,1,1
5.1369230769e-01,3.0990681213e-02,8.1321907147e-06,1.8688262433e-05,4.3514964240e-01,1,1,1.8688262433e-05,4.3514964240e-01,1,1
5.1369230769e-01,3.2891629703e-02,8.6365475154e-06,2.1013391437e-05,4.1100207653e-01,1,1,2.1013391437e-05,4.1100207653e-01,1,1
5.1369230769e-01,3.4909181152e-02,9.1721844215e-06,2.3630191666e-05,3.8815531211e-01,1,1,2.3630191666e-05,3.8815531211e-01,1,1
5.1369230769e-01,3.7050487912e-02,9.7410414187e-06,2.6665141799e-05,3.6530994255e-01,1,1,2.6665141799e-05,3.6530994255e-01,1,1
5.1369230769e-01,3.9323141054e-02,1.0345178810e-05,3.0222387595e-05,3.4230183760e-01,1,1,3.0222387595e-05,3.4230183760e-01,1,1
5.1369230769e-01,4.1735197281e-02,1.0986784679e-05,3.4379643741e-05,3.1957238306e-01,1,1,3.1948795537e-05,3.4388728884e-01,1,1
5.1369230769e-01,4.4295207488e-02,1.1742716507e-05,3.9110598456e-05,3.0024384619e-01,1,1,2.7635733167e-05,4.2491061975e-01,1,1
5.1369230769e-01,4.7012247078e-02,1.2478879883e-05,4.4204162881e-05,2.8230101126e-01,1,1,2.4503699136e-05,5.0926514456e-01,1,1
5.1369230769e-01,4.9895948132e-02,1.3261194123e-05,4.9132128606e-05,2.6990880508e-01,1,1,2.1568591815e-05,6.1483819790e-01,1,1
5.1369230769e-01,5.2956533557e-02,1.4092552474e-05,4.8754831717e-05,2.8904935117e-01,1,1,2.0365508342e-05,6.9198137543e-01,1,1
5.1369230769e-01,5.6204853327e-02,1.4976029563e-05,4.8534823494e-05,3.0856256365e-01,1,1,1.8596877908e-05,8.0529805259e-01,1,1
5.1369230769e-01,5.9652422947e-02,1.5914892770e-05,4.9593628023e-05,3.2090599952e-01,1,1,1.7874978205e-05,8.9034473707e-01,1,1
5.1369230769e-01,6.3311464273e-02,1.6912614309e-05,5.1811439540e-05,3.2642625759e-01,1,1,1.7240320883e-05,9.8099185186e-01,1,1
5.1369230769e-01,6.7194948846e-02,1.7972884072e-05,5.3698111788e-05,3.3470234750e-01,1,1,1.7022804951e-05,1.0558121369e+00,1,0
5.1369230769e-01,7.1316643869e-02,1.9099623272e-05,5.5649866854e-05,3.4321058346e-01,1,1,1.7045235165e-05,1.1205256535e+00,1,0
5.1369230769e-01,7.5691161018e-02,2.0296998951e-05,5.7840357517e-05,3.5091413369e-01,1,1,1.7482634936e-05,1.1609805401e+00,1,0
5.1369230769e-01,8.0334008241e-02,2.1569439383e-05,1.6808000945e-05,1.2832840415e+00,1,0,1.6808000945e-05,1.2832840415e+00,1,0
5.1369230769e-01,8.5261644732e-02,2.3057462260e-05,1.6317885055e-05,1.4130178134e+00,1,0,1.6317885055e-05,1.4130178134e+00,1,0
5.1369230769e-01,9.0491539282e-02,2.4509603415e-05,1.5605504575e-05,1.5705742353e+00,1,0,1.5605504575e-05,1.5705742353e+00,1,0
5.1369230769e-01,9.6042232206e-02,2.6053199299e-05,1.5257247330e-05,1.7075950029e+00,1,0,1.5257247330e-05,1.7075950029e+00,1,0
5.1369230769e-01,1.0193340107e-01,2.7694009658e-05,1.5631677101e-05,1.7716595269e+00,1,0,1.5631677101e-05,1.7716595269e+00,1,0
5.1369230769e-01,1.0818593045e-01,2.9438156986e-05,1.5586936606e-05,1.8886428893e+00,1,0,1.5586936606e-05,1.8886428893e+00,1,0
5.1369230769e-01,1.1482198597e-01,3.1292149364e-05,1.5834280388e-05,1.9762280696e+00,1,0,1.5834280388e-05,1.9762280696e+00,1,0
5.1369230769e-01,1.2186509287e-01,3.3262904750e-05,1.6329586859e-05,2.0369716049e+00,1,0,1.6329586859e-05,2.0369716049e+00,1,0
5.1369230769e-01,1.2934021943e-01,3.5357776788e-05,1.6967585072e-05,2.0838426115e+00,1,0,1.6967585072e-05,2.0838426115e+00,1,0
5.1369230769e-01,1.3727386545e-01,3.7584582247e-05,1.7678624732e-05,2.1259901613e+00,1,0,1.7678624732e-05,2.1259901613e+00,1,0
5.1369230769e-01,1.4569415623e-01,3.9951630194e-05,1.8440330265e-05,2.1665355023e+00,1,0,1.8440330265e-05,2.1665355023e+00,1,0
5.1369230769e-01,1.5463094224e-01,4.2467752991e-05,1.9553290026e-05,2.1718980762e+00,1,0,1.9553290026e-05,2.1718980762e+00,1,0
5.1369230769e-01,1.6411590496e-01,4.5142339257e-05,2.0868055517e-05,2.1632269101e+00,1,0,2.0868055517e-05,2.1632269101e+00,1,0
5.1369230769e-01,1.7418266921e-01,4.7985368900e-05,2.2397446872e-05,2.1424481627e+00,1,0,2.2397446872e-05,2.1424481627e+00,1,0
5.1369230769e-01,1.8486692231e-01,5.1007450353e-05,2.4441828588e-05,2.0868917466e+00,1,0,2.4441828588e-05,2.0868917466e+00,1,0
5.1369230769e-01,1.9620654064e-01,5.3761010490e-05,2.6676627315e-05,2.0152851353e+00,1,0,2.6676627315e-05,2.0152851353e+00,1,0
5.1369230769e-01,2.0824172388e-01,4.9514524468e-05,2.9445429194e-05,1.6815691203e+00,1,0,2.9445429194e-05,1.6815691203e+00,1,0
5.1369230769e-01,2.2101513753e-01,4.9212251910e-05,3.2514023725e-05,1.5135700314e+00,1,0,3.2514023725e-05,1.5135700314e+00,1,0
5.1369230769e-01,2.3457206418e-01,5.0356751014e-05,3.5902973221e-05,1.4025788534e+00,1,0,3.5902973221e-05,1.4025788534e+00,1,0
5.1369230769e-01,2.4896056400e-01,5.2317245380e-05,3.9927514694e-05,1.3103055820e+00,1,0,3.9927514694e-05,1.3103055820e+00,1,0
5.1369230769e-01,2.6423164516e-01,5.4768234769e-05,4.4457729530e-05,1.2319170445e+00,1,0,4.4457729530e-05,1.2319170445e+00,1,0
5.1369230769e-01,2.8043944464e-01,5.7334049564e-05,4.9502602683e-05,1.1582027299e+00,1,0,4.9502602683e-05,1.1582027299e+00,1,0
5.1369230769e-01,2.9764142013e-01,6.0020069175e-05,5.5120634715e-05,1.0888856684e+00,1,0,5.5120634715e-05,1.0888856684e+00,1,0
5.1369230769e-01,3.1589855375e-01,6.3308906621e-05,5.7019083920e-05,1.1103108340e+00,1,0,5.7019083920e-05,1.1103108340e+00,1,0
5.1369230769e-01,3.3527556823e-01,6.6392849160e-05,5.6836163286e-05,1.1681444581e+00,1,0,5.6836163286e-05,1.1681444581e+00,1,0
5.1369230769e-01,3.5584115634e-01,6.9627018612e-05,5.6815428270e-05,1.2254949181e+00,1,0,5.6815428270e-05,1.2254949181e+00,1,0
5.1369230769e-01,3.7766822442e-01,7.3018732922e-05,5.6822177133e-05,1.2850393386e+00,1,0,5.6822177133e-05,1.2850393386e+00,1,0
5.1369230769e-01,4.0083415084e-01,7.6575666514e-05,5.6857531031e-05,1.3467990102e+00,1,0,5.6857531031e-05,1.3467990102e+00,1,0
5.1369230769e-01,4.2542106032e-01,8.0305867650e-05,5.6873551641e-05,1.4120072570e+00,1,0,5.6873551641e-05,1.4120072570e+00,1,0
5.1369230769e-01,4.5151611504e-01,8.3346586390e-05,5.6486405054e-05,1.4755158575e+00,1,0,5.6486405054e-05,1.4755158575e+00,1,0
5.1369230769e-01,4.7921182366e-01,8.6502439562e-05,5.6180571168e-05,1.5397216113e+00,1,0,5.6180571168e-05,1.5397216113e+00,1,0
5.1369230769e-01,5.0860636927e-01,8.8910536143e-05,5.6080122968e-05,1.5854197786e+00,1,0,5.6080122968e-05,1.5854197786e+00,1,0
5.1369230769e-01,5.3980395744e-01,9.0266925496e-05,5.6097330535e-05,1.6091126732e+00,1,0,5.6097330535e-05,1.6091126732e+00,1,0
5.1369230769e-01,5.7291518563e-01,8.9475239300e-05,5.6181174487e-05,1.5926195940e+00,1,0,5.6181174487e-05,1.5926195940e+00,1,0
5.1369230769e-01,6.0805743530e-01,8.5403246263e-05,5.6548986971e-05,1.5102524526e+00,1,0,5.6548986971e-05,1.5102524526e+00,1,0
5.1369230769e-01,6.4535528801e-01,7.7799781724e-05,5.6973144413e-05,1.3655518319e+00,1,0,5.6973144413e-05,1.3655518319e+00,1,0
5.1369230769e-01,6.8494096706e-01,6.8050696732e-05,5.7300913714e-05,1.1876022967e+00,1,0,5.7300913714e-05,1.1876022967e+00,1,0
5.1369230769e-01,7.2695480624e-01,6.1423863964e-05,5.7625943189e-05,1.0659064401e+00,1,0,5.7625943189e-05,1.0659064401e+00,1,0
5.1369230769e-01,7.7154574735e-01,7.9549099636e-05,5.8245624423e-05,1.3657523706e+00,1,0,5.8245624423e-05,1.3657523706e+00,1,0
5.1369230769e-01,8.1887186816e-01,1.0674347672e-04,5.9040495517e-05,1.8079705426e+00,1,0,5.9040495517e-05,1.8079705426e+00,1,0
5.1369230769e-01,8.6910094284e-01,1.3052857577e-04,5.9738569357e-05,2.1849966810e+00,1,0,5.9738569357e-05,2.1849966810e+00,1,0
5.1369230769e-01,9.2241103671e-01,1.4029725101e-04,5.8945110768e-05,2.3801338090e+00,1,0,5.8945110768e-05,2.3801338090e+00,1,0
5.1369230769e-01,9.7899113751e-01,8.3184696161e-05,5.8966031348e-05,1.4107223135e+00,1,0,5.8966031348e-05,1.4107223135e+00,1,0
5.1369230769e-01,1.0390418254e+00,1.7196223854e-04,6.0817130647e-05,2.8275296238e+00,1,0,6.0817130647e-05,2.8275296238e+00,1,0
5.1369230769e-01,1.1027759839e+00,1.8402863484e-04,4.3103515088e-05,4.2694577103e+00,1,0,4.3103515088e-05,4.2694577103e+00,1,0
5.1369230769e-01,1.1704195547e+00,1.9149592145e-04,3.6273897777e-05,5.2791658239e+00,1,0,3.6273897777e-05,5.2791658239e+00,1,0
5.1369230769e-01,1.2422123388e+00,1.9614487246e-04,3.5465071418e-05,5.5306493013e+00,1,0,3.5465071418e-05,5.5306493013e+00,1,0
5.1369230769e-01,1.3184088462e+00,1.9754699285e-04,3.4800911685e-05,5.6764890137e+00,1,0,3.4800911685e-05,5.6764890137e+00,1,0
5.1369230769e-01,1.3992791984e+00,1.9774784334e-04,3.4449781411e-05,5.7401770124e+00,1,0,3.4449781411e-05,5.7401770124e+00,1,0
5.1369230769e-01,1.4851100861e+00,2.0248325031e-04,3.5028066529e-05,5.7806002551e+00,1,0,3.5028066529e-05,5.7806002551e+00,1,0
5.1369230769e-01,1.5762057853e+00,2.0733205463e-04,3.4774397423e-05,5.9622040924e+00,1,0,3.4774397423e-05,5.9622040924e+00,1,0
5.1369230769e-01,1.6728892362e+00,2.2647340016e-04,3.4809102490e-05,6.5061545388e+00,1,0,3.4809102490e-05,6.5061545388e+00,1,0
5.1369230769e-01,1.7755031880e+00,2.4549436136e-04,3.4957522182e-05,7.0226476604e+00,1,0,3.4957522182e-05,7.0226476604e+00,1,0
5.1369230769e-01,1.8844114137e+00,2.5748317960e-04,3.5151156539e-05,7.3250272524e+00,1,0,3.5151156539e-05,7.3250272524e+00,1,0
5.1369230769e-01,2.0000000000e+00,2.7005747672e-04,3.5362300286e-05,7.6368752750e+00,1,0,3.5362300286e-05,7.6368752750e+00,1,0
5.1623076923e-01,1.0000000000e-02,2.9054881796e-06,3.5518513798e-06,8.1802076406e-01,1,1,3.5518513798e-06,8.1802076406e-01,1,1
5.1623076923e-01,1.0613393580e-02,3.0818199691e-06,3.6995548023e-06,8.3302454858e-01,1,1,3.6995548023e-06,8.3302454858e-01,1,1
5.1623076923e-01,1.1264412328e-02,3.2688531961e-06,3.9075630289e-06,8.3654522574e-01,1,1,3.9075630289e-06,8.3654522574e-01,1,1
5.1623076923e-01,1.1955364149e-02,3.4672373223e-06,4.1491304670e-06,8.3565396411e-01,1,1,4.1491304670e-06,8.3565396411e-01,1,1
5.1623076923e-01,1.2688698510e-02,3.6563063716e-06,4.4105277771e-06,8.2899520337e-01,1,1,4.4105277771e-06,8.2899520337e-01,1,1
5.1623076923e-01,1.3467015131e-02,3.8556853887e-06,4.6983856575e-06,8.2064046457e-01,1,1,4.6983856575e-06,8.2064046457e-01,1,1
5.1623076923e-01,1.4293073193e-02,4.1048119324e-06,5.0413253876e-06,8.1423269018e-01,1,1,5.0413253876e-06,8.1423269018e-01,1,1
5.1623076923e-01,1.5169801127e-02,4.3700352342e-06,5.4810681640e-06,7.9729627573e-01,1,1,5.4810681640e-06,7.9729627573e-01,1,1
5.1623076923e-01,1.6100306989e-02,4.6175154324e-06,5.9603834476e-06,7.7470106966e-01,1,1,5.9603834476e-06,7.7470106966e-01,1,1
5.1623076923e-01,1.7087889483e-02,4.8790107233e-06,6.4977447082e-06,7.5087756482e-01,1,1,6.4977447082e-06,7.5087756482e-01,1,1
5.1623076923e-01,1.8136049653e-02,5.2094386899e-06,7.1422401117e-06,7.2938442400e-01,1,1,7.1422401117e-06,7.2938442400e-01,1,1
5.1623076923e-01,1.9248503296e-02,5.5308177024e-06,7.8932004969e-06,7.0070660242e-01,1,1,7.8932004969e-06,7.0070660242e-01,1,1
5.1623076923e-01,2.0429194130e-02,5.8720231253e-06,8.7286435227e-06,6.7273031715e-01,1,1,8.7286435227e-06,6.7273031715e-01,1,1
5.1623076923e-01,2.1682307783e-02,6.2342780832e-06,9.6689324220e-06,6.4477419131e-01,1,1,9.6689324220e-06,6.4477419131e-01,1,1
5.1623076923e-01,2.3012286622e-02,6.6188811572e-06,1.0712194160e-05,6.1788285934e-01,1,1,1.0712194160e-05,6.1788285934e-01,1,1
5.1623076923e-01,2.4423845509e-02,7.0272110400e-06,1.1922206201e-05,5.8942203495e-01,1,1,1.1922206201e-05,5.8942203495e-01,1,1
5.1623076923e-01,2.5921988513e-02,7.4607314784e-06,1.3302276415e-05,5.6086125756e-01,1,1,1.3302276415e-05,5.6086125756e-01,1,1
5.1623076923e-01,2.7512026646e-02,7.9209965199e-06,1.4850986073e-05,5.3336502244e-01,1,1,1.4850986073e-05,5.3336502244e-01,1,1
5.1623076923e-01,2.9199596698e-02,8.4096560840e-06,1.6619491293e-05,5.0601164234e-01,1,1,1.6619491293e-05,5.0601164234e-01,1,1
5.1623076923e-01,3.0990681213e-02,8.9284618764e-06,1.8685404445e-05,4.7783080652e-01,1,1,1.8685404445e-05,4.7783080652e-01,1,1
5.1623076923e-01,3.2891629703e-02,9.5392079776e-06,2.1010358143e-05,4.5402405389e-01,1,1,2.1010358143e-05,4.5402405389e-01,1,1
5.1623076923e-01,3.4909181152e-02,1.0191731801e-05,2.3626972312e-05,4.3136004337e-01,1,1,2.3626972312e-05,4.3136004337e-01,1,1
5.1623076923e-01,3.7050487912e-02,1.0775634566e-05,2.6671707281e-05,4.0400992905e-01,1,1,2.6671707281e-05,4.0400992905e-01,1,1
5.1623076923e-01,3.9323141054e-02,1.1462511184e-05,3.0243898118e-05,3.7900244006e-01,1,1,3.0243898118e-05,3.7900244006e-01,1,1
5.1623076923e-01,4.1735197281e-02,1.2193171719e-05,3.4412945659e-05,3.5431932620e-01,1,1,3.1476184751e-05,3.8737768936e-01,1,1
5.1623076923e-01,4.4295207488e-02,1.2970407110e-05,3.9121032928e-05,3.3154561981e-01,1,1,2.7246219747e-05,4.7604428175e-01,1,1
5.1623076923e-01,4.7012247078e-02,1.3797186202e-05,4.4225433584e-05,3.1197401776e-01,1,1,2.4170597503e-05,5.7082520201e-01,1,1
5.1623076923e-01,4.9895948132e-02,1.4676667084e-05,4.8575172166e-05,3.0214338786e-01,1,1,2.1275512682e-05,6.8983846846e-01,1,1
5.1623076923e-01,5.2956533557e-02,1.5612209152e-05,4.8257406043e-05,3.2351944360e-01,1,1,2.0022541689e-05,7.7973163424e-01,1,1
5.1623076923e-01,5.6204853327e-02,1.6607385942e-05,4.8067360103e-05,3.4550235142e-01,1,1,1.8356648249e-05,9.0470687879e-01,1,1
5.1623076923e-01,5.9652422947e-02,1.7665998780e-05,4.9305903937e-05,3.5829378166e-01,1,1,1.7632361436e-05,1.0019077050e+00,1,0
5.1623076923e-01,6.3311464273e-02,1.8792091301e-05,5.1455516716e-05,3.6521042835e-01,1,1,1.7037716327e-05,1.1029700777e+00,1,0
5.1623076923e-01,6.7194948846e-02,1.9989964895e-05,5.3328629326e-05,3.7484490316e-01,1,1,1.6856226226e-05,1.1859098607e+00,1,0
5.1623076923e-01,7.1316643869e-02,2.1264195141e-05,5.5267180874e-05,3.8475266523e-01,1,1,1.6913431674e-05,1.2572371799e+00,1,0
5.1623076923e-01,7.5691161018e-02,2.2619649276e-05,5.7479498253e-05,3.9352551716e-01,1,1,1.7347516165e-05,1.3039128519e+00,1,0
5.1623076923e-01,8.0334008241e-02,2.4061504797e-05,1.6637935183e-05,1.4461833474e+00,1,0,1.6637935183e-05,1.4461833474e+00,1,0
5.1623076923e-01,8.5261644732e-02,2.5595269229e-05,1.6102145489e-05,1.5895564506e+00,1,0,1.6102145489e-05,1.5895564506e+00,1,0
5.1623076923e-01,9.0491539282e-02,2.7226801168e-05,1.5394026493e-05,1.7686601476e+00,1,0,1.5394026493e-05,1.7686601476e+00,1,0
5.1623076923e-01,9.6042232206e-02,2.8962332657e-05,1.5108721663e-05,1.9169280699e+00,1,0,1.5108721663e-05,1.9169280699e+00,1,0
5.1623076923e-01,1.0193340107e-01,3.0635177833e-05,1.5534238464e-05,1.9721068338e+00,1,0,1.5534238464e-05,1.9721068338e+00,1,0
5.1623076923e-01,1.0818593045e-01,3.2594636511e-05,1.5414361493e-05,2.1145628722e+00,1,0,1.5414361493e-05,2.1145628722e+00,1,0
5.1623076923e-01,1.1482198597e-01,3.4679424258e-05,1.5703971131e-05,2.2083219567e+00,1,0,1.5703971131e-05,2.2083219567e+00,1,0
5.1623076923e-01,1.2186509287e-01,3.6897557254e-05,1.6220765291e-05,2.2747112476e+00,1,0,1.6220765291e-05,2.2747112476e+00,1,0
5.1623076923e-01,1.2934021943e-01,3.9257564405e-05,1.6854550326e-05,2.3291967834e+00,1,0,1.6854550326e-05,2.3291967834e+00,1,0
5.1623076923e-01,1.3727386545e-01,4.1768520132e-05,1.7566425507e-05,2.3777472609e+00,1,0,1.7566425507e-05,2.3777472609e+00,1,0
5.1623076923e-01,1.4569415623e-01,4.4440079269e-05,1.8323334007e-05,2.4253271403e+00,1,0,1.8323334007e-05,2.4253271403e+00,1,0
5.1623076923e-01,1.5463094224e-01,4.7282514179e-05,1.9466058971e-05,2.4289721021e+00,1,0,1.9466058971e-05,2.4289721021e+00,1,0
5.1623076923e-01,1.6411590496e-01,5.0306754261e-05,2.0774996549e-05,2.4215048191e+00,1,0,2.0774996549e-05,2.4215048191e+00,1,0
5.1623076923e-01,1.7418266921e-01,5.3524427967e-05,2.2338690420e-05,2.3960414402e+00,1,0,2.2338690420e-05,2.3960414402e+00,1,0
5.1623076923e-01,1.8486692231e-01,5.6947907518e-05,2.4377748129e-05,2.3360610347e+00,1,0,2.4377748129e-05,2.3360610347e+00,1,0
5.1623076923e-01,1.9620654064e-01,5.9125511748e-05,2.6622861378e-05,2.2208548851e+00,1,0,2.6622861378e-05,2.2208548851e+00,1,0
5.1623076923e-01,2.0824172388e-01,5.4181969728e-05,2.9396856683e-05,1.8431211987e+00,1,0,2.9396856683e-05,1.8431211987e+00,1,0
5.1623076923e-01,2.2101513753e-01,5.4211133311e-05,3.2460432992e-05,1.6700680895e+00,1,0,3.2460432992e-05,1.6700680895e+00,1,0
5.1623076923e-01,2.3457206418e-01,5.5556484922e-05,3.5843842155e-05,1.5499589771e+00,1,0,3.5843842155e-05,1.5499589771e+00,1,0
5.1623076923e-01,2.4896056400e-01,5.7790543803e-05,3.9889193608e-05,1.4487769387e+00,1,0,3.9889193608e-05,1.4487769387e+00,1,0
5.1623076923e-01,2.6423164516e-01,6.0535065843e-05,4.4415110543e-05,1.3629385383e+00,1,0,4.4415110543e-05,1.3629385383e+00,1,0
5.1623076923e-01,2.8043944464e-01,6.3409927567e-05,4.9455200004e-05,1.2821690654e+00,1,0,4.9455200004e-05,1.2821690654e+00,1,0
5.1623076923e-01,2.9764142013e-01,6.6421318918e-05,5.5067907456e-05,1.2061711074e+00,1,0,5.5067907456e-05,1.2061711074e+00,1,0
5.1623076923e-01,3.1589855375e-01,6.9998673723e-05,5.6442847920e-05,1.2401690613e+00,1,0,5.6442847920e-05,1.2401690613e+00,1,0
5.1623076923e-01,3.3527556823e-01,7.3768699611e-05,5.6275869071e-05,1.3108407001e+00,1,0,5.6275869071e-05,1.3108407001e+00,1,0
5.1623076923e-01,3.5584115634e-01,7.7109511489e-05,5.6257550140e-05,1.3706517845e+00,1,0,5.6257550140e-05,1.3706517845e+00,1,0
5.1623076923e-01,3.7766822442e-01,8.0601620924e-05,5.6266535205e-05,1.4324966098e+00,1,0,5.6266535205e-05,1.4324966098e+00,1,0
5.1623076923e-01,4.0083415084e-01,8.4251879828e-05,5.6303939218e-05,1.4963762926e+00,1,0,5.6303939218e-05,1.4963762926e+00,1,0
5.1623076923e-01,4.2542106032e-01,8.8067450421e-05,5.6282579935e-05,1.5647372690e+00,1,0,5.6282579935e-05,1.5647372690e+00,1,0
5.1623076923e-01,4.5151611504e-01,9.2055819282e-05,5.5902020274e-05,1.6467351060e+00,1,0,5.5902020274e-05,1.6467351060e+00,1,0
5.1623076923e-01,4.7921182366e-01,9.6224812041e-05,5.5619925680e-05,1.7300420823e+00,1,0,5.5619925680e-05,1.7300420823e+00,1,0
5.1623076923e-01,5.0860636927e-01,9.8000743882e-05,5.5523212929e-05,1.7650409389e+00,1,0,5.5523212929e-05,1.7650409389e+00,1,0
5.1623076923e-01,5.3980395744e-01,9.9809452444e-05,5.5552530130e-05,1.7966679863e+00,1,0,5.5552530130e-05,1.7966679863e+00,1,0
5.1623076923e-01,5.7291518563e-01,9.8050162631e-05,5.5644253388e-05,1.7620896438e+00,1,0,5.5644253388e-05,1.7620896438e+00,1,0
5.1623076923e-01,6.0805743530e-01,9.3374681621e-05,5.6027447749e-05,1.6665881701e+00,1,0,5.6027447749e-05,1.6665881701e+00,1,0
5.1623076923e-01,6.4535528801e-01,8.4533380267e-05,5.6450847088e-05,1.4974687649e+00,1,0,5.6450847088e-05,1.4974687649e+00,1,0
5.1623076923e-01,6.8494096706e-01,7.3945700995e-05,5.6763818219e-05,1.3026907512e+00,1,0,5.6763818219e-05,1.3026907512e+00,1,0
5.1623076923e-01,7.2695480624e-01,6.7084563498e-05,5.7089172192e-05,1.1750838368e+00,1,0,5.7089172192e-05,1.1750838368e+00,1,0
5.1623076923e-01,7.7154574735e-01,9.0743985063e-05,5.7737342136e-05,1.5716689010e+00,1,0,5.7737342136e-05,1.5716689010e+00,1,0
5.1623076923e-01,8.1887186816e-01,1.2018831366e-04,5.8528908871e-05,2.0534863195e+00,1,0,5.8528908871e-05,2.0534863195e+00,1,0
5.1623076923e-01,8.6910094284e-01,1.4605125578e-04,5.9085302395e-05,2.4718711736e+00,1,0,5.9085302395e-05,2.4718711736e+00,1,0
5.1623076923e-01,9.2241103671e-01,1.5190020848e-04,5.8304300334e-05,2.6053002541e+00,1,0,5.8304300334e-05,2.6053002541e+00,1,0
5.1623076923e-01,9.7899113751e-01,9.2078629277e-05,5.8535380321e-05,1.5730422997e+00,1,0,5.8535380321e-05,1.5730422997e+00,1,0
5.1623076923e-01,1.0390418254e+00,1.9095724552e-04,6.0377023678e-05,3.1627469175e+00,1,0,6.0377023678e-05,3.1627469175e+00,1,0
5.1623076923e-01,1.1027759839e+00,2.0359661181e-04,3.8661319707e-05,5.2661578383e+00,1,0,3.8661319707e-05,5.2661578383e+00,1,0
5.1623076923e-01,1.1704195547e+00,2.1144546018e-04,3.5844475025e-05,5.8989693677e+00,1,0,3.5844475025e-05,5.8989693677e+00,1,0
5.1623076923e-01,1.2422123388e+00,2.1628115648e-04,3.5061010649e-05,6.1687085592e+00,1,0,3.5061010649e-05,6.1687085592e+00,1,0
5.1623076923e-01,1.3184088462e+00,2.1757174049e-04,3.4407063020e-05,6.3234615627e+00,1,0,3.4407063020e-05,6.3234615627e+00,1,0
5.1623076923e-01,1.3992791984e+00,2.1887002562e-04,3.4157735593e-05,6.4076269055e+00,1,0,3.4157735593e-05,6.4076269055e+00,1,0
5.1623076923e-01,1.4851100861e+00,2.2343961259e-04,3.4686796440e-05,6.4416329994e+00,1,0,3.4686796440e-05,6.4416329994e+00,1,0
5.1623076923e-01,1.5762057853e+00,2.3043753335e-04,3.4411700904e-05,6.6964877440e+00,1,0,3.4411700904e-05,6.6964877440e+00,1,0
5.1623076923e-01,1.6728892362e+00,2.5159208095e-04,3.4478597232e-05,7.2970509577e+00,1,0,3.4478597232e-05,7.2970509577e+00,1,0
5.1623076923e-01,1.7755031880e+00,2.7243198965e-04,3.4628145933e-05,7.8673570966e+00,1,0,3.4628145933e-05,7.8673570966e+00,1,0
5.1623076923e-01,1.8844114137e+00,2.8481522525e-04,3.4824318604e-05,8.1786302407e+00,1,0,3.4824318604e-05,8.1786302407e+00,1,0
5.1623076923e-01,2.0000000000e+00,2.9776133354e-04,3.5032428122e-05,8.4995916499e+00,1,0,3.5032428122e-05,8.4995916499e+00,1,0
5.1876923077e-01,1.0000000000e-02,3.1600561467e-06,3.5283773890e-06,8.9561172130e-01,1,1,3.5283773890e-06,8.9561172130e-01,1,1
5.1876923077e-01,1.0613393580e-02,3.3519235616e-06,3.6758709925e-06,9.1187192600e-01,1,1,3.6758709925e-06,9.1187192600e-01,1,1
5.1876923077e-01,1.1264412328e-02,3.5554404863e-06,3.8879330333e-06,9.1448089661e-01,1,1,3.8879330333e-06,9.1448089661e-01,1,1
5.1876923077e-01,1.1955364149e-02,3.7713142376e-06,4.1294005898e-06,9.1328369714e-01,1,1,4.1294005898e-06,9.1328369714e-01,1,1
5.1876923077e-01,1.2688698510e-02,4.0002950784e-06,4.3894611052e-06,9.1134081896e-01,1,1,4.3894611052e-06,9.1134081896e-01,1,1
5.1876923077e-01,1.3467015131e-02,4.2144376997e-06,4.6789405147e-06,9.0072478726e-01,1,1,4.6789405147e-06,9.0072478726e-01,1,1
5.1876923077e-01,1.4293073193e-02,4.4671178698e-06,5.0265885176e-06,8.8869774285e-01,1,1,5.0265885176e-06,8.8869774285e-01,1,1
5.1876923077e-01,1.5169801127e-02,4.7349476928e-06,5.4651398324e-06,8.6639095028e-01,1,1,5.4651398324e-06,8.6639095028e-01,1,1
5.1876923077e-01,1.6100306989e-02,5.0188354789e-06,5.9431614801e-06,8.4447233946e-01,1,1,5.9431614801e-06,8.4447233946e-01,1,1
5.1876923077e-01,1.7087889483e-02,5.3197439969e-06,6.4806789848e-06,8.2086213641e-01,1,1,6.4806789848e-06,8.2086213641e-01,1,1
5.1876923077e-01,1.8136049653e-02,5.6727937719e-06,7.1309695799e-06,7.9551507103e-01,1,1,7.1309695799e-06,7.9551507103e-01,1,1
5.1876923077e-01,1.9248503296e-02,6.0492740247e-06,7.8808546737e-06,7.6759111482e-01,1,1,7.8808546737e-06,7.6759111482e-01,1,1
5.1876923077e-01,2.0429194130e-02,6.3997768056e-06,8.7165505982e-06,7.3420979245e-01,1,1,8.7165505982e-06,7.3420979245e-01,1,1
5.1876923077e-01,2.1682307783e-02,6.7705881720e-06,9.6556575034e-06,7.0120425975e-01,1,1,9.6556575034e-06,7.0120425975e-01,1,1
5.1876923077e-01,2.3012286622e-02,7.2264121690e-06,1.0697830209e-05,6.7550260452e-01,1,1,1.0697830209e-05,6.7550260452e-01,1,1
5.1876923077e-01,2.4423845509e-02,7.7129241227e-06,1.1911046630e-05,6.4754377701e-01,1,1,1.1911046630e-05,6.4754377701e-01,1,1
5.1876923077e-01,2.5921988513e-02,8.1532894317e-06,1.3292719832e-05,6.1336502498e-01,1,1,1.3292719832e-05,6.1336502498e-01,1,1
5.1876923077e-01,2.7512026646e-02,8.6187971644e-06,1.4839850977e-05,5.8078731235e-01,1,1,1.4839850977e-05,5.8078731235e-01,1,1
5.1876923077e-01,2.9199596698e-02,9.2093554703e-06,1.6616824834e-05,5.5421872483e-01,1,1,1.6616824834e-05,5.5421872483e-01,1,1
5.1876923077e-01,3.0990681213e-02,9.7827561810e-06,1.8682574428e-05,5.2362998572e-01,1,1,1.8682574428e-05,5.2362998572e-01,1,1
5.1876923077e-01,3.2891629703e-02,1.0391858454e-05,2.1007354534e-05,4.9467715875e-01,1,1,2.1007354534e-05,4.9467715875e-01,1,1
5.1876923077e-01,3.4909181152e-02,1.1038885169e-05,2.3624462057e-05,4.6726503836e-01,1,1,2.3624462057e-05,4.6726503836e-01,1,1
5.1876923077e-01,3.7050487912e-02,1.1726197611e-05,2.6678258472e-05,4.3954134501e-01,1,1,2.6678258472e-05,4.3954134501e-01,1,1
5.1876923077e-01,3.9323141054e-02,1.2456304085e-05,3.0265335811e-05,4.1156999422e-01,1,1,3.0265335811e-05,4.1156999422e-01,1,1
5.1876923077e-01,4.1735197281e-02,1.3231869067e-05,3.4446135049e-05,3.8413218343e-01,1,1,3.1012849201e-05,4.2665764055e-01,1,1
5.1876923077e-01,4.4295207488e-02,1.4139091288e-05,3.9131439162e-05,3.6132305866e-01,1,1,2.6864080662e-05,5.2631956647e-01,1,1
5.1876923077e-01,4.7012247078e-02,1.5108515768e-05,4.4246631664e-05,3.4146137684e-01,1,1,2.3843636433e-05,6.3364981305e-01,1,1
5.1876923077e-01,4.9895948132e-02,1.5980616349e-05,4.8027237175e-05,3.3274069651e-01,1,1,2.0987834097e-05,7.6142284502e-01,1,1
5.1876923077e-01,5.2956533557e-02,1.7001717262e-05,4.7761117088e-05,3.5597402864e-01,1,1,1.9686999411e-05,8.6360124805e-01,1,1
5.1876923077e-01,5.6204853327e-02,1.8088062660e-05,4.7606678645e-05,3.7994800677e-01,1,1,1.8120684907e-05,9.9819972330e-01,1,1
5.1876923077e-01,5.9652422947e-02,1.9243821418e-05,4.9021267222e-05,3.9256066822e-01,1,1,1.7394210417e-05,1.1063348641e+00,1,0
5.1876923077e-01,6.3311464273e-02,2.0473428787e-05,5.1103785577e-05,4.0062450474e-01,1,1,1.6838475276e-05,1.2158718917e+00,1,0
5.1876923077e-01,6.7194948846e-02,2.1781603414e-05,5.2963501211e-05,4.1125686399e-01,1,1,1.6692088501e-05,1.3049058189e+00,1,0
5.1876923077e-01,7.1316643869e-02,2.3173365450e-05,5.4889002249e-05,4.2218594801e-01,1,1,1.6783291886e-05,1.3807401794e+00,1,0
5.1876923077e-01,7.5691161018e-02,2.4654055813e-05,5.7122661498e-05,4.3159851391e-01,1,1,1.7214245792e-05,1.4321891363e+00,1,0
5.1876923077e-01,8.0334008241e-02,2.6229356687e-05,1.6470416553e-05,1.5925132557e+00,1,0,1.6470416553e-05,1.5925132557e+00,1,0
5.1876923077e-01,8.5261644732e-02,2.7905313326e-05,1.5890299942e-05,1.7561225042e+00,1,0,1.5890299942e-05,1.7561225042e+00,1,0
5.1876923077e-01,9.0491539282e-02,2.9688357253e-05,1.5186434543e-05,1.9549260999e+00,1,0,1.5186434543e-05,1.9549260999e+00,1,0
5.1876923077e-01,9.6042232206e-02,3.1585330939e-05,1.4962363461e-05,2.1109854082e+00,1,0,1.4962363461e-05,2.1109854082e+00,1,0
5.1876923077e-01,1.0193340107e-01,3.3603514066e-05,1.5437884256e-05,2.1766916703e+00,1,0,1.5437884256e-05,2.1766916703e+00,1,0
5.1876923077e-01,1.0818593045e-01,3.5750651457e-05,1.5278350988e-05,2.3399548476e+00,1,0,1.5278350988e-05,2.3399548476e+00,1,0
5.1876923077e-01,1.1482198597e-01,3.8034982803e-05,1.5575368785e-05,2.4419956490e+00,1,0,1.5575368785e-05,2.4419956490e+00,1,0
5.1876923077e-01,1.2186509287e-01,4.0465274278e-05,1.6113200504e-05,2.5113120306e+00,1,0,1.6113200504e-05,2.5113120306e+00,1,0
5.1876923077e-01,1.2934021943e-01,4.3050852182e-05,1.6742820581e-05,2.5713022471e+00,1,0,1.6742820581e-05,2.5713022471e+00,1,0
5.1876923077e-01,1.3727386545e-01,4.5801638730e-05,1.7455486501e-05,2.6239107531e+00,1,0,1.7455486501e-05,2.6239107531e+00,1,0
5.1876923077e-01,1.4569415623e-01,4.8728190130e-05,1.8207651437e-05,2.6762479662e+00,1,0,1.8207651437e-05,2.6762479662e+00,1,0
5.1876923077e-01,1.5463094224e-01,5.1541394651e-05,1.9379645061e-05,2.6595633969e+00,1,0,1.9379645061e-05,2.6595633969e+00,1,0
5.1876923077e-01,1.6411590496e-01,5.4840476894e-05,2.0682808974e-05,2.6515004303e+00,1,0,2.0682808974e-05,2.6515004303e+00,1,0
5.1876923077e-01,1.7418266921e-01,5.8350728116e-05,2.2280378211e-05,2.6189289770e+00,1,0,2.2280378211e-05,2.6189289770e+00,1,0
5.1876923077e-01,1.8486692231e-01,6.2085664904e-05,2.4314151877e-05,2.5534785345e+00,1,0,2.4314151877e-05,2.5534785345e+00,1,0
5.1876923077e-01,1.9620654064e-01,6.4206340851e-05,2.6579125621e-05,2.4156679105e+00,1,0,2.6579125621e-05,2.4156679105e+00,1,0
5.1876923077e-01,2.0824172388e-01,5.8683825957e-05,2.9348605301e-05,1.9995439427e+00,1,0,2.9348605301e-05,1.9995439427e+00,1,0
5.1876923077e-01,2.2101513753e-01,5.9038260183e-05,3.2407196286e-05,1.8217638966e+00,1,0,3.2407196286e-05,1.8217638966e+00,1,0
5.1876923077e-01,2.3457206418e-01,6.0595508585e-05,3.5793599320e-05,1.6929146478e+00,1,0,3.5793599320e-05,1.6929146478e+00,1,0
5.1876923077e-01,2.4896056400e-01,6.3099610918e-05,3.9851100798e-05,1.5833843898e+00,1,0,3.9851100798e-05,1.5833843898e+00,1,0
5.1876923077e-01,2.6423164516e-01,6.6133350183e-05,4.4372745148e-05,1.4904047510e+00,1,0,4.4372745148e-05,1.4904047510e+00,1,0
5.1876923077e-01,2.8043944464e-01,6.9312947304e-05,4.9408079082e-05,1.4028666686e+00,1,0,4.9408079082e-05,1.4028666686e+00,1,0
5.1876923077e-01,2.9764142013e-01,7.2645414917e-05,5.5015493288e-05,1.3204537590e+00,1,0,5.5015493288e-05,1.3204537590e+00,1,0
5.1876923077e-01,3.1589855375e-01,7.6138102819e-05,5.5875389289e-05,1.3626411160e+00,1,0,5.5875389289e-05,1.3626411160e+00,1,0
5.1876923077e-01,3.3527556823e-01,8.0246480897e-05,5.5723982898e-05,1.4400708048e+00,1,0,5.5723982898e-05,1.4400708048e+00,1,0
5.1876923077e-01,3.5584115634e-01,8.4576545225e-05,5.5708030255e-05,1.5182110162e+00,1,0,5.5708030255e-05,1.5182110162e+00,1,0
5.1876923077e-01,3.7766822442e-01,8.8319481730e-05,5.5719203865e-05,1.5850815447e+00,1,0,5.5719203865e-05,1.5850815447e+00,1,0
5.1876923077e-01,4.0083415084e-01,9.2228061955e-05,5.5758612543e-05,1.6540594851e+00,1,0,5.5758612543e-05,1.6540594851e+00,1,0
5.1876923077e-01,4.2542106032e-01,9.6309616468e-05,5.5700809360e-05,1.7290523706e+00,1,0,5.5700809360e-05,1.7290523706e+00,1,0
5.1876923077e-01,4.5151611504e-01,1.0057180025e-04,5.5326716255e-05,1.8177800357e+00,1,0,5.5326716255e-05,1.8177800357e+00,1,0
5.1876923077e-01,4.7921182366e-01,1.0502260705e-04,5.5067803487e-05,1.9071508285e+00,1,0,5.5067803487e-05,1.9071508285e+00,1,0
5.1876923077e-01,5.0860636927e-01,1.0675938768e-04,5.4974751139e-05,1.9419712772e+00,1,0,5.4974751139e-05,1.9419712772e+00,1,0
5.1876923077e-01,5.3980395744e-01,1.0852488982e-04,5.5015888556e-05,1.9726099618e+00,1,0,5.5015888556e-05,1.9726099618e+00,1,0
5.1876923077e-01,5.7291518563e-01,1.0632508294e-04,5.5130831106e-05,1.9285956842e+00,1,0,5.5130831106e-05,1.9285956842e+00,1,0
5.1876923077e-01,6.0805743530e-01,1.0088770161e-04,5.5513493119e-05,1.8173545915e+00,1,0,5.5513493119e-05,1.8173545915e+00,1,0
5.1876923077e-01,6.4535528801e-01,9.0763867935e-05,5.5936125688e-05,1.6226341531e+00,1,0,5.5936125688e-05,1.6226341531e+00,1,0
5.1876923077e-01,6.8494096706e-01,7.9503569894e-05,5.6234624382e-05,1.4137832477e+00,1,0,5.6234624382e-05,1.4137832477e+00,1,0
5.1876923077e-01,7.2695480624e-01,7.2448391048e-05,5.6560275841e-05,1.2809059003e+00,1,0,5.6560275841e-05,1.2809059003e+00,1,0
5.1876923077e-01,7.7154574735e-01,1.0191618573e-04,5.7236244937e-05,1.7806232021e+00,1,0,5.7236244937e-05,1.7806232021e+00,1,0
5.1876923077e-01,8.1887186816e-01,1.3357709557e-04,5.8024531784e-05,2.3020796802e+00,1,0,5.8024531784e-05,2.3020796802e+00,1,0
5.1876923077e-01,8.6910094284e-01,1.6122929797e-04,5.8442639781e-05,2.7587613868e+00,1,0,5.8442639781e-05,2.7587613868e+00,1,0
5.1876923077e-01,9.2241103671e-01,1.6116410735e-04,5.7673859302e-05,2.7944047667e+00,1,0,5.7673859302e-05,2.7944047667e+00,1,0
5.1876923077e-01,9.7899113751e-01,1.1407938887e-04,5.8110282797e-05,1.9631532214e+00,1,0,5.8110282797e-05,1.9631532214e+00,1,0
5.1876923077e-01,1.0390418254e+00,2.0958719463e-04,5.9942571667e-05,3.4964665145e+00,1,0,5.9942571667e-05,3.4964665145e+00,1,0
5.1876923077e-01,1.1027759839e+00,2.2257075055e-04,3.7908482224e-05,5.8712651494e+00,1,0,3.7908482224e-05,5.8712651494e+00,1,0
5.1876923077e-01,1.1704195547e+00,2.3070824477e-04,3.5422408694e-05,6.5130591982e+00,1,0,3.5422408694e-05,6.5130591982e+00,1,0
5.1876923077e-01,1.2422123388e+00,2.3566650839e-04,3.4663703355e-05,6.7986535073e+00,1,0,3.4663703355e-05,6.7986535073e+00,1,0
5.1876923077e-01,1.3184088462e+00,2.3683807736e-04,3.4019770834e-05,6.9617775652e+00,1,0,3.4019770834e-05,6.9617775652e+00,1,0
5.1876923077e-01,1.3992791984e+00,2.3801547056e-04,3.3869780770e-05,7.0273696832e+00,1,0,3.3869780770e-05,7.0273696832e+00,1,0
5.1876923077e-01,1.4851100861e+00,2.4372008960e-04,3.4324497168e-05,7.1004707922e+00,1,0,3.4324497168e-05,7.1004707922e+00,1,0
5.1876923077e-01,1.5762057853e+00,2.5237789804e-04,3.4054743018e-05,7.4109470716e+00,1,0,3.4054743018e-05,7.4109470716e+00,1,0
5.1876923077e-01,1.6728892362e+00,2.7610530879e-04,3.4153033859e-05,8.0843567203e+00,1,0,3.4153033859e-05,8.0843567203e+00,1,0
5.1876923077e-01,1.7755031880e+00,2.9870844043e-04,3.4303672882e-05,8.7077684496e+00,1,0,3.4303672882e-05,8.7077684496e+00,1,0
5.1876923077e-01,1.8844114137e+00,3.1117286642e-04,3.4502308566e-05,9.0188998751e+00,1,0,3.4502308566e-05,9.0188998751e+00,1,0
5.1876923077e-01,2.0000000000e+00,3.2613853365e-04,3.4707437488e-05,9.3967909259e+00,1,0,3.4707437488e-05,9.3967909259e+00,1,0
5.2130769231e-01,1.0000000000e-02,3.4082255015e-06,3.5058127447e-06,9.7216415983e-01,1,1,3.5058127447e-06,9.7216415983e-01,1,1
5.2130769231e-01,1.0613393580e-02,3.6152722704e-06,3.6540069337e-06,9.8939940071e-01,1,1,3.6540069337e-06,9.8939940071e-01,1,1
5.2130769231e-01,1.1264412328e-02,3.8348969526e-06,3.8685035838e-06,9.9131275687e-01,1,1,3.8685035838e-06,9.9131275687e-01,1,1
5.2130769231e-01,1.1955364149e-02,4.0678636454e-06,4.1098670581e-06,9.8977986096e-01,1,1,4.1098670581e-06,9.8977986096e-01,1,1
5.2130769231e-01,1.2688698510e-02,4.3149828644e-06,4.3686041310e-06,9.8772576663e-01,1,1,4.3686041310e-06,9.8772576663e-01,1,1
5.2130769231e-01,1.3467015131e-02,4.5477430350e-06,4.6596772484e-06,9.7597811879e-01,1,1,4.6596772484e-06,9.7597811879e-01,1,1
5.2130769231e-01,1.4293073193e-02,4.8207972528e-06,5.0119735679e-06,9.6185608075e-01,1,1,5.0119735679e-06,9.6185608075e-01,1,1
5.2130769231e-01,1.5169801127e-02,5.1102461097e-06,5.4493426550e-06,9.3777294496e-01,1,1,5.4493426550e-06,9.3777294496e-01,1,1
5.2130769231e-01,1.6100306989e-02,5.4170739677e-06,5.9260878206e-06,9.1410625893e-01,1,1,5.9260878206e-06,9.1410625893e-01,1,1
5.2130769231e-01,1.7087889483e-02,5.7423242916e-06,6.4637490149e-06,8.8838911882e-01,1,1,6.4637490149e-06,8.8838911882e-01,1,1
5.2130769231e-01,1.8136049653e-02,6.1257091289e-06,7.1197800276e-06,8.6037898716e-01,1,1,7.1197800276e-06,8.6037898716e-01,1,1
5.2130769231e-01,1.9248503296e-02,6.5346905584e-06,7.8685969878e-06,8.3047722085e-01,1,1,7.8685969878e-06,8.3047722085e-01,1,1
5.2130769231e-01,2.0429194130e-02,6.9125088024e-06,8.7045424585e-06,7.9412661094e-01,1,1,8.7045424585e-06,7.9412661094e-01,1,1
5.2130769231e-01,2.1682307783e-02,7.3121714816e-06,9.6424750500e-06,7.5832931314e-01,1,1,9.6424750500e-06,7.5832931314e-01,1,1
5.2130769231e-01,2.3012286622e-02,7.8070943708e-06,1.0685736692e-05,7.3060890380e-01,1,1,1.0685736692e-05,7.3060890380e-01,1,1
5.2130769231e-01,2.4423845509e-02,8.3355160184e-06,1.1899962493e-05,7.0046573872e-01,1,1,1.1899962493e-05,7.0046573872e-01,1,1
5.2130769231e-01,2.5921988513e-02,8.8105053818e-06,1.3283227903e-05,6.6328045007e-01,1,1,1.3283227903e-05,6.6328045007e-01,1,1
5.2130769231e-01,2.7512026646e-02,9.3653761071e-06,1.4828790342e-05,6.3156709961e-01,1,1,1.4828790342e-05,6.3156709961e-01,1,1
5.2130769231e-01,2.9199596698e-02,9.9551916521e-06,1.6614184344e-05,5.9919833837e-01,1,1,1.6614184344e-05,5.9919833837e-01,1,1
5.2130769231e-01,3.0990681213e-02,1.0582152782e-05,1.8679771972e-05,5.6650331698e-01,1,1,1.8679771972e-05,5.6650331698e-01,1,1
5.2130769231e-01,3.2891629703e-02,1.1248598864e-05,2.1004380176e-05,5.3553586298e-01,1,1,2.1004380176e-05,5.3553586298e-01,1,1
5.2130769231e-01,3.4909181152e-02,1.1957016593e-05,2.3624336968e-05,5.0613130895e-01,1,1,2.3624336968e-05,5.0613130895e-01,1,1
5.2130769231e-01,3.7050487912e-02,1.2710049271e-05,2.6684795361e-05,4.7630304447e-01,1,1,2.6684795361e-05,4.7630304447e-01,1,1
5.2130769231e-01,3.9323141054e-02,1.3510506674e-05,3.0286701189e-05,4.4608709908e-01,1,1,3.0286701189e-05,4.4608709908e-01,1,1
5.2130769231e-01,4.1735197281e-02,1.4361375531e-05,3.4479212757e-05,4.1652272144e-01,1,1,3.0558562476e-05,4.6996240553e-01,1,1
5.2130769231e-01,4.4295207488e-02,1.5265830668e-05,3.9141817242e-05,3.9001333468e-01,1,1,2.6489140979e-05,5.7630523694e-01,1,1
5.2130769231e-01,4.7012247078e-02,1.6227246860e-05,4.4267757610e-05,3.6657033779e-01,1,1,2.3522673298e-05,6.8985555573e-01,1,1
5.2130769231e-01,4.9895948132e-02,1.7249211418e-05,4.7490684196e-05,3.6321252704e-01,1,1,2.0705430670e-05,8.3307667890e-01,1,1
5.2130769231e-01,5.2956533557e-02,1.8335537575e-05,4.7272337630e-05,3.8787033800e-01,1,1,1.9358685453e-05,9.4714786391e-01,1,1
5.2130769231e-01,5.6204853327e-02,1.9490278715e-05,4.7152647984e-05,4.1334430935e-01,1,1,1.7888891662e-05,1.0895185170e+00,1,0
5.2130769231e-01,5.9652422947e-02,2.0717743499e-05,4.8739669689e-05,4.2506942766e-01,1,1,1.7160421576e-05,1.2072980496e+00,1,0
5.2130769231e-01,6.3311464273e-02,2.2022511939e-05,5.0756176393e-05,4.3388831673e-01,1,1,1.6642525740e-05,1.3232674104e+00,1,0
5.2130769231e-01,6.7194948846e-02,2.3409452488e-05,5.2602654989e-05,4.4502416262e-01,1,1,1.6530344240e-05,1.4161503322e+00,1,0
5.2130769231e-01,7.1316643869e-02,2.5030267846e-05,5.4515256019e-05,4.5914244331e-01,1,1,1.6654786745e-05,1.5028873218e+00,1,0
5.2130769231e-01,7.5691161018e-02,2.6763304642e-05,5.6769782867e-05,4.7143574083e-01,1,1,1.7084826151e-05,1.5664955795e+00,1,0
5.2130769231e-01,8.0334008241e-02,2.8306435727e-05,1.6305394649e-05,1.7360165968e+00,1,0,1.6305394649e-05,1.7360165968e+00,1,0
5.2130769231e-01,8.5261644732e-02,3.0124985971e-05,1.5681996991e-05,1.9209916944e+00,1,0,1.5681996991e-05,1.9209916944e+00,1,0
5.2130769231e-01,9.0491539282e-02,3.2060369186e-05,1.4982638749e-05,2.1398346261e+00,1,0,1.4982638749e-05,2.1398346261e+00,1,0
5.2130769231e-01,9.6042232206e-02,3.4120091319e-05,1.4818130667e-05,2.3025907981e+00,1,0,1.4818130667e-05,2.3025907981e+00,1,0
5.2130769231e-01,1.0193340107e-01,3.6312140540e-05,1.5342597149e-05,2.3667531766e+00,1,0,1.5342597149e-05,2.3667531766e+00,1,0
5.2130769231e-01,1.0818593045e-01,3.8645018217e-05,1.5153807252e-05,2.5501854138e+00,1,0,1.5153807252e-05,2.5501854138e+00,1,0
5.2130769231e-01,1.1482198597e-01,4.1127771891e-05,1.5448442759e-05,2.6622600434e+00,1,0,1.5448442759e-05,2.6622600434e+00,1,0
5.2130769231e-01,1.2186509287e-01,4.3770030363e-05,1.6006871904e-05,2.7344524668e+00,1,0,1.6006871904e-05,2.7344524668e+00,1,0
5.2130769231e-01,1.2934021943e-01,4.6582041036e-05,1.6632374460e-05,2.8006849623e+00,1,0,1.6632374460e-05,2.8006849623e+00,1,0
5.2130769231e-01,1.3727386545e-01,4.9574709660e-05,1.7345787463e-05,2.8580258904e+00,1,0,1.7345787463e-05,2.8580258904e+00,1,0
5.2130769231e-01,1.4569415623e-01,5.2759642628e-05,1.8093261453e-05,2.9159829899e+00,1,0,1.8093261453e-05,2.9159829899e+00,1,0
5.2130769231e-01,1.5463094224e-01,5.5835905059e-05,1.9294036671e-05,2.8939462493e+00,1,0,1.9294036671e-05,2.8939462493e+00,1,0
5.2130769231e-01,1.6411590496e-01,5.9091535472e-05,2.0591480401e-05,2.8697079725e+00,1,0,2.0591480401e-05,2.8697079725e+00,1,0
5.2130769231e-01,1.7418266921e-01,6.3193952456e-05,2.2222504715e-05,2.8436917111e+00,1,0,2.2222504715e-05,2.8436917111e+00,1,0
5.2130769231e-01,1.8486692231e-01,6.7027867673e-05,2.4251033810e-05,2.7639179508e+00,1,0,2.4251033810e-05,2.7639179508e+00,1,0
5.2130769231e-01,1.9620654064e-01,6.8989662982e-05,2.6535677825e-05,2.5998832002e+00,1,0,2.6535677825e-05,2.5998832002e+00,1,0
5.2130769231e-01,2.0824172388e-01,6.3069903110e-05,2.9300671349e-05,2.1525070999e+00,1,0,2.9300671349e-05,2.1525070999e+00,1,0
5.2130769231e-01,2.2101513753e-01,6.3724918018e-05,3.2354309532e-05,1.9695959809e+00,1,0,3.2354309532e-05,1.9695959809e+00,1,0
5.2130769231e-01,2.3457206418e-01,6.5506266647e-05,3.5756665628e-05,1.8320015442e+00,1,0,3.5756665628e-05,1.8320015442e+00,1,0
5.2130769231e-01,2.4896056400e-01,6.8277060380e-05,3.9813233775e-05,1.7149338023e+00,1,0,3.9813233775e-05,1.7149338023e+00,1,0
5.2130769231e-01,2.6423164516e-01,7.1596094546e-05,4.4330630586e-05,1.6150479612e+00,1,0,4.4330630586e-05,1.6150479612e+00,1,0
5.2130769231e-01,2.8043944464e-01,7.5076471155e-05,4.9361236854e-05,1.5209600881e+00,1,0,4.9361236854e-05,1.5209600881e+00,1,0
5.2130769231e-01,2.9764142013e-01,7.8726033268e-05,5.4963388811e-05,1.4323358688e+00,1,0,5.4963388811e-05,1.4323358688e+00,1,0
5.2130769231e-01,3.1589855375e-01,8.2553005206e-05,5.5316531288e-05,1.4923749426e+00,1,0,5.5316531288e-05,1.4923749426e+00,1,0
5.2130769231e-01,3.3527556823e-01,8.6566011085e-05,5.5180337297e-05,1.5687836524e+00,1,0,5.5180337297e-05,1.5687836524e+00,1,0
5.2130769231e-01,3.5584115634e-01,9.0774094249e-05,5.5166702282e-05,1.6454507972e+00,1,0,5.5166702282e-05,1.6454507972e+00,1,0
5.2130769231e-01,3.7766822442e-01,9.5186737653e-05,5.5180017882e-05,1.7250218704e+00,1,0,5.5180017882e-05,1.7250218704e+00,1,0
5.2130769231e-01,4.0083415084e-01,9.9813885228e-05,5.5221386838e-05,1.8075222471e+00,1,0,5.5221386838e-05,1.8075222471e+00,1,0
5.2130769231e-01,4.2542106032e-01,1.0466596429e-04,5.5128051258e-05,1.8985972096e+00,1,0,5.5128051258e-05,1.8985972096e+00,1,0
5.2130769231e-01,4.5151611504e-01,1.0872707433e-04,5.4760307012e-05,1.9855088523e+00,1,0,5.4760307012e-05,1.9855088523e+00,1,0
5.2130769231e-01,4.7921182366e-01,1.1294575817e-04,5.4524032798e-05,2.0714857720e+00,1,0,5.4524032798e-05,2.0714857720e+00,1,0
5.2130769231e-01,5.0860636927e-01,1.1527327550e-04,5.4434567526e-05,2.1176484124e+00,1,0,5.4434567526e-05,2.1176484124e+00,1,0
5.2130769231e-01,5.3980395744e-01,1.1673243111e-04,5.4487243067e-05,2.1423809417e+00,1,0,5.4487243067e-05,2.1423809417e+00,1,0
5.2130769231e-01,5.7291518563e-01,1.1431067902e-04,5.4624856086e-05,2.0926495228e+00,1,0,5.4624856086e-05,2.0926495228e+00,1,0
5.2130769231e-01,6.0805743530e-01,1.0797309779e-04,5.5006974911e-05,1.9628983045e+00,1,0,5.5006974911e-05,1.9628983045e+00,1,0
5.2130769231e-01,6.4535528801e-01,9.6646171503e-05,5.5428355835e-05,1.7436232781e+00,1,0,5.5428355835e-05,1.7436232781e+00,1,0
5.2130769231e-01,6.8494096706e-01,8.4792258448e-05,5.5713176372e-05,1.5219426349e+00,1,0,5.5713176372e-05,1.5219426349e+00,1,0
5.2130769231e-01,7.2695480624e-01,7.7566165663e-05,5.6039099087e-05,1.3841436948e+00,1,0,5.6039099087e-05,1.3841436948e+00,1,0
5.2130769231e-01,7.7154574735e-01,1.1318086356e-04,5.6742195085e-05,1.9946507777e+00,1,0,5.6742195085e-05,1.9946507777e+00,1,0
5.2130769231e-01,8.1887186816e-01,1.4692119675e-04,5.7527226285e-05,2.5539419548e+00,1,0,5.7527226285e-05,2.5539419548e+00,1,0
5.2130769231e-01,8.6910094284e-01,1.7602194388e-04,5.7810356090e-05,3.0448168076e+00,1,0,5.7810356090e-05,3.0448168076e+00,1,0
5.2130769231e-01,9.2241103671e-01,1.6848108125e-04,5.7053567674e-05,2.9530332303e+00,1,0,5.7053567674e-05,2.9530332303e+00,1,0
5.2130769231e-01,9.7899113751e-01,1.7094617847e-04,5.7690638910e-05,2.9631528044e+00,1,0,5.7690638910e-05,2.9631528044e+00,1,0
5.2130769231e-01,1.0390418254e+00,2.2782333999e-04,5.9513673125e-05,3.8280840019e+00,1,0,5.9513673125e-05,3.8280840019e+00,1,0
5.2130769231e-01,1.1027759839e+00,2.4102809538e-04,3.7174081534e-05,6.4837673301e+00,1,0,3.7174081534e-05,6.4837673301e+00,1,0
5.2130769231e-01,1.1704195547e+00,2.4940336899e-04,3.5007535618e-05,7.1242766617e+00,1,0,3.5007535618e-05,7.1242766617e+00,1,0
5.2130769231e-01,1.2422123388e+00,2.5450050837e-04,3.4273002456e-05,7.4256846536e+00,1,0,3.4273002456e-05,7.4256846536e+00,1,0
5.2130769231e-01,1.3184088462e+00,2.5544924770e-04,3.3638892719e-05,7.5938661189e+00,1,0,3.3638892719e-05,7.5938661189e+00,1,0
5.2130769231e-01,1.3992791984e+00,2.5640152378e-04,3.3585838623e-05,7.6342153210e+00,1,0,3.3585838623e-05,7.6342153210e+00,1,0
5.2130769231e-01,1.4851100861e+00,2.6340095159e-04,3.3967923843e-05,7.7544024417e+00,1,0,3.3967923843e-05,7.7544024417e+00,1,0
5.2130769231e-01,1.5762057853e+00,2.7413806147e-04,3.3711109157e-05,8.1319798822e+00,1,0,3.3711109157e-05,8.1319798822e+00,1,0
5.2130769231e-01,1.6728892362e+00,3.0008098496e-04,3.3832313081e-05,8.8696561846e+00,1,0,3.3832313081e-05,8.8696561846e+00,1,0
5.2130769231e-01,1.7755031880e+00,3.2395447270e-04,3.3984004802e-05,9.5325572893e+00,1,0,3.3984004802e-05,9.5325572893e+00,1,0
5.2130769231e-01,1.8844114137e+00,3.3682441271e-04,3.4185030215e-05,9.8529798159e+00,1,0,3.4185030215e-05,9.8529798159e+00,1,0
5.2130769231e-01,2.0000000000e+00,3.5350557924e-04,3.4387230952e-05,1.0280140897e+01,1,0,3.4387230952e-05,1.0280140897e+01,1,0
5.2384615385e-01,1.0000000000e-02,3.6511251234e-06,3.4835076667e-06,1.0481174359e+00,1,0,3.4835076667e-06,1.0481174359e+00,1,0
5.2384615385e-01,1.0613393580e-02,3.8730563602e-06,3.6337364438e-06,1.0658605598e+00,1,0,3.6337364438e-06,1.0658605598e+00,1,0
5.2384615385e-01,1.1264412328e-02,4.1084775412e-06,3.8492716108e-06,1.0673389557e+00,1,0,3.8492716108e-06,1.0673389557e+00,1,0
5.2384615385e-01,1.1955364149e-02,4.3582086436e-06,4.0905269181e-06,1.0654394240e+00,1,0,4.0905269181e-06,1.0654394240e+00,1,0
5.2384615385e-01,1.2688698510e-02,4.6231194866e-06,4.3479537020e-06,1.0632862729e+00,1,0,4.3479537020e-06,1.0632862729e+00,1,0
5.2384615385e-01,1.3467015131e-02,4.8741118157e-06,4.6405932284e-06,1.0503208482e+00,1,0,4.6405932284e-06,1.0503208482e+00,1,0
5.2384615385e-01,1.4293073193e-02,5.1387306905e-06,4.9974788960e-06,1.0282646105e+00,1,0,4.9974788960e-06,1.0282646105e+00,1,0
5.2384615385e-01,1.5169801127e-02,5.4824376864e-06,5.4336748720e-06,1.0089741870e+00,1,0,5.4336748720e-06,1.0089741870e+00,1,0
5.2384615385e-01,1.6100306989e-02,5.8491337250e-06,5.9094474255e-06,9.8979368186e-01,1,1,5.9094474255e-06,9.8979368186e-01,1,1
5.2384615385e-01,1.7087889483e-02,6.1811517868e-06,6.4469530142e-06,9.5877103077e-01,1,1,6.4469530142e-06,9.5877103077e-01,1,1
5.2384615385e-01,1.8136049653e-02,6.5693679629e-06,7.1086704401e-06,9.2413455066e-01,1,1,7.1086704401e-06,9.2413455066e-01,1,1
5.2384615385e-01,1.9248503296e-02,6.9819666174e-06,7.8564263403e-06,8.8869497594e-01,1,1,7.8564263403e-06,8.8869497594e-01,1,1
5.2384615385e-01,2.0429194130e-02,7.4204791271e-06,8.6926180549e-06,8.5365295935e-01,1,1,8.6926180549e-06,8.5365295935e-01,1,1
5.2384615385e-01,2.1682307783e-02,7.8865330490e-06,9.6293839241e-06,8.1900702175e-01,1,1,9.6293839241e-06,8.1900702175e-01,1,1
5.2384615385e-01,2.3012286622e-02,8.3818581614e-06,1.0675499323e-05,7.8514905088e-01,1,1,1.0675499323e-05,7.8514905088e-01,1,1
5.2384615385e-01,2.4423845509e-02,8.9082928837e-06,1.1889468229e-05,7.4925915206e-01,1,1,1.1889468229e-05,7.4925915206e-01,1,1
5.2384615385e-01,2.5921988513e-02,9.4677911000e-06,1.3273799834e-05,7.1326908786e-01,1,1,1.3273799834e-05,7.1326908786e-01,1,1
5.2384615385e-01,2.7512026646e-02,1.0062429411e-05,1.4817803263e-05,6.7907700164e-01,1,1,1.4817803263e-05,6.7907700164e-01,1,1
5.2384615385e-01,2.9199596698e-02,1.0694414841e-05,1.6611569444e-05,6.4379316336e-01,1,1,1.6611569444e-05,6.4379316336e-01,1,1
5.2384615385e-01,3.0990681213e-02,1.1366093029e-05,1.8676996675e-05,6.0856106723e-01,1,1,1.8676996675e-05,6.0856106723e-01,1,1
5.2384615385e-01,3.2891629703e-02,1.2079956938e-05,2.1001434645e-05,5.7519674927e-01,1,1,2.1001434645e-05,5.7519674927e-01,1,1
5.2384615385e-01,3.4909181152e-02,1.2838656102e-05,2.3626563198e-05,5.4339922375e-01,1,1,2.3626563198e-05,5.4339922375e-01,1,1
5.2384615385e-01,3.7050487912e-02,1.3645006463e-05,2.6691317939e-05,5.1121516346e-01,1,1,2.6691317939e-05,5.1121516346e-01,1,1
5.2384615385e-01,3.9323141054e-02,1.4502000825e-05,3.0307994768e-05,4.7848763787e-01,1,1,3.0307994768e-05,4.7848763787e-01,1,1
5.2384615385e-01,4.1735197281e-02,1.5412819958e-05,3.4512179623e-05,4.4659074351e-01,1,1,3.0113104759e-05,5.1183098127e-01,1,1
5.2384615385e-01,4.4295207488e-02,1.6380844403e-05,3.9152167259e-05,4.1838921188e-01,1,1,2.6121230742e-05,6.2710844541e-01,1,1
5.2384615385e-01,4.7012247078e-02,1.7409667023e-05,4.4288811907e-05,3.9309401795e-01,1,1,2.3207569459e-05,7.5017192358e-01,1,1
5.2384615385e-01,4.9895948132e-02,1.8503106335e-05,4.6981970180e-05,3.9383419352e-01,1,1,2.0428180519e-05,9.0576379617e-01,1,1
5.2384615385e-01,5.2956533557e-02,1.9665220685e-05,4.6790918001e-05,4.2027858236e-01,1,1,1.9006429629e-05,1.0346614840e+00,1,0
5.2384615385e-01,5.6204853327e-02,2.0900323307e-05,4.6705140148e-05,4.4749514167e-01,1,1,1.7661174922e-05,1.1834050339e+00,1,0
5.2384615385e-01,5.9652422947e-02,2.2350571224e-05,4.8461064131e-05,4.6120677753e-01,1,1,1.6930894233e-05,1.3201057732e+00,1,0
5.2384615385e-01,6.3311464273e-02,2.3764584661e-05,5.0412620933e-05,4.7140149075e-01,1,1,1.6449797614e-05,1.4446733764e+00,1,0
5.2384615385e-01,6.7194948846e-02,2.5268055945e-05,5.2246019756e-05,4.8363599875e-01,1,1,1.6370947062e-05,1.5434694065e+00,1,0
5.2384615385e-01,7.1316643869e-02,2.6866644647e-05,5.4145868830e-05,4.9619011067e-01,1,1,1.6527887843e-05,1.6255340611e+00,1,0
5.2384615385e-01,7.5691161018e-02,2.8566368388e-05,5.6420799317e-05,5.0630917558e-01,1,1,1.6957006175e-05,1.6846351351e+00,1,0
5.2384615385e-01,8.0334008241e-02,3.0373625498e-05,1.6135017762e-05,1.8824661953e+00,1,0,1.6135017762e-05,1.8824661953e+00,1,0
5.2384615385e-01,8.5261644732e-02,3.2295219096e-05,1.5474137654e-05,2.0870448369e+00,1,0,1.5474137654e-05,2.0870448369e+00,1,0
5.2384615385e-01,9.0491539282e-02,3.4338382704e-05,1.4782551642e-05,2.3228995599e+00,1,0,1.4782551642e-05,2.3228995599e+00,1,0
5.2384615385e-01,9.6042232206e-02,3.6510807474e-05,1.4675982239e-05,2.4877931084e+00,1,0,1.4675982239e-05,2.4877931084e+00,1,0
5.2384615385e-01,1.0193340107e-01,3.8820671139e-05,1.5248360180e-05,2.5458915373e+00,1,0,1.5248360180e-05,2.5458915373e+00,1,0
5.2384615385e-01,1.0818593045e-01,4.1276668799e-05,1.5030879529e-05,2.7461246510e+00,1,0,1.5030879529e-05,2.7461246510e+00,1,0
5.2384615385e-01,1.1482198597e-01,4.3888045651e-05,1.5323163161e-05,2.8641635666e+00,1,0,1.5323163161e-05,2.8641635666e+00,1,0
5.2384615385e-01,1.2186509287e-01,4.6664631790e-05,1.5901759332e-05,2.9345577942e+00,1,0,1.5901759332e-05,2.9345577942e+00,1,0
5.2384615385e-01,1.2934021943e-01,4.9906762599e-05,1.6525947968e-05,3.0199031665e+00,1,0,1.6525947968e-05,3.0199031665e+00,1,0
5.2384615385e-01,1.3727386545e-01,5.3069471294e-05,1.7237308567e-05,3.0787562391e+00,1,0,1.7237308567e-05,3.0787562391e+00,1,0
5.2384615385e-01,1.4569415623e-01,5.6432608262e-05,1.7999699728e-05,3.1351972041e+00,1,0,1.7999699728e-05,3.1351972041e+00,1,0
5.2384615385e-01,1.5463094224e-01,6.0008875114e-05,1.9209222399e-05,3.1239617028e+00,1,0,1.9209222399e-05,3.1239617028e+00,1,0
5.2384615385e-01,1.6411590496e-01,6.3811778392e-05,2.0500998674e-05,3.1126180439e+00,1,0,2.0500998674e-05,3.1126180439e+00,1,0
5.2384615385e-01,1.7418266921e-01,6.7855680577e-05,2.2165064496e-05,3.0613797938e+00,1,0,2.2165064496e-05,3.0613797938e+00,1,0
5.2384615385e-01,1.8486692231e-01,7.2155854336e-05,2.4188388006e-05,2.9830782571e+00,1,0,2.4188388006e-05,2.9830782571e+00,1,0
5.2384615385e-01,1.9620654064e-01,7.3436787837e-05,2.6492514687e-05,2.7719825281e+00,1,0,2.6492514687e-05,2.7719825281e+00,1,0
5.2384615385e-01,2.0824172388e-01,6.7372541624e-05,2.9253051187e-05,2.3030945111e+00,1,0,2.9253051187e-05,2.3030945111e+00,1,0
5.2384615385e-01,2.2101513753e-01,6.8292762666e-05,3.2301768721e-05,2.1142112451e+00,1,0,3.2301768721e-05,2.1142112451e+00,1,0
5.2384615385e-01,2.3457206418e-01,7.0311164983e-05,3.5722815987e-05,1.9682425095e+00,1,0,3.5722815987e-05,1.9682425095e+00,1,0
5.2384615385e-01,2.4896056400e-01,7.3345644960e-05,3.9775590091e-05,1.8439863442e+00,1,0,3.9775590091e-05,1.8439863442e+00,1,0
5.2384615385e-01,2.6423164516e-01,7.6947149397e-05,4.4288764138e-05,1.7373966263e+00,1,0,4.4288764138e-05,1.7373966263e+00,1,0
5.2384615385e-01,2.8043944464e-01,8.0725499157e-05,4.9314670302e-05,1.6369469503e+00,1,0,4.9314670302e-05,1.6369469503e+00,1,0
5.2384615385e-01,2.9764142013e-01,8.4689377906e-05,5.4911590675e-05,1.5422860067e+00,1,0,5.4911590675e-05,1.5422860067e+00,1,0
5.2384615385e-01,3.1589855375e-01,8.8847895708e-05,5.4766101585e-05,1.6223155042e+00,1,0,5.4766101585e-05,1.6223155042e+00,1,0
5.2384615385e-01,3.3527556823e-01,9.3210609961e-05,5.4644768937e-05,1.7057554048e+00,1,0,5.4644768937e-05,1.7057554048e+00,1,0
5.2384615385e-01,3.5584115634e-01,9.7787547358e-05,5.4633403998e-05,1.7898856780e+00,1,0,5.4633403998e-05,1.7898856780e+00,1,0
5.2384615385e-01,3.7766822442e-01,1.0258922694e-04,5.4648816106e-05,1.8772451857e+00,1,0,5.4648816106e-05,1.8772451857e+00,1,0
5.2384615385e-01,4.0083415084e-01,1.0762668426e-04,5.4692101990e-05,1.9678652007e+00,1,0,5.4692101990e-05,1.9678652007e+00,1,0
5.2384615385e-01,4.2542106032e-01,1.1291149675e-04,5.4564121746e-05,2.0693359141e+00,1,0,5.4564121746e-05,2.0693359141e+00,1,0
5.2384615385e-01,4.5151611504e-01,1.1674346337e-04,5.4202611268e-05,2.1538346703e+00,1,0,5.4202611268e-05,2.1538346703e+00,1,0
5.2384615385e-01,4.7921182366e-01,1.2070547847e-04,5.3988446112e-05,2.2357650046e+00,1,0,5.3988446112e-05,2.2357650046e+00,1,0
5.2384615385e-01,5.0860636927e-01,1.2356216049e-04,5.3908591158e-05,2.2920680700e+00,1,0,5.3908591158e-05,2.2920680700e+00,1,0
5.2384615385e-01,5.3980395744e-01,1.2491299053e-04,5.3966434951e-05,2.3146422520e+00,1,0,5.3966434951e-05,2.3146422520e+00,1,0
5.2384615385e-01,5.7291518563e-01,1.2193234942e-04,5.4126183364e-05,2.2527424222e+00,1,0,5.4126183364e-05,2.2527424222e+00,1,0
5.2384615385e-01,6.0805743530e-01,1.1463714796e-04,5.4507748573e-05,2.1031348929e+00,1,0,5.4507748573e-05,2.1031348929e+00,1,0
5.2384615385e-01,6.4535528801e-01,1.0216547030e-04,5.4913996974e-05,1.8604631956e+00,1,0,5.4913996974e-05,1.8604631956e+00,1,0
5.2384615385e-01,6.8494096706e-01,8.9858779722e-05,5.5199322191e-05,1.6278964334e+00,1,0,5.5199322191e-05,1.6278964334e+00,1,0
5.2384615385e-01,7.2695480624e-01,8.2687212405e-05,5.5525490689e-05,1.4891757169e+00,1,0,5.5525490689e-05,1.4891757169e+00,1,0
5.2384615385e-01,7.7154574735e-01,1.2453021198e-04,5.6255058151e-05,2.2136713759e+00,1,0,5.6255058151e-05,2.2136713759e+00,1,0
5.2384615385e-01,8.1887186816e-01,1.6025078396e-04,5.7036857716e-05,2.8096005001e+00,1,0,5.7036857716e-05,2.8096005001e+00,1,0
5.2384615385e-01,8.6910094284e-01,1.9033606457e-04,5.7188231790e-05,3.3282383213e+00,1,0,5.7188231790e-05,3.3282383213e+00,1,0
5.2384615385e-01,9.2241103671e-01,1.7365435486e-04,5.6443211193e-05,3.0766207519e+00,1,0,5.6443211193e-05,3.0766207519e+00,1,0
5.2384615385e-01,9.7899113751e-01,2.0763653382e-04,5.7276351083e-05,3.6251704218e+00,1,0,5.7276351083e-05,3.6251704218e+00,1,0
5.2384615385e-01,1.0390418254e+00,2.4548914094e-04,5.9090228879e-05,4.1544794393e+00,1,0,5.9090228879e-05,4.1544794393e+00,1,0
5.2384615385e-01,1.1027759839e+00,2.5820838442e-04,3.6457575910e-05,7.0824342533e+00,1,0,3.6457575910e-05,7.0824342533e+00,1,0
5.2384615385e-01,1.1704195547e+00,2.6766436811e-04,3.4599697052e-05,7.7360321308e+00,1,0,3.4599697052e-05,7.7360321308e+00,1,0
5.2384615385e-01,1.2422123388e+00,2.7284777566e-04,3.3888764798e-05,8.0512753207e+00,1,0,3.3888764798e-05,8.0512753207e+00,1,0
5.2384615385e-01,1.3184088462e+00,2.7341691892e-04,3.3264290063e-05,8.2195326702e+00,1,0,3.3264290063e-05,8.2195326702e+00,1,0
5.2384615385e-01,1.3992791984e+00,2.7398724938e-04,3.3305832720e-05,8.2264044165e+00,1,0,3.3305832720e-05,8.2264044165e+00,1,0
5.2384615385e-01,1.4851100861e+00,2.8265267269e-04,3.3616956884e-05,8.4080386475e+00,1,0,3.3616956884e-05,8.4080386475e+00,1,0
5.2384615385e-01,1.5762057853e+00,2.9578149888e-04,3.3393858111e-05,8.8573622699e+00,1,0,3.3393858111e-05,8.8573622699e+00,1,0
5.2384615385e-01,1.6728892362e+00,3.2369201016e-04,3.3516338097e-05,9.6577379433e+00,1,0,3.3516338097e-05,9.6577379433e+00,1,0
5.2384615385e-01,1.7755031880e+00,3.4834127517e-04,3.3669045922e-05,1.0346039385e+01,1,0,3.3669045922e-05,1.0346039385e+01,1,0
5.2384615385e-01,1.8844114137e+00,3.6199677070e-04,3.3872389738e-05,1.0687075034e+01,1,0,3.3872389738e-05,1.0687075034e+01,1,0
5.2384615385e-01,2.0000000000e+00,3.8030737651e-04,3.4071713514e-05,1.1161968016e+01,1,0,3.4071713514e-05,1.1161968016e+01,1,0
5.2638461538e-01,1.0000000000e-02,3.8895738867e-06,3.4614578663e-06,1.1236808411e+00,1,0,3.4614578663e-06,1.1236808411e+00,1,0
5.2638461538e-01,1.0613393580e-02,4.1261488127e-06,3.6148169105e-06,1.1414544401e+00,1,0,3.6148169105e-06,1.1414544401e+00,1,0
5.2638461538e-01,1.1264412328e-02,4.3771128973e-06,3.8302434609e-06,1.1427766778e+00,1,0,3.8302434609e-06,1.1427766778e+00,1,0
5.2638461538e-01,1.1955364149e-02,4.6433413300e-06,4.0713772751e-06,1.1404841694e+00,1,0,4.0713772751e-06,1.1404841694e+00,1,0
5.2638461538e-01,1.2688698510e-02,4.9257625318e-06,4.3275067288e-06,1.1382449157e+00,1,0,4.3275067288e-06,1.1382449157e+00,1,0
5.2638461538e-01,1.3467015131e-02,5.1945891317e-06,4.6216858760e-06,1.1239597998e+00,1,0,4.6216858760e-06,1.1239597998e+00,1,0
5.2638461538e-01,1.4293073193e-02,5.4780871130e-06,4.9831028899e-06,1.0993325312e+00,1,0,4.9831028899e-06,1.0993325312e+00,1,0
5.2638461538e-01,1.5169801127e-02,5.8441481404e-06,5.4181347557e-06,1.0786273144e+00,1,0,5.4181347557e-06,1.0786273144e+00,1,0
5.2638461538e-01,1.6100306989e-02,6.2346703845e-06,5.8938701276e-06,1.0578228311e+00,1,0,5.8938701276e-06,1.0578228311e+00,1,0
5.2638461538e-01,1.7087889483e-02,6.5909853235e-06,6.4309224630e-06,1.0248895647e+00,1,0,6.4309224630e-06,1.0248895647e+00,1,0
5.2638461538e-01,1.8136049653e-02,6.9676638628e-06,7.0976398208e-06,9.8168743959e-01,1,1,7.0976398208e-06,9.8168743959e-01,1,1
5.2638461538e-01,1.9248503296e-02,7.4451801142e-06,7.8443416515e-06,9.4911471797e-01,1,1,7.8443416515e-06,9.4911471797e-01,1,1
5.2638461538e-01,2.0429194130e-02,7.9094906982e-06,8.6807763575e-06,9.1115015207e-01,1,1,8.6807763575e-06,9.1115015207e-01,1,1
5.2638461538e-01,2.1682307783e-02,8.4027575083e-06,9.6163830077e-06,8.7379605217e-01,1,1,9.6163830077e-06,8.7379605217e-01,1,1
5.2638461538e-01,2.3012286622e-02,8.9267863680e-06,1.0665563239e-05,8.3697280375e-01,1,1,1.0665563239e-05,8.3697280375e-01,1,1
5.2638461538e-01,2.4423845509e-02,9.4834957194e-06,1.1879621206e-05,7.9829950421e-01,1,1,1.1879621206e-05,7.9829950421e-01,1,1
5.2638461538e-01,2.5921988513e-02,1.0074923646e-05,1.3264434845e-05,7.5954413160e-01,1,1,1.3264434845e-05,7.5954413160e-01,1,1
5.2638461538e-01,2.7512026646e-02,1.0703235333e-05,1.4806888850e-05,7.2285511440e-01,1,1,1.4806888850e-05,7.2285511440e-01,1,1
5.2638461538e-01,2.9199596698e-02,1.1370730998e-05,1.6608979765e-05,6.8461345363e-01,1,1,1.6608979765e-05,6.8461345363e-01,1,1
5.2638461538e-01,3.0990681213e-02,1.2079854306e-05,1.8674248147e-05,6.4687232443e-01,1,1,1.8674248147e-05,6.4687232443e-01,1,1
5.2638461538e-01,3.2891629703e-02,1.2833201320e-05,2.0998517524e-05,6.1114796820e-01,1,1,2.0998517524e-05,6.1114796820e-01,1,1
5.2638461538e-01,3.4909181152e-02,1.3633530003e-05,2.3630960714e-05,5.7693507126e-01,1,1,2.3630960714e-05,5.7693507126e-01,1,1
5.2638461538e-01,3.7050487912e-02,1.4574126195e-05,2.6699761904e-05,5.4585229065e-01,1,1,2.6699761904e-05,5.4585229065e-01,1,1
5.2638461538e-01,3.9323141054e-02,1.5579615425e-05,3.0329217056e-05,5.1368340293e-01,1,1,3.0329217056e-05,5.1368340293e-01,1,1
5.2638461538e-01,4.1735197281e-02,1.6480749450e-05,3.4545036476e-05,4.7708009981e-01,1,1,2.9676262614e-05,5.5535124702e-01,1,1
5.2638461538e-01,4.4295207488e-02,1.7536113778e-05,3.9162489302e-05,4.4777832285e-01,1,1,2.5760184812e-05,6.8074487455e-01,1,1
5.2638461538e-01,4.7012247078e-02,1.8659059613e-05,4.4309795038e-05,4.2110462476e-01,1,1,2.2898190137e-05,8.1487049852e-01,1,1
5.2638461538e-01,4.9895948132e-02,1.9853914615e-05,4.6518135424e-05,4.2679945002e-01,1,1,2.0155965151e-05,9.8501433526e-01,1,1
5.2638461538e-01,5.2956533557e-02,2.1125283573e-05,4.6316712228e-05,4.5610499012e-01,1,1,1.8654018609e-05,1.1324789589e+00,1,0
5.2638461538e-01,5.6204853327e-02,2.2478066150e-05,4.6264030236e-05,4.8586485085e-01,1,1,1.7437443637e-05,1.2890688921e+00,1,0
5.2638461538e-01,5.9652422947e-02,2.3917475763e-05,4.8185404306e-05,4.9636349654e-01,1,1,1.6705530507e-05,1.4317100408e+00,1,0
5.2638461538e-01,6.3311464273e-02,2.5449059677e-05,5.0073052418e-05,5.0823863232e-01,1,1,1.6260222615e-05,1.5651113936e+00,1,0
5.2638461538e-01,6.7194948846e-02,2.7078720383e-05,5.1893526122e-05,5.2181307393e-01,1,1,1.6213851702e-05,1.6700979434e+00,1,0
5.2638461538e-01,7.1316643869e-02,2.8812738343e-05,5.3780768894e-05,5.3574426205e-01,1,1,1.6402567403e-05,1.7565992955e+00,1,0
5.2638461538e-01,7.5691161018e-02,3.0657796200e-05,5.6075649110e-05,5.4672209214e-01,1,1,1.6830758421e-05,1.8215338509e+00,1,0
5.2638461538e-01,8.0334008241e-02,3.2621004523e-05,1.5927378899e-05,2.0481087774e+00,1,0,1.5927378899e-05,2.0481087774e+00,1,0
5.2638461538e-01,8.5261644732e-02,3.4709929219e-05,1.5268435233e-05,2.2733127979e+00,1,0,1.5268435233e-05,2.2733127979e+00,1,0
5.2638461538e-01,9.0491539282e-02,3.6932620685e-05,1.4586088182e-05,2.5320442482e+00,1,0,1.4586088182e-05,2.5320442482e+00,1,0
5.2638461538e-01,9.6042232206e-02,3.9297644833e-05,1.4538850750e-05,2.7029402467e+00,1,0,1.4538850750e-05,2.7029402467e+00,1,0
5.2638461538e-01,1.0193340107e-01,4.1814116106e-05,1.5129577349e-05,2.7637332585e+00,1,0,1.5129577349e-05,2.7637332585e+00,1,0
5.2638461538e-01,1.0818593045e-01,4.4491732600e-05,1.4909539130e-05,2.9841118638e+00,1,0,1.4909539130e-05,2.9841118638e+00,1,0
5.2638461538e-01,1.1482198597e-01,4.7340813440e-05,1.5207927545e-05,3.1129036682e+00,1,0,1.5207927545e-05,3.1129036682e+00,1,0
5.2638461538e-01,1.2186509287e-01,5.0372338550e-05,1.5797843058e-05,3.1885579801e+00,1,0,1.5797843058e-05,3.1885579801e+00,1,0
5.2638461538e-01,1.2934021943e-01,5.3597990964e-05,1.6422691151e-05,3.2636545662e+00,1,0,1.6422691151e-05,3.2636545662e+00,1,0
5.2638461538e-01,1.3727386545e-01,5.7030201854e-05,1.7130030393e-05,3.3292528119e+00,1,0,1.7130030393e-05,3.3292528119e+00,1,0
5.2638461538e-01,1.4569415623e-01,6.0345782969e-05,1.7920467719e-05,3.3674223192e+00,1,0,1.7920467719e-05,3.3674223192e+00,1,0
5.2638461538e-01,1.5463094224e-01,6.4215074800e-05,1.9125191056e-05,3.3576174278e+00,1,0,1.9125191056e-05,3.3576174278e+00,1,0
5.2638461538e-01,1.6411590496e-01,6.8332460510e-05,2.0411351869e-05,3.3477675044e+00,1,0,2.0411351869e-05,3.3477675044e+00,1,0
5.2638461538e-01,1.7418266921e-01,7.2713847548e-05,2.2108052214e-05,3.2890209794e+00,1,0,2.2108052214e-05,3.2890209794e+00,1,0
5.2638461538e-01,1.8486692231e-01,7.6945753353e-05,2.4126208648e-05,3.1893014968e+00,1,0,2.4126208648e-05,3.1893014968e+00,1,0
5.2638461538e-01,1.9620654064e-01,7.7580966731e-05,2.6449632956e-05,2.9331585379e+00,1,0,2.6449632956e-05,2.9331585379e+00,1,0
5.2638461538e-01,2.0824172388e-01,7.1588584370e-05,2.9205741236e-05,2.4511819027e+00,1,0,2.9205741236e-05,2.4511819027e+00,1,0
5.2638461538e-01,2.2101513753e-01,7.2761170872e-05,3.2249569908e-05,2.2561904261e+00,1,0,3.2249569908e-05,2.2561904261e+00,1,0
5.2638461538e-01,2.3457206418e-01,7.5025503913e-05,3.5689165238e-05,2.1021927359e+00,1,0,3.5689165238e-05,2.1021927359e+00,1,0
5.2638461538e-01,2.4896056400e-01,7.8321945644e-05,3.9738167334e-05,1.9709501192e+00,1,0,3.9738167334e-05,1.9709501192e+00,1,0
5.2638461538e-01,2.6423164516e-01,8.1763225164e-05,4.4247143129e-05,1.8478758036e+00,1,0,4.4247143129e-05,1.8478758036e+00,1,0
5.2638461538e-01,2.8043944464e-01,8.6297205901e-05,4.9268376457e-05,1.7515739732e+00,1,0,4.9268376457e-05,1.7515739732e+00,1,0
5.2638461538e-01,2.9764142013e-01,9.0462387360e-05,5.4422946602e-05,1.6622103912e+00,1,0,5.4422946602e-05,1.6622103912e+00,1,0
5.2638461538e-01,3.1589855375e-01,9.4828603561e-05,5.4223932125e-05,1.7488330308e+00,1,0,5.4223932125e-05,1.7488330308e+00,1,0
5.2638461538e-01,3.3527556823e-01,9.9405557556e-05,5.4117118506e-05,1.8368597645e+00,1,0,5.4117118506e-05,1.8368597645e+00,1,0
5.2638461538e-01,3.5584115634e-01,1.0420342072e-04,5.4107977169e-05,1.9258421063e+00,1,0,5.4107977169e-05,1.9258421063e+00,1,0
5.2638461538e-01,3.7766822442e-01,1.0923285535e-04,5.4125441347e-05,2.0181425339e+00,1,0,5.4125441347e-05,2.0181425339e+00,1,0
5.2638461538e-01,4.0083415084e-01,1.1450503837e-04,5.4170601814e-05,2.1137856058e+00,1,0,5.4170601814e-05,2.1137856058e+00,1,0
5.2638461538e-01,4.2542106032e-01,1.2003168617e-04,5.4008841577e-05,2.2224451157e+00,1,0,5.4008841577e-05,2.2224451157e+00,1,0
5.2638461538e-01,4.5151611504e-01,1.2464288169e-04,5.3653452310e-05,2.3231101882e+00,1,0,5.3653452310e-05,2.3231101882e+00,1,0
5.2638461538e-01,4.7921182366e-01,1.2943122314e-04,5.3460880094e-05,2.4210454993e+00,1,0,5.3460880094e-05,2.4210454993e+00,1,0
5.2638461538e-01,5.0860636927e-01,1.3160174281e-04,5.3393321412e-05,2.4647603732e+00,1,0,5.3393321412e-05,2.4647603732e+00,1,0
5.2638461538e-01,5.3980395744e-01,1.3286108160e-04,5.3453309414e-05,2.4855538984e+00,1,0,5.3453309414e-05,2.4855538984e+00,1,0
5.2638461538e-01,5.7291518563e-01,1.2924983753e-04,5.3634671495e-05,2.4098187594e+00,1,0,5.3634671495e-05,2.4098187594e+00,1,0
5.2638461538e-01,6.0805743530e-01,1.2089219861e-04,5.4015673059e-05,2.2380948300e+00,1,0,5.4015673059e-05,2.2380948300e+00,1,0
5.2638461538e-01,6.4535528801e-01,1.0737681243e-04,5.4407111365e-05,1.9735804703e+00,1,0,5.4407111365e-05,1.9735804703e+00,1,0
5.2638461538e-01,6.8494096706e-01,9.4703080252e-05,5.4692913558e-05,1.7315420608e+00,1,0,5.4692913558e-05,1.7315420608e+00,1,0
5.2638461538e-01,7.2695480624e-01,8.7996397298e-05,5.5047943115e-05,1.5985410593e+00,1,0,5.5047943115e-05,1.5985410593e+00,1,0
5.2638461538e-01,7.7154574735e-01,1.3602068482e-04,5.5774702924e-05,2.4387522961e+00,1,0,5.5774702924e-05,2.4387522961e+00,1,0
5.2638461538e-01,8.1887186816e-01,1.7476182734e-04,5.6553294637e-05,3.0902147870e+00,1,0,5.6553294637e-05,3.0902147870e+00,1,0
5.2638461538e-01,8.6910094284e-01,2.0410631400e-04,5.6576053057e-05,3.6076449835e+00,1,0,5.6576053057e-05,3.6076449835e+00,1,0
5.2638461538e-01,9.2241103671e-01,1.7665773190e-04,5.5842581171e-05,3.1634951000e+00,1,0,5.5842581171e-05,3.1634951000e+00,1,0
5.2638461538e-01,9.7899113751e-01,2.3186657206e-04,5.6867323961e-05,4.0773251827e+00,1,0,5.6867323961e-05,4.0773251827e+00,1,0
5.2638461538e-01,1.0390418254e+00,2.6194533381e-04,5.8672142012e-05,4.4645606046e+00,1,0,5.8672142012e-05,4.4645606046e+00,1,0
5.2638461538e-01,1.1027759839e+00,2.7627956566e-04,3.5758442143e-05,7.7262752263e+00,1,0,3.5758442143e-05,7.7262752263e+00,1,0
5.2638461538e-01,1.1704195547e+00,2.8542460100e-04,3.4198738527e-05,8.3460564129e+00,1,0,3.4198738527e-05,8.3460564129e+00,1,0
5.2638461538e-01,1.2422123388e+00,2.9078216286e-04,3.3510851029e-05,8.6772539023e+00,1,0,3.3510851029e-05,8.6772539023e+00,1,0
5.2638461538e-01,1.3184088462e+00,2.9083719186e-04,3.2895827927e-05,8.8411573804e+00,1,0,3.2895827927e-05,8.8411573804e+00,1,0
5.2638461538e-01,1.3992791984e+00,2.9354303430e-04,3.3029688460e-05,8.8872480482e+00,1,0,3.3029688460e-05,8.8872480482e+00,1,0
5.2638461538e-01,1.4851100861e+00,3.0141801708e-04,3.3271479796e-05,9.0593510998e+00,1,0,3.3271479796e-05,9.0593510998e+00,1,0
5.2638461538e-01,1.5762057853e+00,3.1743794675e-04,3.3081297680e-05,9.5956920981e+00,1,0,3.3081297680e-05,9.5956920981e+00,1,0
5.2638461538e-01,1.6728892362e+00,3.4704081736e-04,3.3205014517e-05,1.0451458083e+01,1,0,3.3205014517e-05,1.0451458083e+01,1,0
5.2638461538e-01,1.7755031880e+00,3.7211033985e-04,3.3359149411e-05,1.1154671100e+01,1,0,3.3359149411e-05,1.1154671100e+01,1,0
5.2638461538e-01,1.8844114137e+00,3.8680023174e-04,3.3564295647e-05,1.1524157569e+01,1,0,3.3564295647e-05,1.1524157569e+01,1,0
5.2638461538e-01,2.0000000000e+00,4.0663672382e-04,3.3760792530e-05,1.2044643900e+01,1,0,3.3760792530e-05,1.2044643900e+01,1,0
5.2892307692e-01,1.0000000000e-02,4.1241859616e-06,3.4396591472e-06,1.1990100720e+00,1,0,3.4396591472e-06,1.1990100720e+00,1,0
5.2892307692e-01,1.0613393580e-02,4.3751902834e-06,3.5969538462e-06,1.2163598619e+00,1,0,3.5969538462e-06,1.2163598619e+00,1,0
5.2892307692e-01,1.1264412328e-02,4.6414711156e-06,3.8119575463e-06,1.2176082916e+00,1,0,3.8119575463e-06,1.2176082916e+00,1,0
5.2892307692e-01,1.1955364149e-02,4.9239582101e-06,4.0524152920e-06,1.2150675228e+00,1,0,4.0524152920e-06,1.2150675228e+00,1,0
5.2892307692e-01,1.2688698510e-02,5.2236379051e-06,4.3072601838e-06,1.2127518845e+00,1,0,4.3072601838e-06,1.2127518845e+00,1,0
5.2892307692e-01,1.3467015131e-02,5.5100216161e-06,4.6029526624e-06,1.1970624119e+00,1,0,4.6029526624e-06,1.1970624119e+00,1,0
5.2892307692e-01,1.4293073193e-02,5.8121061915e-06,4.9688439671e-06,1.1697099426e+00,1,0,4.9688439671e-06,1.1697099426e+00,1,0
5.2892307692e-01,1.5169801127e-02,6.2003371022e-06,5.4027206105e-06,1.1476323781e+00,1,0,5.4027206105e-06,1.1476323781e+00,1,0
5.2892307692e-01,1.6100306989e-02,6.6145006498e-06,5.8786282965e-06,1.1251775612e+00,1,0,5.8786282965e-06,1.1251775612e+00,1,0
5.2892307692e-01,1.7087889483e-02,6.9946257264e-06,6.4165241586e-06,1.0900957518e+00,1,0,6.4165241586e-06,1.0900957518e+00,1,0
5.2892307692e-01,1.8136049653e-02,7.3965960007e-06,7.0866871904e-06,1.0437311260e+00,1,0,7.0866871904e-06,1.0437311260e+00,1,0
5.2892307692e-01,1.9248503296e-02,7.9022344725e-06,7.8323418608e-06,1.0089235905e+00,1,0,7.8323418608e-06,1.0089235905e+00,1,0
5.2892307692e-01,2.0429194130e-02,8.4424388803e-06,8.6690163541e-06,9.7386353140e-01,1,1,8.6690163541e-06,9.7386353140e-01,1,1
5.2892307692e-01,2.1682307783e-02,8.9225030117e-06,9.6034712024e-06,9.2909145284e-01,1,1,9.6034712024e-06,9.2909145284e-01,1,1
5.2892307692e-01,2.3012286622e-02,9.4857796549e-06,1.0655693740e-05,8.9020760982e-01,1,1,1.0655693740e-05,8.9020760982e-01,1,1
5.2892307692e-01,2.4423845509e-02,1.0084615891e-05,1.1870597566e-05,8.4954576508e-01,1,1,1.1870597566e-05,8.4954576508e-01,1,1
5.2892307692e-01,2.5921988513e-02,1.0721256594e-05,1.3255129356e-05,8.0883832261e-01,1,1,1.3255129356e-05,8.0883832261e-01,1,1
5.2892307692e-01,2.7512026646e-02,1.1398088355e-05,1.4796046226e-05,7.7034690085e-01,1,1,1.4796046226e-05,7.7034690085e-01,1,1
5.2892307692e-01,2.9199596698e-02,1.2117648431e-05,1.6606414942e-05,7.2969683542e-01,1,1,1.6606414942e-05,7.2969683542e-01,1,1
5.2892307692e-01,3.0990681213e-02,1.2882634257e-05,1.8671526000e-05,6.8996150913e-01,1,1,1.8671526000e-05,6.8996150913e-01,1,1
5.2892307692e-01,3.2891629703e-02,1.3695913554e-05,2.0995628402e-05,6.5232215448e-01,1,1,2.0995628402e-05,6.5232215448e-01,1,1
5.2892307692e-01,3.4909181152e-02,1.4560535085e-05,2.3636535800e-05,6.1601815124e-01,1,1,2.3636535800e-05,6.1601815124e-01,1,1
5.2892307692e-01,3.7050487912e-02,1.5479740079e-05,2.6714224127e-05,5.7945684685e-01,1,1,2.6714224127e-05,5.7945684685e-01,1,1
5.2892307692e-01,3.9323141054e-02,1.6456974384e-05,3.0350638449e-05,5.4222827672e-01,1,1,3.0350638449e-05,5.4222827672e-01,1,1
5.2892307692e-01,4.1735197281e-02,1.7495901384e-05,3.4577784135e-05,5.0598677219e-01,1,1,2.9247828765e-05,5.9819487883e-01,1,1
5.2892307692e-01,4.4295207488e-02,1.8600415733e-05,3.9172783461e-05,4.7483007561e-01,1,1,2.5036451360e-05,7.4293339202e-01,1,1
5.2892307692e-01,4.7012247078e-02,1.9774657952e-05,4.4330707479e-05,4.4607133693e-01,1,1,2.2594404287e-05,8.7520156321e-01,1,1
5.2892307692e-01,4.9895948132e-02,2.1023029954e-05,4.6061098460e-05,4.5641616586e-01,1,1,1.9888669357e-05,1.0570355199e+00,1,0
5.2892307692e-01,5.2956533557e-02,2.2350211545e-05,4.5849577922e-05,4.8746820708e-01,1,1,1.8309797907e-05,1.2206694830e+00,1,0
5.2892307692e-01,5.6204853327e-02,2.3761177966e-05,4.5829196331e-05,5.1847249936e-01,1,1,1.7217609220e-05,1.3800509503e+00,1,0
5.2892307692e-01,5.9652422947e-02,2.5261218543e-05,4.7912644903e-05,5.2723489996e-01,1,1,1.6484235224e-05,1.5324471048e+00,1,0
5.2892307692e-01,6.3311464273e-02,2.6855956518e-05,4.9737405491e-05,5.3995491426e-01,1,1,1.6073734231e-05,1.6707975963e+00,1,0
5.2892307692e-01,6.7194948846e-02,2.8551370127e-05,5.1545106173e-05,5.5391039513e-01,1,1,1.6059013984e-05,1.7779030615e+00,1,0
5.2892307692e-01,7.1316643869e-02,3.0543502556e-05,5.3419885945e-05,5.7176278114e-01,1,1,1.6278798256e-05,1.8762750221e+00,1,0
5.2892307692e-01,7.5691161018e-02,3.2485007270e-05,5.5734271781e-05,5.8285514875e-01,1,1,1.6706056049e-05,1.9445048654e+00,1,0
5.2892307692e-01,8.0334008241e-02,3.4549924174e-05,1.5721803898e-05,2.1975801503e+00,1,0,1.5721803898e-05,2.1975801503e+00,1,0
5.2892307692e-01,8.5261644732e-02,3.6746097992e-05,1.5066441132e-05,2.4389368179e+00,1,0,1.5066441132e-05,2.4389368179e+00,1,0
5.2892307692e-01,9.0491539282e-02,3.9081872100e-05,1.4398077522e-05,2.7143812805e+00,1,0,1.4398077522e-05,2.7143812805e+00,1,0
5.2892307692e-01,9.6042232206e-02,4.1566120223e-05,1.4421109499e-05,2.8823108392e+00,1,0,1.4421109499e-05,2.8823108392e+00,1,0
5.2892307692e-01,1.0193340107e-01,4.4208280146e-05,1.4958539891e-05,2.9553873885e+00,1,0,1.4958539891e-05,2.9553873885e+00,1,0
5.2892307692e-01,1.0818593045e-01,4.7018389566e-05,1.4789758012e-05,3.1791182471e+00,1,0,1.4789758012e-05,3.1791182471e+00,1,0
5.2892307692e-01,1.1482198597e-01,5.0007124234e-05,1.5105167952e-05,3.3105970350e+00,1,0,1.5105167952e-05,3.3105970350e+00,1,0
5.2892307692e-01,1.2186509287e-01,5.3185838504e-05,1.5695103762e-05,3.3886898303e+00,1,0,1.5695103762e-05,3.3886898303e+00,1,0
5.2892307692e-01,1.2934021943e-01,5.6566608471e-05,1.6320942170e-05,3.4658911160e+00,1,0,1.6320942170e-05,3.4658911160e+00,1,0
5.2892307692e-01,1.3727386545e-01,6.0162277854e-05,1.7023933928e-05,3.5339821047e+00,1,0,1.7023933928e-05,3.5339821047e+00,1,0
5.2892307692e-01,1.4569415623e-01,6.3986506781e-05,1.7842420406e-05,3.5862010492e+00,1,0,1.7842420406e-05,3.5862010492e+00,1,0
5.2892307692e-01,1.5463094224e-01,6.8053823694e-05,1.9041931668e-05,3.5738928634e+00,1,0,1.9041931668e-05,3.5738928634e+00,1,0
5.2892307692e-01,1.6411590496e-01,7.2379680535e-05,2.0322528285e-05,3.5615490119e+00,1,0,2.0322528285e-05,3.5615490119e+00,1,0
5.2892307692e-01,1.7418266921e-01,7.6980511453e-05,2.2051462620e-05,3.4909480962e+00,1,0,2.2051462620e-05,3.4909480962e+00,1,0
5.2892307692e-01,1.8486692231e-01,8.1873795239e-05,2.4064490016e-05,3.4022659605e+00,1,0,2.4064490016e-05,3.4022659605e+00,1,0
5.2892307692e-01,1.9620654064e-01,8.1359987798e-05,2.6407029435e-05,3.0809973533e+00,1,0,2.6407029435e-05,3.0809973533e+00,1,0
5.2892307692e-01,2.0824172388e-01,7.5745327824e-05,2.9158737972e-05,2.5976888265e+00,1,0,2.9158737972e-05,2.5976888265e+00,1,0
5.2892307692e-01,2.2101513753e-01,7.7140752358e-05,3.2197709213e-05,2.3958459854e+00,1,0,3.2197709213e-05,2.3958459854e+00,1,0
5.2892307692e-01,2.3457206418e-01,7.9661898474e-05,3.5655711245e-05,2.2341974313e+00,1,0,3.5655711245e-05,2.2341974313e+00,1,0
5.2892307692e-01,2.4896056400e-01,8.3218443556e-05,3.9700963133e-05,2.0961316046e+00,1,0,3.9700963133e-05,2.0961316046e+00,1,0
5.2892307692e-01,2.6423164516e-01,8.6933772362e-05,4.4205764925e-05,1.9665709328e+00,1,0,4.4205764925e-05,1.9665709328e+00,1,0
5.2892307692e-01,2.8043944464e-01,9.1666122447e-05,4.9222352396e-05,1.8622865016e+00,1,0,4.9222352396e-05,1.8622865016e+00,1,0
5.2892307692e-01,2.9764142013e-01,9.6656084007e-05,5.3884977243e-05,1.7937482570e+00,1,0,5.3884977243e-05,1.7937482570e+00,1,0
5.2892307692e-01,3.1589855375e-01,1.0102883858e-04,5.3689859002e-05,1.8817117507e+00,1,0,5.3689859002e-05,1.8817117507e+00,1,0
5.2892307692e-01,3.3527556823e-01,1.0559941807e-04,5.3597230592e-05,1.9702401953e+00,1,0,5.3597230592e-05,1.9702401953e+00,1,0
5.2892307692e-01,3.5584115634e-01,1.1137384286e-04,5.3590267434e-05,2.0782475660e+00,1,0,5.3590267434e-05,2.0782475660e+00,1,0
5.2892307692e-01,3.7766822442e-01,1.1656185882e-04,5.3609740259e-05,2.1742664348e+00,1,0,5.3609740259e-05,2.1742664348e+00,1,0
5.2892307692e-01,4.0083415084e-01,1.2199154293e-04,5.3656733946e-05,2.2735551338e+00,1,0,5.3656733946e-05,2.2735551338e+00,1,0
5.2892307692e-01,4.2542106032e-01,1.2767415256e-04,5.3462035996e-05,2.3881273913e+00,1,0,5.3462035996e-05,2.3881273913e+00,1,0
5.2892307692e-01,4.5151611504e-01,1.3239372187e-04,5.3112657852e-05,2.4926962276e+00,1,0,5.3112657852e-05,2.4926962276e+00,1,0
5.2892307692e-01,4.7921182366e-01,1.3728775354e-04,5.2941175450e-05,2.5932131724e+00,1,0,5.2941175450e-05,2.5932131724e+00,1,0
5.2892307692e-01,5.0860636927e-01,1.3949303524e-04,5.2885632119e-05,2.6376357746e+00,1,0,5.2885632119e-05,2.6376357746e+00,1,0
5.2892307692e-01,5.3980395744e-01,1.4051035158e-04,5.2947715458e-05,2.6537566422e+00,1,0,5.2947715458e-05,2.6537566422e+00,1,0
5.2892307692e-01,5.7291518563e-01,1.3627287789e-04,5.3150182455e-05,2.5639211682e+00,1,0,5.3150182455e-05,2.5639211682e+00,1,0
5.2892307692e-01,6.0805743530e-01,1.2687786459e-04,5.3530610728e-05,2.3701927339e+00,1,0,5.3530610728e-05,2.3701927339e+00,1,0
5.2892307692e-01,6.4535528801e-01,1.1229509885e-04,5.3907553575e-05,2.0831050827e+00,1,0,5.3907553575e-05,2.0831050827e+00,1,0
5.2892307692e-01,6.8494096706e-01,9.9388409997e-05,5.4193805803e-05,1.8339440924e+00,1,0,5.4193805803e-05,1.8339440924e+00,1,0
5.2892307692e-01,7.2695480624e-01,9.4009464119e-05,5.4577154539e-05,1.7225057795e+00,1,0,5.4577154539e-05,1.7225057795e+00,1,0
5.2892307692e-01,7.7154574735e-01,1.4765466617e-04,5.5301001315e-05,2.6700179501e+00,1,0,5.5301001315e-05,2.6700179501e+00,1,0
5.2892307692e-01,8.1887186816e-01,1.8849220511e-04,5.6076408736e-05,3.3613458735e+00,1,0,5.6076408736e-05,3.3613458735e+00,1,0
5.2892307692e-01,8.6910094284e-01,2.1746355404e-04,5.5973611604e-05,3.8851084969e+00,1,0,5.5973611604e-05,3.8851084969e+00,1,0
5.2892307692e-01,9.2241103671e-01,1.7831324312e-04,5.5251474313e-05,3.2273028970e+00,1,0,5.5251474313e-05,3.2273028970e+00,1,0
5.2892307692e-01,9.7899113751e-01,2.5221100632e-04,5.6463464348e-05,4.4668000668e+00,1,0,5.6463464348e-05,4.4668000668e+00,1,0
5.2892307692e-01,1.0390418254e+00,2.8025130316e-04,5.8259317803e-05,4.8104116857e+00,1,0,5.8259317803e-05,4.8104116857e+00,1,0
5.2892307692e-01,1.1027759839e+00,2.9371717873e-04,3.5076174820e-05,8.3736946871e+00,1,0,3.5076174820e-05,8.3736946871e+00,1,0
5.2892307692e-01,1.1704195547e+00,3.0291122763e-04,3.3804509720e-05,8.9606750736e+00,1,0,3.3804509720e-05,8.9606750736e+00,1,0
5.2892307692e-01,1.2422123388e+00,3.0818582802e-04,3.3139125481e-05,9.2997574182e+00,1,0,3.3139125481e-05,9.2997574182e+00,1,0
5.2892307692e-01,1.3184088462e+00,3.0784101477e-04,3.2533374932e-05,9.4623141747e+00,1,0,3.2533374932e-05,9.4623141747e+00,1,0
5.2892307692e-01,1.3992791984e+00,3.1152799064e-04,3.2757333024e-05,9.5101756425e+00,1,0,3.2757333024e-05,9.5101756425e+00,1,0
5.2892307692e-01,1.4851100861e+00,3.1996514416e-04,3.2931379074e-05,9.7161173676e+00,1,0,3.2931379074e-05,9.7161173676e+00,1,0
5.2892307692e-01,1.5762057853e+00,3.3897460522e-04,3.2773334781e-05,1.0343000109e+01,1,0,3.2773334781e-05,1.0343000109e+01,1,0
5.2892307692e-01,1.6728892362e+00,3.7013602544e-04,3.2898250296e-05,1.1250933472e+01,1,0,3.2898250296e-05,1.1250933472e+01,1,0
5.2892307692e-01,1.7755031880e+00,3.9546369960e-04,3.3055002155e-05,1.1963808011e+01,1,0,3.3055002155e-05,1.1963808011e+01,1,0
5.2892307692e-01,1.8844114137e+00,4.1128291795e-04,3.3259800012e-05,1.2365766415e+01,1,0,3.3259800012e-05,1.2365766415e+01,1,0
5.2892307692e-01,2.0000000000e+00,4.3257501946e-04,3.3454377646e-05,1.2930296419e+01,1,0,3.3454377646e-05,1.2930296419e+01,1,0
5.3146153846e-01,1.0000000000e-02,4.3554360284e-06,3.4181074022e-06,1.2742244511e+00,1,0,3.4181074022e-06,1.2742244511e+00,1,0
5.3146153846e-01,1.0613393580e-02,4.6206812722e-06,3.5792702370e-06,1.2909562470e+00,1,0,3.5792702370e-06,1.2909562470e+00,1,0
5.3146153846e-01,1.1264412328e-02,4.9020799020e-06,3.7941880412e-06,1.2919970884e+00,1,0,3.7941880412e-06,1.2919970884e+00,1,0
5.3146153846e-01,1.1955364149e-02,5.2006156560e-06,4.0336000449e-06,1.2893235814e+00,1,0,4.0336000449e-06,1.2893235814e+00,1,0
5.3146153846e-01,1.2688698510e-02,5.5173321818e-06,4.2872110991e-06,1.2869280412e+00,1,0,4.2872110991e-06,1.2869280412e+00,1,0
5.3146153846e-01,1.3467015131e-02,5.8533366852e-06,4.5843911075e-06,1.2767969721e+00,1,0,4.5843911075e-06,1.2767969721e+00,1,0
5.3146153846e-01,1.4293073193e-02,6.1718670281e-06,4.9547005746e-06,1.2456589324e+00,1,0,4.9547005746e-06,1.2456589324e+00,1,0
5.3146153846e-01,1.5169801127e-02,6.5513083364e-06,5.3874307715e-06,1.2160357347e+00,1,0,5.3874307715e-06,1.2160357347e+00,1,0
5.3146153846e-01,1.6100306989e-02,6.9540773844e-06,5.8635057698e-06,1.1859930999e+00,1,0,5.8635057698e-06,1.1859930999e+00,1,0
5.3146153846e-01,1.7087889483e-02,7.3816083420e-06,6.4037010981e-06,1.1527096954e+00,1,0,6.4037010981e-06,1.1527096954e+00,1,0
5.3146153846e-01,1.8136049653e-02,7.8354235514e-06,7.0758115870e-06,1.1073533340e+00,1,0,7.0758115870e-06,1.1073533340e+00,1,0
5.3146153846e-01,1.9248503296e-02,8.3171389465e-06,7.8204259260e-06,1.0635148296e+00,1,0,7.8204259260e-06,1.0635148296e+00,1,0
5.3146153846e-01,2.0429194130e-02,8.8777576433e-06,8.6573370501e-06,1.0254605535e+00,1,0,8.6573370501e-06,1.0254605535e+00,1,0
5.3146153846e-01,2.1682307783e-02,9.4761649747e-06,9.5906474285e-06,9.8806311517e-01,1,1,9.5906474285e-06,9.8806311517e-01,1,1
5.3146153846e-01,2.3012286622e-02,1.0026916433e-05,1.0645890020e-05,9.4185797663e-01,1,1,1.0645890020e-05,9.4185797663e-01,1,1
5.3146153846e-01,2.4423845509e-02,1.0609677378e-05,1.1862154803e-05,8.9441400439e-01,1,1,1.1862154803e-05,8.9441400439e-01,1,1
5.3146153846e-01,2.5921988513e-02,1.1331172625e-05,1.3245662826e-05,8.5546286158e-01,1,1,1.3245662826e-05,8.5546286158e-01,1,1
5.3146153846e-01,2.7512026646e-02,1.2101732077e-05,1.4785349827e-05,8.1849480866e-01,1,1,1.4785349827e-05,8.1849480866e-01,1,1
5.3146153846e-01,2.9199596698e-02,1.2798114821e-05,1.6603874621e-05,7.7079086133e-01,1,1,1.6603874621e-05,7.7079086133e-01,1,1
5.3146153846e-01,3.0990681213e-02,1.3611101239e-05,1.8668829858e-05,7.2908164804e-01,1,1,1.8668829858e-05,7.2908164804e-01,1,1
5.3146153846e-01,3.2891629703e-02,1.4475731742e-05,2.0992766880e-05,6.8955806659e-01,1,1,2.0992766880e-05,6.8955806659e-01,1,1
5.3146153846e-01,3.4909181152e-02,1.5395286963e-05,2.3642099735e-05,6.5118103452e-01,1,1,2.3642099735e-05,6.5118103452e-01,1,1
5.3146153846e-01,3.7050487912e-02,1.6373255937e-05,2.6731820019e-05,6.1250060508e-01,1,1,2.6731820019e-05,6.1250060508e-01,1,1
5.3146153846e-01,3.9323141054e-02,1.7413349333e-05,3.0373511231e-05,5.7330708986e-01,1,1,3.0373511231e-05,5.7330708986e-01,1,1
5.3146153846e-01,4.1735197281e-02,1.8519513538e-05,3.4610423412e-05,5.3508485919e-01,1,1,2.8542725375e-05,6.4883480097e-01,1,1
5.3146153846e-01,4.4295207488e-02,1.9695945629e-05,3.9183049828e-05,5.0266494609e-01,1,1,2.4277970279e-05,8.1126821572e-01,1,1
5.3146153846e-01,4.7012247078e-02,2.0947109299e-05,4.4351549701e-05,4.7229712242e-01,1,1,2.2064819609e-05,9.4934423532e-01,1,1
5.3146153846e-01,4.9895948132e-02,2.2277751788e-05,4.5610727467e-05,4.8843228393e-01,1,1,1.9626181101e-05,1.1351037512e+00,1,0
5.3146153846e-01,5.2956533557e-02,2.3692921905e-05,4.5389376177e-05,5.2199267538e-01,1,1,1.7973539053e-05,1.3182112791e+00,1,0
5.3146153846e-01,5.6204853327e-02,2.5197989174e-05,4.5428827004e-05,5.5466959716e-01,1,1,1.7001585467e-05,1.4820964329e+00,1,0
5.3146153846e-01,5.9652422947e-02,2.6798664216e-05,4.7640184943e-05,5.6252225402e-01,1,1,1.6271357147e-05,1.6469839593e+00,1,0
5.3146153846e-01,6.3311464273e-02,2.8501020411e-05,4.9405616173e-05,5.7687814906e-01,1,1,1.5901558459e-05,1.7923413283e+00,1,0
5.3146153846e-01,6.7194948846e-02,3.0311516943e-05,5.1200693427e-05,5.9201379737e-01,1,1,1.5906390787e-05,1.9056187761e+00,1,0
5.3146153846e-01,7.1316643869e-02,3.2237023313e-05,5.3063151202e-05,6.0752184110e-01,1,1,1.6156553832e-05,1.9952908057e+00,1,0
5.3146153846e-01,7.5691161018e-02,3.4284845394e-05,5.5396608105e-05,6.1889791752e-01,1,1,1.6582872803e-05,2.0674852784e+00,1,0
5.3146153846e-01,8.0334008241e-02,3.6462753161e-05,1.5519851733e-05,2.3494266433e+00,1,0,1.5519851733e-05,2.3494266433e+00,1,0
5.3146153846e-01,8.5261644732e-02,3.8779010166e-05,1.4868071110e-05,2.6082072032e+00,1,0,1.4868071110e-05,2.6082072032e+00,1,0
5.3146153846e-01,9.0491539282e-02,4.1242404895e-05,1.4248479842e-05,2.8945126324e+00,1,0,1.4248479842e-05,2.8945126324e+00,1,0
5.3146153846e-01,9.6042232206e-02,4.3862284113e-05,1.4333771129e-05,3.0600658905e+00,1,0,1.4333771129e-05,3.0600658905e+00,1,0
5.3146153846e-01,1.0193340107e-01,4.6648588329e-05,1.4775580731e-05,3.1571407702e+00,1,0,1.4775580731e-05,3.1571407702e+00,1,0
5.3146153846e-01,1.0818593045e-01,4.9611889509e-05,1.4671508761e-05,3.3815124482e+00,1,0,1.4671508761e-05,3.3815124482e+00,1,0
5.3146153846e-01,1.1482198597e-01,5.3075910577e-05,1.5007370582e-05,3.5366562242e+00,1,0,1.5007370582e-05,3.5366562242e+00,1,0
5.3146153846e-01,1.2186509287e-01,5.6450590451e-05,1.5593522529e-05,3.6201307529e+00,1,0,1.5593522529e-05,3.6201307529e+00,1,0
5.3146153846e-01,1.2934021943e-01,6.0039839688e-05,1.6220308974e-05,3.7015225657e+00,1,0,1.6220308974e-05,3.7015225657e+00,1,0
5.3146153846e-01,1.3727386545e-01,6.3857301065e-05,1.6919000546e-05,3.7742951123e+00,1,0,1.6919000546e-05,3.7742951123e+00,1,0
5.3146153846e-01,1.4569415623e-01,6.7917484798e-05,1.7765086919e-05,3.8230876724e+00,1,0,1.7765086919e-05,3.8230876724e+00,1,0
5.3146153846e-01,1.5463094224e-01,7.2235823694e-05,1.8959433464e-05,3.8100201585e+00,1,0,1.8959433464e-05,3.8100201585e+00,1,0
5.3146153846e-01,1.6411590496e-01,7.6828731809e-05,2.0234516441e-05,3.7969146449e+00,1,0,2.0234516441e-05,3.7969146449e+00,1,0
5.3146153846e-01,1.7418266921e-01,8.1713666843e-05,2.1995290554e-05,3.7150528493e+00,1,0,2.1995290554e-05,3.7150528493e+00,1,0
5.3146153846e-01,1.8486692231e-01,8.6909196491e-05,2.4003226490e-05,3.6207297601e+00,1,0,2.4003226490e-05,3.6207297601e+00,1,0
5.3146153846e-01,1.9620654064e-01,8.4817228492e-05,2.6364700978e-05,3.2170753070e+00,1,0,2.6364700978e-05,3.2170753070e+00,1,0
5.3146153846e-01,2.0824172388e-01,7.9847284783e-05,2.9112037931e-05,2.7427583384e+00,1,0,2.9112037931e-05,2.7427583384e+00,1,0
5.3146153846e-01,2.2101513753e-01,8.1443276642e-05,3.2146182819e-05,2.5335286961e+00,1,0,3.2146182819e-05,2.5335286961e+00,1,0
5.3146153846e-01,2.3457206418e-01,8.4229544036e-05,3.5622451902e-05,2.3645072009e+00,1,0,3.5622451902e-05,2.3645072009e+00,1,0
5.3146153846e-01,2.4896056400e-01,8.8044519443e-05,3.9663975150e-05,2.2197603520e+00,1,0,3.9663975150e-05,2.2197603520e+00,1,0
5.3146153846e-01,2.6423164516e-01,9.2032285020e-05,4.4164626935e-05,2.0838460870e+00,1,0,4.4164626935e-05,2.0838460870e+00,1,0
5.3146153846e-01,2.8043944464e-01,9.6955443154e-05,4.9176595243e-05,1.9715769804e+00,1,0,4.9176595243e-05,1.9715769804e+00,1,0
5.3146153846e-01,2.9764142013e-01,1.0214195980e-04,5.3355014198e-05,1.9143835184e+00,1,0,5.3355014198e-05,1.9143835184e+00,1,0
5.3146153846e-01,3.1589855375e-01,1.0691852323e-04,5.3163722340e-05,2.0111180806e+00,1,0,5.3163722340e-05,2.0111180806e+00,1,0
5.3146153846e-01,3.3527556823e-01,1.1191845772e-04,5.3084953570e-05,2.1082896414e+00,1,0,5.3084953570e-05,2.1082896414e+00,1,0
5.3146153846e-01,3.5584115634e-01,1.1785647892e-04,5.3080124191e-05,2.2203504743e+00,1,0,5.3080124191e-05,2.2203504743e+00,1,0
5.3146153846e-01,3.7766822442e-01,1.2337121201e-04,5.3101563228e-05,2.3233065942e+00,1,0,5.3101563228e-05,2.3233065942e+00,1,0
5.3146153846e-01,4.0083415084e-01,1.2914399015e-04,5.3150349726e-05,2.4297862726e+00,1,0,5.3150349726e-05,2.4297862726e+00,1,0
5.3146153846e-01,4.2542106032e-01,1.3518688776e-04,5.2923534614e-05,2.5543813117e+00,1,0,5.2923534614e-05,2.5543813117e+00,1,0
5.3146153846e-01,4.5151611504e-01,1.4002543660e-04,5.2580059907e-05,2.6630900925e+00,1,0,5.2580059907e-05,2.6630900925e+00,1,0
5.3146153846e-01,4.7921182366e-01,1.4503716462e-04,5.2429176811e-05,2.7663444944e+00,1,0,5.2429176811e-05,2.7663444944e+00,1,0
5.3146153846e-01,5.0860636927e-01,1.4721584854e-04,5.2385374823e-05,2.8102471164e+00,1,0,5.2385374823e-05,2.8102471164e+00,1,0
5.3146153846e-01,5.3980395744e-01,1.4789544937e-04,5.2449505775e-05,2.8197682168e+00,1,0,5.2449505775e-05,2.8197682168e+00,1,0
5.3146153846e-01,5.7291518563e-01,1.4298309650e-04,5.2672581538e-05,2.7145640546e+00,1,0,5.2672581538e-05,2.7145640546e+00,1,0
5.3146153846e-01,6.0805743530e-01,1.3253372502e-04,5.3052427249e-05,2.4981651527e+00,1,0,5.3052427249e-05,2.4981651527e+00,1,0
5.3146153846e-01,6.4535528801e-01,1.1696658820e-04,5.3415181697e-05,2.1897629941e+00,1,0,5.3415181697e-05,2.1897629941e+00,1,0
5.3146153846e-01,6.8494096706e-01,1.0389572555e-04,5.3701857760e-05,1.9346765620e+00,1,0,5.3701857760e-05,1.9346765620e+00,1,0
5.3146153846e-01,7.2695480624e-01,1.0150870636e-04,5.4112873920e-05,1.8758698070e+00,1,0,5.4112873920e-05,1.8758698070e+00,1,0
5.3146153846e-01,7.7154574735e-01,1.5951991530e-04,5.4833828274e-05,2.9091515279e+00,1,0,5.4833828274e-05,2.9091515279e+00,1,0
5.3146153846e-01,8.1887186816e-01,2.0218406938e-04,5.5606074738e-05,3.6360068631e+00,1,0,5.5606074738e-05,3.6360068631e+00,1,0
5.3146153846e-01,8.6910094284e-01,2.3018657805e-04,5.5380704508e-05,4.1564400471e+00,1,0,5.5380704508e-05,4.1564400471e+00,1,0
5.3146153846e-01,9.2241103671e-01,1.7828201576e-04,5.4669692553e-05,3.2610758802e+00,1,0,5.4669692553e-05,3.2610758802e+00,1,0
5.3146153846e-01,9.7899113751e-01,2.7080746176e-04,5.6064681150e-05,4.8302684721e+00,1,0,5.6064681150e-05,4.8302684721e+00,1,0
5.3146153846e-01,1.0390418254e+00,2.9702206630e-04,5.5499353535e-05,5.3518112802e+00,1,0,5.5499353535e-05,5.3518112802e+00,1,0
5.3146153846e-01,1.1027759839e+00,3.1084774504e-04,3.4410285634e-05,9.0335706115e+00,1,0,3.4410285634e-05,9.0335706115e+00,1,0
5.3146153846e-01,1.1704195547e+00,3.1998752079e-04,3.3416864318e-05,9.5756297701e+00,1,0,3.3416864318e-05,9.5756297701e+00,1,0
5.3146153846e-01,1.2422123388e+00,3.2497344031e-04,3.2773456054e-05,9.9157513257e+00,1,0,3.2773456054e-05,9.9157513257e+00,1,0
5.3146153846e-01,1.3184088462e+00,3.2450608490e-04,3.2176803149e-05,1.0085094016e+01,1,0,3.2176803149e-05,1.0085094016e+01,1,0
5.3146153846e-01,1.3992791984e+00,3.2927917170e-04,3.2488695321e-05,1.0135192209e+01,1,0,3.2488695321e-05,1.0135192209e+01,1,0
5.3146153846e-01,1.4851100861e+00,3.3821926435e-04,3.2596544115e-05,1.0375923999e+01,1,0,3.2596544115e-05,1.0375923999e+01,1,0
5.3146153846e-01,1.5762057853e+00,3.6040225080e-04,3.2469878629e-05,1.1099587249e+01,1,0,3.2469878629e-05,1.1099587249e+01,1,0
5.3146153846e-01,1.6728892362e+00,3.9299489660e-04,3.2595955658e-05,1.2056553909e+01,1,0,3.2595955658e-05,1.2056553909e+01,1,0
5.3146153846e-01,1.7755031880e+00,4.1847574798e-04,3.2755252445e-05,1.2775836446e+01,1,0,3.2755252445e-05,1.2775836446e+01,1,0
5.3146153846e-01,1.8844114137e+00,4.3544184023e-04,3.2957216259e-05,1.3212336771e+01,1,0,3.2957216259e-05,1.3212336771e+01,1,0
5.3146153846e-01,2.0000000000e+00,4.5820898456e-04,3.3153591289e-05,1.3820794875e+01,1,0,3.3153591289e-05,1.3820794875e+01,1,0
5.3400000000e-01,1.0000000000e-02,4.5836981864e-06,3.3967986119e-06,1.3494171160e+00,1,0,3.3967986119e-06,1.3494171160e+00,1,0
5.3400000000e-01,1.0613393580e-02,4.8630337445e-06,3.5617633828e-06,1.3653444156e+00,1,0,3.5617633828e-06,1.3653444156e+00,1,0
5.3400000000e-01,1.1264412328e-02,5.1593923155e-06,3.7766092698e-06,1.3661440586e+00,1,0,3.7766092698e-06,1.3661440586e+00,1,0
5.3400000000e-01,1.1955364149e-02,5.4738113006e-06,4.0149453444e-06,1.3633588582e+00,1,0,4.0149453444e-06,1.3633588582e+00,1,0
5.3400000000e-01,1.2688698510e-02,5.8073913209e-06,4.2673565656e-06,1.3608872921e+00,1,0,4.2673565656e-06,1.3608872921e+00,1,0
5.3400000000e-01,1.3467015131e-02,6.1613000708e-06,4.5659987789e-06,1.3493871482e+00,1,0,4.5659987789e-06,1.3493871482e+00,1,0
5.3400000000e-01,1.4293073193e-02,6.4981595780e-06,4.9406711874e-06,1.3152382200e+00,1,0,4.9406711874e-06,1.3152382200e+00,1,0
5.3400000000e-01,1.5169801127e-02,6.8983922045e-06,5.3722636046e-06,1.2840755243e+00,1,0,5.3722636046e-06,1.2840755243e+00,1,0
5.3400000000e-01,1.6100306989e-02,7.3232758347e-06,5.8485010054e-06,1.2521628752e+00,1,0,5.8485010054e-06,1.2521628752e+00,1,0
5.3400000000e-01,1.7087889483e-02,7.7743287654e-06,6.3933183298e-06,1.2160083957e+00,1,0,6.3933183298e-06,1.2160083957e+00,1,0
5.3400000000e-01,1.8136049653e-02,8.2531628082e-06,7.0650120653e-06,1.1681739156e+00,1,0,7.0650120653e-06,1.1681739156e+00,1,0
5.3400000000e-01,1.9248503296e-02,8.7614890486e-06,7.8085928231e-06,1.1220317472e+00,1,0,7.8085928231e-06,1.1220317472e+00,1,0
5.3400000000e-01,2.0429194130e-02,9.3011239610e-06,8.6457374683e-06,1.0758045794e+00,1,0,8.6457374683e-06,1.0758045794e+00,1,0
5.3400000000e-01,2.1682307783e-02,9.9409112811e-06,9.5779106252e-06,1.0378997748e+00,1,0,9.5779106252e-06,1.0378997748e+00,1,0
5.3400000000e-01,2.3012286622e-02,1.0564616022e-05,1.0636151290e-05,9.9327432777e-01,1,1,1.0636151290e-05,9.9327432777e-01,1,1
5.3400000000e-01,2.4423845509e-02,1.1227452750e-05,1.1853814572e-05,9.4715947193e-01,1,1,1.1853814572e-05,9.4715947193e-01,1,1
5.3400000000e-01,2.5921988513e-02,1.1931876652e-05,1.3236022795e-05,9.0146993826e-01,1,1,1.3236022795e-05,9.0146993826e-01,1,1
5.3400000000e-01,2.7512026646e-02,1.2680496958e-05,1.4775579857e-05,8.5820638378e-01,1,1,1.4775579857e-05,8.5820638378e-01,1,1
5.3400000000e-01,2.9199596698e-02,1.3476086602e-05,1.6601358452e-05,8.1174601712e-01,1,1,1.6601358452e-05,8.1174601712e-01,1,1
5.3400000000e-01,3.0990681213e-02,1.4321592499e-05,1.8666159348e-05,7.6724902172e-01,1,1,1.8666159348e-05,7.6724902172e-01,1,1
5.3400000000e-01,3.2891629703e-02,1.5220146454e-05,2.0989932563e-05,7.2511650087e-01,1,1,2.0989932563e-05,7.2511650087e-01,1,1
5.3400000000e-01,3.4909181152e-02,1.6175076765e-05,2.3647652498e-05,6.8400348689e-01,1,1,2.3647652498e-05,6.8400348689e-01,1,1
5.3400000000e-01,3.7050487912e-02,1.7189920554e-05,2.6749871484e-05,6.4261693986e-01,1,1,2.6749871484e-05,6.4261693986e-01,1,1
5.3400000000e-01,3.9323141054e-02,1.8268436864e-05,3.0397839833e-05,6.0097812755e-01,1,1,3.0397839833e-05,6.0097812755e-01,1,1
5.3400000000e-01,4.1735197281e-02,1.9536950858e-05,3.4642955108e-05,5.6395162588e-01,1,1,2.7267251795e-05,7.1649871448e-01,1,1
5.3400000000e-01,4.4295207488e-02,2.0893547252e-05,3.9193288496e-05,5.3308992569e-01,1,1,2.3545929885e-05,8.8735281866e-01,1,1
5.3400000000e-01,4.7012247078e-02,2.2101688535e-05,4.4372322175e-05,4.9809627830e-01,1,1,2.1453760121e-05,1.0302011587e+00,1,0
5.3400000000e-01,4.9895948132e-02,2.3519764675e-05,4.5166893796e-05,5.2073017865e-01,1,1,1.9368391421e-05,1.2143375340e+00,1,0
5.3400000000e-01,5.2956533557e-02,2.5028826622e-05,4.4935971465e-05,5.5698866200e-01,1,1,1.7645021007e-05,1.4184639742e+00,1,0
5.3400000000e-01,5.6204853327e-02,2.6634712155e-05,4.5119209663e-05,5.9031867698e-01,1,1,1.6789288481e-05,1.5864110135e+00,1,0
5.3400000000e-01,5.9652422947e-02,2.8343633614e-05,4.7350755916e-05,5.9858883065e-01,1,1,1.6086451158e-05,1.7619569000e+00,1,0
5.3400000000e-01,6.3311464273e-02,3.0162201933e-05,4.9077286691e-05,6.1458576802e-01,1,1,1.5751089567e-05,1.9149279677e+00,1,0
5.3400000000e-01,6.7194948846e-02,3.2097452213e-05,5.0860222804e-05,6.3109145898e-01,1,1,1.5755940014e-05,2.0371651697e+00,1,0
5.3400000000e-01,7.1316643869e-02,3.4156870935e-05,5.2723927819e-05,6.4784382250e-01,1,1,1.6035808141e-05,2.1300373910e+00,1,0
5.3400000000e-01,7.5691161018e-02,3.6348424927e-05,2.0992580681e-05,1.7314891141e+00,1,0,1.6461182996e-05,2.2081295697e+00,1,0
5.3400000000e-01,8.0334008241e-02,3.8680592175e-05,1.5321441637e-05,2.5246052619e+00,1,0,1.5321441637e-05,2.5246052619e+00,1,0
5.3400000000e-01,8.5261644732e-02,4.1162394631e-05,1.4673243232e-05,2.8052690180e+00,1,0,1.4673243232e-05,2.8052690180e+00,1,0
5.3400000000e-01,9.0491539282e-02,4.3803433103e-05,1.4114361333e-05,3.1034654753e+00,1,0,1.4114361333e-05,3.1034654753e+00,1,0
5.3400000000e-01,9.6042232206e-02,4.6613924405e-05,1.4247377286e-05,3.2717547567e+00,1,0,1.4247377286e-05,3.2717547567e+00,1,0
5.3400000000e-01,1.0193340107e-01,4.9604740872e-05,1.4595718312e-05,3.3985816808e+00,1,0,1.4595718312e-05,3.3985816808e+00,1,0
5.3400000000e-01,1.0818593045e-01,5.2787452428e-05,1.4554764571e-05,3.6268159593e+00,1,0,1.4554764571e-05,3.6268159593e+00,1,0
5.3400000000e-01,1.1482198597e-01,5.6174371337e-05,1.4910670683e-05,3.7673940046e+00,1,0,1.4910670683e-05,3.7673940046e+00,1,0
5.3400000000e-01,1.2186509287e-01,5.9778599837e-05,1.5493080835e-05,3.8584062442e+00,1,0,1.5493080835e-05,3.8584062442e+00,1,0
5.3400000000e-01,1.2934021943e-01,6.3614080825e-05,1.6120774055e-05,3.9460934448e+00,1,0,1.6120774055e-05,3.9460934448e+00,1,0
5.3400000000e-01,1.3727386545e-01,6.7695651791e-05,1.6815212003e-05,4.0258577637e+00,1,0,1.6815212003e-05,4.0258577637e+00,1,0
5.3400000000e-01,1.4569415623e-01,7.2039102225e-05,1.7688457342e-05,4.0726616704e+00,1,0,1.7688457342e-05,4.0726616704e+00,1,0
5.3400000000e-01,1.5463094224e-01,7.6661234688e-05,1.8877685876e-05,4.0609445031e+00,1,0,1.8877685876e-05,4.0609445031e+00,1,0
5.3400000000e-01,1.6411590496e-01,8.1579929822e-05,2.0147305071e-05,4.0491733031e+00,1,0,2.0147305071e-05,4.0491733031e+00,1,0
5.3400000000e-01,1.7418266921e-01,8.6310109180e-05,2.1939530941e-05,3.9339997473e+00,1,0,2.1939530941e-05,3.9339997473e+00,1,0
5.3400000000e-01,1.8486692231e-01,9.1314554487e-05,2.3942412543e-05,3.8139245292e+00,1,0,2.3942412543e-05,3.8139245292e+00,1,0
5.3400000000e-01,1.9620654064e-01,8.7992158526e-05,2.6322644489e-05,3.3428312480e+00,1,0,2.6322644489e-05,3.3428312480e+00,1,0
5.3400000000e-01,2.0824172388e-01,8.3881627085e-05,2.9065637703e-05,2.8859379568e+00,1,0,2.9065637703e-05,2.8859379568e+00,1,0
5.3400000000e-01,2.2101513753e-01,8.5678917052e-05,3.2094986970e-05,2.6695420419e+00,1,0,3.2094986970e-05,2.6695420419e+00,1,0
5.3400000000e-01,2.3457206418e-01,8.8735440606e-05,3.5589385136e-05,2.4933119881e+00,1,0,3.5589385136e-05,2.4933119881e+00,1,0
5.3400000000e-01,2.4896056400e-01,9.2808271753e-05,3.9627201087e-05,2.3420344916e+00,1,0,3.9627201087e-05,2.3420344916e+00,1,0
5.3400000000e-01,2.6423164516e-01,9.7068040086e-05,4.4123726606e-05,2.1999057549e+00,1,0,4.4123726606e-05,2.1999057549e+00,1,0
5.3400000000e-01,2.8043944464e-01,1.0218260398e-04,4.9131102163e-05,2.0797946612e+00,1,0,4.9131102163e-05,2.0797946612e+00,1,0
5.3400000000e-01,2.9764142013e-01,1.0756665682e-04,5.2832900000e-05,2.0359786576e+00,1,0,5.2832900000e-05,2.0359786576e+00,1,0
5.3400000000e-01,3.1589855375e-01,1.1323439811e-04,5.2645366173e-05,2.1508901228e+00,1,0,5.2645366173e-05,2.1508901228e+00,1,0
5.3400000000e-01,3.3527556823e-01,1.1840571299e-04,5.2580139493e-05,2.2519094496e+00,1,0,5.2580139493e-05,2.2519094496e+00,1,0
5.3400000000e-01,3.5584115634e-01,1.2381319724e-04,5.2577400487e-05,2.3548748339e+00,1,0,5.2577400487e-05,2.3548748339e+00,1,0
5.3400000000e-01,3.7766822442e-01,1.2946763652e-04,5.2600764264e-05,2.4613261486e+00,1,0,5.2600764264e-05,2.4613261486e+00,1,0
5.3400000000e-01,4.0083415084e-01,1.3623420248e-04,5.2651304094e-05,2.5874801170e+00,1,0,5.2651304094e-05,2.5874801170e+00,1,0
5.3400000000e-01,4.2542106032e-01,1.4217849544e-04,5.2393171269e-05,2.7136837110e+00,1,0,5.2393171269e-05,2.7136837110e+00,1,0
5.3400000000e-01,4.5151611504e-01,1.4838215512e-04,5.2055494655e-05,2.8504609572e+00,1,0,5.2055494655e-05,2.8504609572e+00,1,0
5.3400000000e-01,4.7921182366e-01,1.5232478604e-04,5.1924732611e-05,2.9335690023e+00,1,0,5.1924732611e-05,2.9335690023e+00,1,0
5.3400000000e-01,5.0860636927e-01,1.5485501641e-04,5.1892404680e-05,2.9841557230e+00,1,0,5.1892404680e-05,2.9841557230e+00,1,0
5.3400000000e-01,5.3980395744e-01,1.5508855569e-04,5.1958536640e-05,2.9848522634e+00,1,0,5.1958536640e-05,2.9848522634e+00,1,0
5.3400000000e-01,5.7291518563e-01,1.4942793661e-04,5.2201737265e-05,2.8625088827e+00,1,0,5.2201737265e-05,2.8625088827e+00,1,0
5.3400000000e-01,6.0805743530e-01,1.3794673452e-04,5.2580991504e-05,2.6235095721e+00,1,0,5.2580991504e-05,2.6235095721e+00,1,0
5.3400000000e-01,6.4535528801e-01,1.2137685699e-04,5.2929857250e-05,2.2931642610e+00,1,0,5.2929857250e-05,2.2931642610e+00,1,0
5.3400000000e-01,6.8494096706e-01,1.0832451819e-04,5.3216931669e-05,2.0355273179e+00,1,0,5.3216931669e-05,2.0355273179e+00,1,0
5.3400000000e-01,7.2695480624e-01,1.1080712616e-04,5.3654979338e-05,2.0651788059e+00,1,0,5.3654979338e-05,2.0651788059e+00,1,0
5.3400000000e-01,7.7154574735e-01,1.7155003145e-04,5.4373061697e-05,3.1550555752e+00,1,0,5.4373061697e-05,3.1550555752e+00,1,0
5.3400000000e-01,8.1887186816e-01,2.1581441935e-04,5.5142170318e-05,3.9137817410e+00,1,0,5.5142170318e-05,3.9137817410e+00,1,0
5.3400000000e-01,8.6910094284e-01,2.4198284852e-04,5.4797134047e-05,4.4159763595e+00,1,0,5.4797134047e-05,4.4159763595e+00,1,0
5.3400000000e-01,9.2241103671e-01,1.7890784665e-04,5.4097042895e-05,3.3071649961e+00,1,0,5.4097042895e-05,3.3071649961e+00,1,0
5.3400000000e-01,9.7899113751e-01,2.8843639553e-04,5.5670885319e-05,5.1810994899e+00,1,0,5.5670885319e-05,5.1810994899e+00,1,0
5.3400000000e-01,1.0390418254e+00,3.1348931196e-04,5.2224525137e-05,6.0027221145e+00,1,0,5.2224525137e-05,6.0027221145e+00,1,0
5.3400000000e-01,1.1027759839e+00,3.2761967858e-04,3.3860633983e-05,9.6755329139e+00,1,0,3.3860633983e-05,9.6755329139e+00,1,0
5.3400000000e-01,1.1704195547e+00,3.3665936127e-04,3.3042911211e-05,1.0188550250e+01,1,0,3.3042911211e-05,1.0188550250e+01,1,0
5.3400000000e-01,1.2422123388e+00,3.4122341263e-04,3.2413714105e-05,1.0527130940e+01,1,0,3.2413714105e-05,1.0527130940e+01,1,0
5.3400000000e-01,1.3184088462e+00,3.4088744168e-04,3.1825987988e-05,1.0710977514e+01,1,0,3.1825987988e-05,1.0710977514e+01,1,0
5.3400000000e-01,1.3992791984e+00,3.4677824520e-04,3.2223705938e-05,1.0761587940e+01,1,0,3.2223705938e-05,1.0761587940e+01,1,0
5.3400000000e-01,1.4851100861e+00,3.5623678015e-04,3.2266867125e-05,1.1040327490e+01,1,0,3.2266867125e-05,1.1040327490e+01,1,0
5.3400000000e-01,1.5762057853e+00,3.8170713661e-04,3.2170840675e-05,1.1865003482e+01,1,0,3.2170840675e-05,1.1865003482e+01,1,0
5.3400000000e-01,1.6728892362e+00,4.1563969114e-04,3.2298043034e-05,1.2868881582e+01,1,0,3.2298043034e-05,1.2868881582e+01,1,0
5.3400000000e-01,1.7755031880e+00,4.4114352671e-04,3.2459814574e-05,1.3590451224e+01,1,0,3.2459814574e-05,1.3590451224e+01,1,0
5.3400000000e-01,1.8844114137e+00,4.5934891696e-04,3.2658993127e-05,1.4065005470e+01,1,0,3.2658993127e-05,1.4065005470e+01,1,0
5.3400000000e-01,2.0000000000e+00,4.8363394613e-04,3.2860863633e-05,1.4717627374e+01,1,0,3.2860863633e-05,1.4717627374e+01,1,0
5.3653846154e-01,1.0000000000e-02,4.8092710214e-06,3.3757288416e-06,1.4246615315e+00,1,0,3.3757288416e-06,1.4246615315e+00,1,0
5.3653846154e-01,1.0613393580e-02,5.1025380752e-06,3.5444306372e-06,1.4395931526e+00,1,0,3.5444306372e-06,1.4395931526e+00,1,0
5.3653846154e-01,1.1264412328e-02,5.4136884141e-06,3.7592128594e-06,1.4401122300e+00,1,0,3.7592128594e-06,1.4401122300e+00,1,0
5.3653846154e-01,1.1955364149e-02,5.7438125523e-06,3.9964060517e-06,1.4372444837e+00,1,0,3.9964060517e-06,1.4372444837e+00,1,0
5.3653846154e-01,1.2688698510e-02,6.0940675030e-06,4.2476937313e-06,1.4346767655e+00,1,0,4.2476937313e-06,1.4346767655e+00,1,0
5.3653846154e-01,1.3467015131e-02,6.4656808336e-06,4.5477732904e-06,1.4217245278e+00,1,0,4.5477732904e-06,1.4217245278e+00,1,0
5.3653846154e-01,1.4293073193e-02,6.8207673216e-06,4.9267543082e-06,1.3844342329e+00,1,0,4.9267543082e-06,1.3844342329e+00,1,0
5.3653846154e-01,1.5169801127e-02,7.2416661631e-06,5.3572175047e-06,1.3517588481e+00,1,0,5.3572175047e-06,1.3517588481e+00,1,0
5.3653846154e-01,1.6100306989e-02,7.6885380112e-06,5.8336124888e-06,1.3179720158e+00,1,0,5.8336124888e-06,1.3179720158e+00,1,0
5.3653846154e-01,1.7087889483e-02,8.1629856194e-06,6.3835256150e-06,1.2787581834e+00,1,0,6.3835256150e-06,1.2787581834e+00,1,0
5.3653846154e-01,1.8136049653e-02,8.6667106445e-06,7.0542876965e-06,1.2285734602e+00,1,0,7.0542876965e-06,1.2285734602e+00,1,0
5.3653846154e-01,1.9248503296e-02,9.2015197500e-06,7.7969144866e-06,1.1801488609e+00,1,0,7.7969144866e-06,1.1801488609e+00,1,0
5.3653846154e-01,2.0429194130e-02,9.7693310856e-06,8.6342166480e-06,1.1314669858e+00,1,0,8.6342166480e-06,1.1314669858e+00,1,0
5.3653846154e-01,2.1682307783e-02,1.0440156192e-05,9.5652597497e-06,1.0914660412e+00,1,0,9.5652597497e-06,1.0914660412e+00,1,0
5.3653846154e-01,2.3012286622e-02,1.1157044466e-05,1.0626476773e-05,1.0499288432e+00,1,0,1.0626476773e-05,1.0499288432e+00,1,0
5.3653846154e-01,2.4423845509e-02,1.1794156000e-05,1.1845529404e-05,9.9566305546e-01,1,1,1.1845529404e-05,9.9566305546e-01,1,1
5.3653846154e-01,2.5921988513e-02,1.2540295297e-05,1.3226402091e-05,9.4812596882e-01,1,1,1.3226402091e-05,9.4812596882e-01,1,1
5.3653846154e-01,2.7512026646e-02,1.3333637958e-05,1.4767311508e-05,9.0291573730e-01,1,1,1.4767311508e-05,9.0291573730e-01,1,1
5.3653846154e-01,2.9199596698e-02,1.4177170234e-05,1.6598866092e-05,8.5410474157e-01,1,1,1.6598866092e-05,8.5410474157e-01,1,1
5.3653846154e-01,3.0990681213e-02,1.5074067292e-05,1.8663514108e-05,8.0767572523e-01,1,1,1.8663514108e-05,8.0767572523e-01,1,1
5.3653846154e-01,3.2891629703e-02,1.6027705176e-05,2.0987125066e-05,7.6369226970e-01,1,1,2.0987125066e-05,7.6369226970e-01,1,1
5.3653846154e-01,3.4909181152e-02,1.7041673506e-05,2.3653194070e-05,7.2048085580e-01,1,1,2.3653194070e-05,7.2048085580e-01,1,1
5.3653846154e-01,3.7050487912e-02,1.8119788997e-05,2.6768123710e-05,6.7691666375e-01,1,1,2.6768123710e-05,6.7691666375e-01,1,1
5.3653846154e-01,3.9323141054e-02,1.9266109820e-05,3.0424831614e-05,6.3323636641e-01,1,1,3.0213428347e-05,6.3766711936e-01,1,1
5.3653846154e-01,4.1735197281e-02,2.0484950883e-05,3.4673277665e-05,5.9079937815e-01,1,1,2.6054435557e-05,7.8623660211e-01,1,1
5.3653846154e-01,4.4295207488e-02,2.1780900066e-05,3.9203499559e-05,5.5558560617e-01,1,1,2.2839288890e-05,9.5365929175e-01,1,1
5.3653846154e-01,4.7012247078e-02,2.3158835499e-05,4.4393025363e-05,5.2167734256e-01,1,1,2.0862410859e-05,1.1100747491e+00,1,0
5.3653846154e-01,4.9895948132e-02,2.4623943917e-05,4.4729471884e-05,5.5050826400e-01,1,1,1.9105395905e-05,1.2888476135e+00,1,0
5.3653846154e-01,5.2956533557e-02,2.6181740184e-05,4.4489449138e-05,5.8849324258e-01,1,1,1.7324029876e-05,1.5112961805e+00,1,0
5.3653846154e-01,5.6204853327e-02,2.7838088057e-05,4.4867275804e-05,6.2045416304e-01,1,1,1.6580636603e-05,1.6789517027e+00,1,0
5.3653846154e-01,5.9652422947e-02,2.9599222253e-05,4.7037704746e-05,6.2926587112e-01,1,1,1.5904514008e-05,1.8610579511e+00,1,0
5.3653846154e-01,6.3311464273e-02,3.1662604694e-05,4.8752317555e-05,6.4945845206e-01,1,1,1.5602753144e-05,2.0292960095e+00,1,0
5.3653846154e-01,6.7194948846e-02,3.3679422476e-05,5.0523630584e-05,6.6660732981e-01,1,1,1.5607620569e-05,2.1578832166e+00,1,0
5.3653846154e-01,7.1316643869e-02,3.5824705809e-05,5.2402901681e-05,6.8363973481e-01,1,1,1.5916535757e-05,2.2507853691e+00,1,0
5.3653846154e-01,7.5691161018e-02,3.8106637583e-05,1.5422684928e-05,2.4708173552e+00,1,0,1.5422684928e-05,2.4708173552e+00,1,0
5.3653846154e-01,8.0334008241e-02,4.0533921915e-05,1.5126495017e-05,2.6796638527e+00,1,0,1.5126495017e-05,2.6796638527e+00,1,0
5.3653846154e-01,8.5261644732e-02,4.3115817349e-05,1.4481877794e-05,2.9772256031e+00,1,0,1.4481877794e-05,2.9772256031e+00,1,0
5.3653846154e-01,9.0491539282e-02,4.5862172172e-05,1.3982135621e-05,3.2800548796e+00,1,0,1.3982135621e-05,3.2800548796e+00,1,0
5.3653846154e-01,9.6042232206e-02,4.8783461978e-05,1.4161913304e-05,3.4446942959e+00,1,0,1.4161913304e-05,3.4446942959e+00,1,0
5.3653846154e-01,1.0193340107e-01,5.1890829630e-05,1.4418885819e-05,3.5988099414e+00,1,0,1.4418885819e-05,3.5988099414e+00,1,0
5.3653846154e-01,1.0818593045e-01,5.5196127754e-05,1.4439499231e-05,3.8225790848e+00,1,0,1.4439499231e-05,3.8225790848e+00,1,0
5.3653846154e-01,1.1482198597e-01,5.8711963959e-05,1.4815050780e-05,3.9629944460e+00,1,0,1.4815050780e-05,3.9629944460e+00,1,0
5.3653846154e-01,1.2186509287e-01,6.2451748922e-05,1.5393760543e-05,4.0569520845e+00,1,0,1.5393760543e-05,4.0569520845e+00,1,0
5.3653846154e-01,1.2934021943e-01,6.6429747541e-05,1.6022320265e-05,4.1460753776e+00,1,0,1.6022320265e-05,4.1460753776e+00,1,0
5.3653846154e-01,1.3727386545e-01,7.0661133347e-05,1.6712550428e-05,4.2280281307e+00,1,0,1.6712550428e-05,4.2280281307e+00,1,0
5.3653846154e-01,1.4569415623e-01,7.5162046382e-05,1.7612521944e-05,4.2675345768e+00,1,0,1.7612521944e-05,4.2675345768e+00,1,0
5.3653846154e-01,1.5463094224e-01,7.9949654766e-05,1.8796678529e-05,4.2533926747e+00,1,0,1.8796678529e-05,4.2533926747e+00,1,0
5.3653846154e-01,1.6411590496e-01,8.5042220173e-05,2.0061843111e-05,4.2390033509e+00,1,0,2.0061843111e-05,4.2390033509e+00,1,0
5.3653846154e-01,1.7418266921e-01,9.0459167500e-05,2.1884178797e-05,4.1335417856e+00,1,0,2.1884178797e-05,4.1335417856e+00,1,0
5.3653846154e-01,1.8486692231e-01,9.5493063381e-05,2.3882042743e-05,3.9985299586e+00,1,0,2.3882042743e-05,3.9985299586e+00,1,0
5.3653846154e-01,1.9620654064e-01,9.0930593312e-05,2.6280856922e-05,3.4599554185e+00,1,0,2.6280856922e-05,3.4599554185e+00,1,0
5.3653846154e-01,2.0824172388e-01,8.7862756380e-05,2.9019533933e-05,3.0277108027e+00,1,0,2.9019533933e-05,3.0277108027e+00,1,0
5.3653846154e-01,2.2101513753e-01,8.9854886407e-05,3.2044117969e-05,2.8040992264e+00,1,0,3.2044117969e-05,2.8040992264e+00,1,0
5.3653846154e-01,2.3457206418e-01,9.3185577155e-05,3.5556508906e-05,2.6207740867e+00,1,0,3.5556508906e-05,2.6207740867e+00,1,0
5.3653846154e-01,2.4896056400e-01,9.7515405119e-05,3.9590638679e-05,2.4630924979e+00,1,0,3.9590638679e-05,2.4630924979e+00,1,0
5.3653846154e-01,2.6423164516e-01,1.0204641669e-04,4.4083061425e-05,2.3148668307e+00,1,0,4.4083061425e-05,2.3148668307e+00,1,0
5.3653846154e-01,2.8043944464e-01,1.0678795977e-04,4.9085870367e-05,2.1755335898e+00,1,0,4.9085870367e-05,2.1755335898e+00,1,0
5.3653846154e-01,2.9764142013e-01,1.1283111637e-04,5.2318481016e-05,2.1566206469e+00,1,0,5.2318481016e-05,2.1566206469e+00,1,0
5.3653846154e-01,3.1589855375e-01,1.1845659979e-04,5.2134638331e-05,2.2721285423e+00,1,0,5.2134638331e-05,2.2721285423e+00,1,0
5.3653846154e-01,3.3527556823e-01,1.2436255605e-04,5.2082643985e-05,2.3877926798e+00,1,0,5.2082643985e-05,2.3877926798e+00,1,0
5.3653846154e-01,3.5584115634e-01,1.3056296884e-04,5.2081952915e-05,2.5068754441e+00,1,0,5.2081952915e-05,2.5068754441e+00,1,0
5.3653846154e-01,3.7766822442e-01,1.3707251905e-04,5.2107200898e-05,2.6305868802e+00,1,0,5.2107200898e-05,2.6305868802e+00,1,0
5.3653846154e-01,4.0083415084e-01,1.4309544865e-04,5.2159455483e-05,2.7434229772e+00,1,0,5.2159455483e-05,2.7434229772e+00,1,0
5.3653846154e-01,4.2542106032e-01,1.4938302416e-04,5.1870783911e-05,2.8799068164e+00,1,0,5.1870783911e-05,2.8799068164e+00,1,0
5.3653846154e-01,4.5151611504e-01,1.5501542392e-04,5.1538802325e-05,3.0077420687e+00,1,0,5.1538802325e-05,3.0077420687e+00,1,0
5.3653846154e-01,4.7921182366e-01,1.5982135817e-04,5.1427694983e-05,3.1076904813e+00,1,0,5.1427694983e-05,3.1076904813e+00,1,0
5.3653846154e-01,5.0860636927e-01,1.6225493626e-04,5.1406580357e-05,3.1563067440e+00,1,0,5.1406580357e-05,3.1563067440e+00,1,0
5.3653846154e-01,5.3980395744e-01,1.6201626596e-04,5.1474667804e-05,3.1474951248e+00,1,0,5.1474667804e-05,3.1474951248e+00,1,0
5.3653846154e-01,5.7291518563e-01,1.5558217422e-04,5.1737521289e-05,3.0071439518e+00,1,0,5.1737521289e-05,3.0071439518e+00,1,0
5.3653846154e-01,6.0805743530e-01,1.4304776770e-04,5.2116175495e-05,2.7447863612e+00,1,0,5.2116175495e-05,2.7447863612e+00,1,0
5.3653846154e-01,6.4535528801e-01,1.2560911928e-04,5.2451445077e-05,2.3947694690e+00,1,0,5.2451445077e-05,2.3947694690e+00,1,0
5.3653846154e-01,6.8494096706e-01,1.1265602837e-04,5.2738893072e-05,2.1361090802e+00,1,0,5.2738893072e-05,2.1361090802e+00,1,0
5.3653846154e-01,7.2695480624e-01,1.2434508263e-04,5.3203351734e-05,2.3371663359e+00,1,0,5.3203351734e-05,2.3371663359e+00,1,0
5.3653846154e-01,7.7154574735e-01,1.8382585091e-04,5.3918582348e-05,3.4093227771e+00,1,0,5.3918582348e-05,3.4093227771e+00,1,0
5.3653846154e-01,8.1887186816e-01,2.2844703585e-04,5.4684576021e-05,4.1775405877e+00,1,0,5.4684576021e-05,4.1775405877e+00,1,0
5.3653846154e-01,8.6910094284e-01,2.5269073417e-04,5.4222707544e-05,4.6602382216e+00,1,0,5.4222707544e-05,4.6602382216e+00,1,0
5.3653846154e-01,9.2241103671e-01,1.7849880265e-04,5.3611051805e-05,3.3295150281e+00,1,0,5.3611051805e-05,3.3295150281e+00,1,0
5.3653846154e-01,9.7899113751e-01,3.0537426375e-04,5.5281989794e-05,5.5239376311e+00,1,0,5.5281989794e-05,5.5239376311e+00,1,0
5.3653846154e-01,1.0390418254e+00,3.2967040932e-04,4.9143910500e-05,6.7082657030e+00,1,0,4.9143910500e-05,6.7082657030e+00,1,0
5.3653846154e-01,1.1027759839e+00,3.4407380478e-04,3.3474114863e-05,1.0278802179e+01,1,0,3.3474114863e-05,1.0278802179e+01,1,0
5.3653846154e-01,1.1704195547e+00,3.5302428921e-04,3.2679873338e-05,1.0802498699e+01,1,0,3.2679873338e-05,1.0802498699e+01,1,0
5.3653846154e-01,1.2422123388e+00,3.5717125474e-04,3.2059875866e-05,1.1140756010e+01,1,0,3.2059875866e-05,1.1140756010e+01,1,0
5.3653846154e-01,1.3184088462e+00,3.5702844665e-04,3.1480808100e-05,1.1341146184e+01,1,0,3.1480808100e-05,1.1341146184e+01,1,0
5.3653846154e-01,1.3992791984e+00,3.6401362964e-04,3.1962297095e-05,1.1388844442e+01,1,0,3.1962297095e-05,1.1388844442e+01,1,0
5.3653846154e-01,1.4851100861e+00,3.7410559709e-04,3.1942243042e-05,1.1711938845e+01,1,0,3.1942243042e-05,1.1711938845e+01,1,0
5.3653846154e-01,1.5762057853e+00,4.0286463998e-04,3.1876134539e-05,1.2638440821e+01,1,0,3.1876134539e-05,1.2638440821e+01,1,0
5.3653846154e-01,1.6728892362e+00,4.3810233058e-04,3.2004426994e-05,1.3688804073e+01,1,0,3.2004426994e-05,1.3688804073e+01,1,0
5.3653846154e-01,1.7755031880e+00,4.6323138090e-04,3.2168604921e-05,1.4400107870e+01,1,0,3.2168604921e-05,1.4400107870e+01,1,0
5.3653846154e-01,1.8844114137e+00,4.8306071894e-04,3.2365045913e-05,1.4925383398e+01,1,0,3.2365045913e-05,1.4925383398e+01,1,0
5.3653846154e-01,2.0000000000e+00,5.0896843359e-04,3.2572273325e-05,1.5625818576e+01,1,0,3.2572273325e-05,1.5625818576e+01,1,0
5.3907692308e-01,1.0000000000e-02,5.0324022350e-06,3.3548942394e-06,1.5000181454e+00,1,0,3.3548942394e-06,1.5000181454e+00,1,0
5.3907692308e-01,1.0613393580e-02,5.3394732925e-06,3.5272694064e-06,1.5137696267e+00,1,0,3.5272694064e-06,1.5137696267e+00,1,0
5.3907692308e-01,1.1264412328e-02,5.6652814520e-06,3.7419841356e-06,1.5139779450e+00,1,0,3.7419841356e-06,1.5139779450e+00,1,0
5.3907692308e-01,1.1955364149e-02,6.0109700288e-06,3.9780098420e-06,1.5110495619e+00,1,0,3.9780098420e-06,1.5110495619e+00,1,0
5.3907692308e-01,1.2688698510e-02,6.3777521017e-06,4.2294738663e-06,1.5079303722e+00,1,0,4.2294738663e-06,1.5079303722e+00,1,0
5.3907692308e-01,1.3467015131e-02,6.7669147700e-06,4.5297123013e-06,1.4938950467e+00,1,0,4.5297123013e-06,1.4938950467e+00,1,0
5.3907692308e-01,1.4293073193e-02,7.1798236707e-06,4.9129484672e-06,1.4614083007e+00,1,0,4.9129484672e-06,1.4614083007e+00,1,0
5.3907692308e-01,1.5169801127e-02,7.6179277697e-06,5.3422908962e-06,1.4259664847e+00,1,0,5.3422908962e-06,1.4259664847e+00,1,0
5.3907692308e-01,1.6100306989e-02,8.0827644474e-06,5.8188387326e-06,1.3890683036e+00,1,0,5.8188387326e-06,1.3890683036e+00,1,0
5.3907692308e-01,1.7087889483e-02,8.5759648933e-06,6.3738011334e-06,1.3455024269e+00,1,0,6.3738011334e-06,1.3455024269e+00,1,0
5.3907692308e-01,1.8136049653e-02,9.0992598300e-06,7.0436375677e-06,1.2918410044e+00,1,0,7.0436375677e-06,1.2918410044e+00,1,0
5.3907692308e-01,1.9248503296e-02,9.6544855865e-06,7.7854603468e-06,1.2400661177e+00,1,0,7.7854603468e-06,1.2400661177e+00,1,0
5.3907692308e-01,2.0429194130e-02,1.0243590543e-05,8.6227736450e-06,1.1879693199e+00,1,0,8.6227736450e-06,1.1879693199e+00,1,0
5.3907692308e-01,2.1682307783e-02,1.0934400358e-05,9.5526937769e-06,1.1446405185e+00,1,0,9.5526937769e-06,1.1446405185e+00,1,0
5.3907692308e-01,2.3012286622e-02,1.1671797178e-05,1.0616865706e-05,1.0993637390e+00,1,0,1.0616865706e-05,1.0993637390e+00,1,0
5.3907692308e-01,2.4423845509e-02,1.2354407587e-05,1.1837298642e-05,1.0436847088e+00,1,0,1.1837298642e-05,1.0436847088e+00,1,0
5.3907692308e-01,2.5921988513e-02,1.3076939608e-05,1.3216817380e-05,9.8941668266e-01,1,1,1.3216817380e-05,9.8941668266e-01,1,1
5.3907692308e-01,2.7512026646e-02,1.3964894616e-05,1.4761964176e-05,9.4600518258e-01,1,1,1.4761964176e-05,9.4600518258e-01,1,1
5.3907692308e-01,2.9199596698e-02,1.4913143861e-05,1.6596397204e-05,8.9857718382e-01,1,1,1.6596397204e-05,8.9857718382e-01,1,1
5.3907692308e-01,3.0990681213e-02,1.5784716975e-05,1.8660893780e-05,8.4587143367e-01,1,1,1.8660893780e-05,8.4587143367e-01,1,1
5.3907692308e-01,3.2891629703e-02,1.6707227685e-05,2.0984344009e-05,7.9617583844e-01,1,1,2.0984344009e-05,7.9617583844e-01,1,1
5.3907692308e-01,3.4909181152e-02,1.7867715353e-05,2.3658724434e-05,7.5522733282e-01,1,1,2.3658724434e-05,7.5522733282e-01,1,1
5.3907692308e-01,3.7050487912e-02,1.9108810745e-05,2.6786316767e-05,7.1337955536e-01,1,1,2.6786316767e-05,7.1337955536e-01,1,1
5.3907692308e-01,3.9323141054e-02,2.0216402777e-05,3.0452997198e-05,6.6385593004e-01,1,1,2.9655598014e-05,6.8170612400e-01,1,1
5.3907692308e-01,4.1735197281e-02,2.1514497276e-05,3.4692565121e-05,6.2014720448e-01,1,1,2.5345004442e-05,8.4886539773e-01,1,1
5.3907692308e-01,4.4295207488e-02,2.2895942376e-05,3.9213723005e-05,5.8387576138e-01,1,1,2.2446450977e-05,1.0200250543e+00,1,0
5.3907692308e-01,4.7012247078e-02,2.4366090016e-05,4.4413659726e-05,5.4861702834e-01,1,1,2.0290046981e-05,1.2008887924e+00,1,0
5.3907692308e-01,4.9895948132e-02,2.5930635784e-05,4.4298339162e-05,5.8536361124e-01,1,1,1.8797181235e-05,1.3794959712e+00,1,0
5.3907692308e-01,5.2956533557e-02,2.7595640979e-05,4.4053350574e-05,6.2641412333e-01,1,1,1.7010358659e-05,1.6222844875e+00,1,0
5.3907692308e-01,5.6204853327e-02,2.9367556099e-05,4.4617944208e-05,6.5820056527e-01,1,1,1.6373451877e-05,1.7936081114e+00,1,0
5.3907692308e-01,5.9652422947e-02,3.1253245825e-05,4.6728202404e-05,6.6883047532e-01,1,1,1.5725484233e-05,1.9874266103e+00,1,0
5.3907692308e-01,6.3311464273e-02,3.3260015620e-05,4.8431015563e-05,6.8675032382e-01,1,1,1.5456509024e-05,2.1518452562e+00,1,0
5.3907692308e-01,6.7194948846e-02,3.5395640033e-05,5.0190854375e-05,7.0522091073e-01,1,1,1.5461392318e-05,2.2892918894e+00,1,0
5.3907692308e-01,7.1316643869e-02,3.7668392812e-05,5.2089761795e-05,7.2314388690e-01,1,1,1.5798711804e-05,2.3842698873e+00,1,0
5.3907692308e-01,7.5691161018e-02,4.0087078966e-05,1.5273218655e-05,2.6246647724e+00,1,0,1.5273218655e-05,2.6246647724e+00,1,0
5.3907692308e-01,8.0334008241e-02,4.2661068872e-05,1.4934935386e-05,2.8564615626e+00,1,0,1.4934935386e-05,2.8564615626e+00,1,0
5.3907692308e-01,8.5261644732e-02,4.5400334577e-05,1.4293897253e-05,3.1762040663e+00,1,0,1.4293897253e-05,3.1762040663e+00,1,0
5.3907692308e-01,9.0491539282e-02,4.8315488435e-05,1.3851767182e-05,3.4880378655e+00,1,0,1.3851767182e-05,3.4880378655e+00,1,0
5.3907692308e-01,9.6042232206e-02,5.1417824217e-05,1.4077364816e-05,3.6525177041e+00,1,0,1.4077364816e-05,3.6525177041e+00,1,0
5.3907692308e-01,1.0193340107e-01,5.4719360870e-05,1.4245018186e-05,3.8412980703e+00,1,0,1.4245018186e-05,3.8412980703e+00,1,0
5.3907692308e-01,1.0818593045e-01,5.8232889072e-05,1.4325687108e-05,4.0649281695e+00,1,0,1.4325687108e-05,4.0649281695e+00,1,0
5.3907692308e-01,1.1482198597e-01,6.1972020795e-05,1.4720493756e-05,4.2099145465e+00,1,0,1.4720493756e-05,4.2099145465e+00,1,0
5.3907692308e-01,1.2186509287e-01,6.5951242032e-05,1.5295543884e-05,4.3117945026e+00,1,0,1.5295543884e-05,4.3117945026e+00,1,0
5.3907692308e-01,1.2934021943e-01,7.0185968922e-05,1.5924930798e-05,4.4073013448e+00,1,0,1.5924930798e-05,4.4073013448e+00,1,0
5.3907692308e-01,1.3727386545e-01,7.4692607474e-05,1.6610998311e-05,4.4965754663e+00,1,0,1.6610998311e-05,4.4965754663e+00,1,0
5.3907692308e-01,1.4569415623e-01,7.9488617126e-05,1.7537271175e-05,4.5325533449e+00,1,0,1.7537271175e-05,4.5325533449e+00,1,0
5.3907692308e-01,1.5463094224e-01,8.4592578386e-05,1.8716401245e-05,4.5197031886e+00,1,0,1.8716401245e-05,4.5197031886e+00,1,0
5.3907692308e-01,1.6411590496e-01,9.0024264816e-05,2.0003504497e-05,4.5004246546e+00,1,0,2.0003504497e-05,4.5004246546e+00,1,0
5.3907692308e-01,1.7418266921e-01,9.5167727597e-05,2.1829229216e-05,4.3596467220e+00,1,0,2.1829229216e-05,4.3596467220e+00,1,0
5.3907692308e-01,1.8486692231e-01,9.9836770138e-05,2.3822111748e-05,4.1909286295e+00,1,0,2.3822111748e-05,4.1909286295e+00,1,0
5.3907692308e-01,1.9620654064e-01,9.3776959602e-05,2.6239335281e-05,3.5739075932e+00,1,0,2.6239335281e-05,3.5739075932e+00,1,0
5.3907692308e-01,2.0824172388e-01,9.1797672178e-05,2.8973723320e-05,3.1683077513e+00,1,0,2.8973723320e-05,3.1683077513e+00,1,0
5.3907692308e-01,2.2101513753e-01,9.3979744655e-05,3.1993572179e-05,2.9374570657e+00,1,0,3.1993572179e-05,2.9374570657e+00,1,0
5.3907692308e-01,2.3457206418e-01,9.7585123572e-05,3.5523821203e-05,2.7470334065e+00,1,0,3.5523821203e-05,2.7470334065e+00,1,0
5.3907692308e-01,2.4896056400e-01,1.0217145789e-04,3.9554285697e-05,2.5830692197e+00,1,0,3.9554285697e-05,2.5830692197e+00,1,0
5.3907692308e-01,2.6423164516e-01,1.0697334210e-04,4.4042628917e-05,2.4288591470e+00,1,0,4.4042628917e-05,2.4288591470e+00,1,0
5.3907692308e-01,2.8043944464e-01,1.1200090668e-04,4.9040897109e-05,2.2838266279e+00,1,0,4.9040897109e-05,2.2838266279e+00,1,0
5.3907692308e-01,2.9764142013e-01,1.1824343712e-04,5.1811607338e-05,2.2821804455e+00,1,0,5.1811607338e-05,2.2821804455e+00,1,0
5.3907692308e-01,3.1589855375e-01,1.2412813146e-04,5.1631390332e-05,2.4041214203e+00,1,0,5.1631390332e-05,2.4041214203e+00,1,0
5.3907692308e-01,3.3527556823e-01,1.3030569302e-04,5.1592326136e-05,2.5256797431e+00,1,0,5.1592326136e-05,2.5256797431e+00,1,0
5.3907692308e-01,3.5584115634e-01,1.3679069712e-04,5.1593641510e-05,2.6513092140e+00,1,0,5.1593641510e-05,2.6513092140e+00,1,0
5.3907692308e-01,3.7766822442e-01,1.4359844443e-04,5.1620734077e-05,2.7817977988e+00,1,0,5.1620734077e-05,2.7817977988e+00,1,0
5.3907692308e-01,4.0083415084e-01,1.4990421079e-04,5.1674665723e-05,2.9009226996e+00,1,0,5.1674665723e-05,2.9009226996e+00,1,0
5.3907692308e-01,4.2542106032e-01,1.5648687911e-04,5.1356214474e-05,3.0470874988e+00,1,0,5.1356214474e-05,3.0470874988e+00,1,0
5.3907692308e-01,4.5151611504e-01,1.6234967763e-04,5.1034887941e-05,3.1811508593e+00,1,0,5.1034887941e-05,3.1811508593e+00,1,0
5.3907692308e-01,4.7921182366e-01,1.6708898812e-04,5.0937919651e-05,3.2802475889e+00,1,0,5.0937919651e-05,3.2802475889e+00,1,0
5.3907692308e-01,5.0860636927e-01,1.6956475304e-04,5.0927763923e-05,3.3295149832e+00,1,0,5.0927763923e-05,3.3295149832e+00,1,0
5.3907692308e-01,5.3980395744e-01,1.6872919887e-04,5.0997762393e-05,3.3085608260e+00,1,0,5.0997762393e-05,3.3085608260e+00,1,0
5.3907692308e-01,5.7291518563e-01,1.6149444351e-04,5.1279808304e-05,3.1492793918e+00,1,0,5.1279808304e-05,3.1492793918e+00,1,0
5.3907692308e-01,6.0805743530e-01,1.4781985561e-04,5.1657854257e-05,2.8615175318e+00,1,0,5.1657854257e-05,2.8615175318e+00,1,0
5.3907692308e-01,6.4535528801e-01,1.2967538435e-04,5.1979813254e-05,2.4947258604e+00,1,0,5.1979813254e-05,2.4947258604e+00,1,0
5.3907692308e-01,6.8494096706e-01,1.1690827458e-04,5.2267610725e-05,2.2367250570e+00,1,0,5.2267610725e-05,2.2367250570e+00,1,0
5.3907692308e-01,7.2695480624e-01,1.4011540686e-04,5.2757874836e-05,2.6558197672e+00,1,0,5.2757874836e-05,2.6558197672e+00,1,0
5.3907692308e-01,7.7154574735e-01,1.9718815357e-04,5.3470273775e-05,3.6878089385e+00,1,0,5.3470273775e-05,3.6878089385e+00,1,0
5.3907692308e-01,8.1887186816e-01,2.4230796271e-04,5.4233175176e-05,4.4678918748e+00,1,0,5.4233175176e-05,4.4678918748e+00,1,0
5.3907692308e-01,8.6910094284e-01,2.6210339012e-04,5.3657237211e-05,4.8847723763e+00,1,0,5.3657237211e-05,4.8847723763e+00,1,0
5.3907692308e-01,9.2241103671e-01,1.7815934182e-04,5.3235165905e-05,3.3466476302e+00,1,0,5.3235165905e-05,3.3466476302e+00,1,0
5.3907692308e-01,9.7899113751e-01,3.2191525797e-04,5.4897909450e-05,5.8638891935e+00,1,0,5.4897909450e-05,5.8638891935e+00,1,0
5.3907692308e-01,1.0390418254e+00,3.4556105978e-04,4.6014352738e-05,7.5098537569e+00,1,0,4.6014352738e-05,7.5098537569e+00,1,0
5.3907692308e-01,1.1027759839e+00,3.6021963331e-04,3.3093976409e-05,1.0884749202e+01,1,0,3.3093976409e-05,1.0884749202e+01,1,0
5.3907692308e-01,1.1704195547e+00,3.6919432411e-04,3.2322682906e-05,1.1422143551e+01,1,0,3.2322682906e-05,1.1422143551e+01,1,0
5.3907692308e-01,1.2422123388e+00,3.7284110897e-04,3.1711790207e-05,1.1757176323e+01,1,0,3.1711790207e-05,1.1757176323e+01,1,0
5.3907692308e-01,1.3184088462e+00,3.7296467287e-04,3.1186155231e-05,1.1959302778e+01,1,0,3.1186155231e-05,1.1959302778e+01,1,0
5.3907692308e-01,1.3992791984e+00,3.8097952598e-04,3.1704402597e-05,1.2016612671e+01,1,0,3.1704402597e-05,1.2016612671e+01,1,0
5.3907692308e-01,1.4851100861e+00,3.9191345271e-04,3.1622569444e-05,1.2393472751e+01,1,0,3.1622569444e-05,1.2393472751e+01,1,0
5.3907692308e-01,1.5762057853e+00,4.2384113919e-04,3.1585675948e-05,1.3418776913e+01,1,0,3.1585675948e-05,1.3418776913e+01,1,0
5.3907692308e-01,1.6728892362e+00,4.5836985189e-04,3.1715024189e-05,1.4452766902e+01,1,0,3.1715024189e-05,1.4452766902e+01,1,0
5.3907692308e-01,1.7755031880e+00,4.8503566523e-04,3.1881541892e-05,1.5213682791e+01,1,0,3.1881541892e-05,1.5213682791e+01,1,0
5.3907692308e-01,1.8844114137e+00,5.0652639794e-04,3.2075291968e-05,1.5791793835e+01,1,0,3.2075291968e-05,1.5791793835e+01,1,0
5.3907692308e-01,2.0000000000e+00,5.3431479907e-04,3.2287741194e-05,1.6548534500e+01,1,0,3.2287741194e-05,1.6548534500e+01,1,0
5.4161538462e-01,1.0000000000e-02,5.2533019003e-06,3.3342910340e-06,1.5755379020e+00,1,0,3.3342910340e-06,1.5755379020e+00,1,0
5.4161538462e-01,1.0613393580e-02,5.5740496090e-06,3.5102771478e-06,1.5879229401e+00,1,0,3.5102771478e-06,1.5879229401e+00,1,0
5.4161538462e-01,1.1264412328e-02,5.9143810185e-06,3.7249206549e-06,1.5877871145e+00,1,0,3.7249206549e-06,1.5877871145e+00,1,0
5.4161538462e-01,1.1955364149e-02,6.2754918391e-06,3.9597901036e-06,1.5848041625e+00,1,0,3.9597901036e-06,1.5848041625e+00,1,0
5.4161538462e-01,1.2688698510e-02,6.6586507868e-06,4.2120891368e-06,1.5808428005e+00,1,0,4.2120891368e-06,1.5808428005e+00,1,0
5.4161538462e-01,1.3467015131e-02,7.0652040410e-06,4.5124079580e-06,1.5657281227e+00,1,0,4.5124079580e-06,1.5657281227e+00,1,0
5.4161538462e-01,1.4293073193e-02,7.4965799738e-06,4.8992522205e-06,1.5301477932e+00,1,0,4.8992522205e-06,1.5301477932e+00,1,0
5.4161538462e-01,1.5169801127e-02,7.9542941686e-06,5.3274822315e-06,1.4930681742e+00,1,0,5.3274822315e-06,1.4930681742e+00,1,0
5.4161538462e-01,1.6100306989e-02,8.4399547450e-06,5.8041782754e-06,1.4541170764e+00,1,0,5.8041782754e-06,1.4541170764e+00,1,0
5.4161538462e-01,1.7087889483e-02,8.9552680084e-06,6.3641440565e-06,1.4071441389e+00,1,0,6.3641440565e-06,1.4071441389e+00,1,0
5.4161538462e-01,1.8136049653e-02,9.5020444451e-06,7.0330607817e-06,1.3510539351e+00,1,0,7.0330607817e-06,1.3510539351e+00,1,0
5.4161538462e-01,1.9248503296e-02,1.0082205083e-05,7.7743882663e-06,1.2968486700e+00,1,0,7.7743882663e-06,1.2968486700e+00,1,0
5.4161538462e-01,2.0429194130e-02,1.0697788242e-05,8.6114075312e-06,1.2422810329e+00,1,0,8.6114075312e-06,1.2422810329e+00,1,0
5.4161538462e-01,2.1682307783e-02,1.1424268900e-05,9.5402116991e-06,1.1974858903e+00,1,0,9.5402116991e-06,1.1974858903e+00,1,0
5.4161538462e-01,2.3012286622e-02,1.2200084442e-05,1.0607317338e-05,1.1501573917e+00,1,0,1.0607317338e-05,1.1501573917e+00,1,0
5.4161538462e-01,2.4423845509e-02,1.2909020080e-05,1.1829121637e-05,1.0912915156e+00,1,0,1.1829121637e-05,1.0912915156e+00,1,0
5.4161538462e-01,2.5921988513e-02,1.3659151313e-05,1.3207292259e-05,1.0342128458e+00,1,0,1.3207292259e-05,1.0342128458e+00,1,0
5.4161538462e-01,2.7512026646e-02,1.4593093007e-05,1.4759589666e-05,9.8871942491e-01,1,1,1.4759589666e-05,9.8871942491e-01,1,1
5.4161538462e-01,2.9199596698e-02,1.5590892774e-05,1.6593951459e-05,9.3955275287e-01,1,1,1.6593951459e-05,9.3955275287e-01,1,1
5.4161538462e-01,3.0990681213e-02,1.6496566545e-05,1.8658298015e-05,8.8414101501e-01,1,1,1.8658298015e-05,8.8414101501e-01,1,1
5.4161538462e-01,3.2891629703e-02,1.7552433930e-05,2.0981589021e-05,8.3656361361e-01,1,1,2.0981589021e-05,8.3656361361e-01,1,1
5.4161538462e-01,3.4909181152e-02,1.8675882405e-05,2.3664243575e-05,7.8920259360e-01,1,1,2.3664243575e-05,7.8920259360e-01,1,1
5.4161538462e-01,3.7050487912e-02,1.9871237515e-05,2.6804451057e-05,7.4134096136e-01,1,1,2.6804451057e-05,7.4134096136e-01,1,1
5.4161538462e-01,3.9323141054e-02,2.1143101666e-05,3.0481071853e-05,6.9364692189e-01,1,1,2.9110630144e-05,7.2630175168e-01,1,1
5.4161538462e-01,4.1735197281e-02,2.2496371840e-05,3.4706422238e-05,6.4819046129e-01,1,1,2.5004417678e-05,8.9969589093e-01,1,1
5.4161538462e-01,4.4295207488e-02,2.3936258452e-05,3.9224733242e-05,6.1023381101e-01,1,1,2.2155532799e-05,1.0803738583e+00,1,0
5.4161538462e-01,4.7012247078e-02,2.5468305412e-05,4.4240217961e-05,5.7568218662e-01,1,1,1.9735973542e-05,1.2904509300e+00,1,0
5.4161538462e-01,4.9895948132e-02,2.7098411469e-05,4.3873375971e-05,6.1765047411e-01,1,1,1.8495359366e-05,1.4651465231e+00,1,0
5.4161538462e-01,5.2956533557e-02,2.8832852924e-05,4.3648851627e-05,6.6056383728e-01,1,1,1.6799333952e-05,1.7163092897e+00,1,0
5.4161538462e-01,5.6204853327e-02,3.0678307791e-05,4.4371175770e-05,6.9140173230e-01,1,1,1.6161573792e-05,1.8982252710e+00,1,0
5.4161538462e-01,5.9652422947e-02,3.2641881517e-05,4.6422192053e-05,7.0315252412e-01,1,1,1.5549301923e-05,2.0992506080e+00,1,0
5.4161538462e-01,6.3311464273e-02,3.4731134332e-05,4.8113341134e-05,7.2186078775e-01,1,1,1.5312317978e-05,2.2681826737e+00,1,0
5.4161538462e-01,6.7194948846e-02,3.6954110362e-05,4.9861833081e-05,7.4113020077e-01,1,1,1.5317216073e-05,2.4125866074e+00,1,0
5.4161538462e-01,7.1316643869e-02,3.9319368598e-05,5.1779965882e-05,7.5935485719e-01,1,1,1.5682311940e-05,2.5072431123e+00,1,0
5.4161538462e-01,7.5691161018e-02,4.1836015853e-05,1.5125896999e-05,2.7658535461e+00,1,0,1.5125896999e-05,2.7658535461e+00,1,0
5.4161538462e-01,8.0334008241e-02,4.4513741824e-05,1.4746688298e-05,3.0185585349e+00,1,0,1.4746688298e-05,3.0185585349e+00,1,0
5.4161538462e-01,8.5261644732e-02,4.7362856400e-05,1.4109226156e-05,3.3568713037e+00,1,0,1.4109226156e-05,3.3568713037e+00,1,0
5.4161538462e-01,9.0491539282e-02,5.0394329356e-05,1.3723221322e-05,3.6721938804e+00,1,0,1.3723221322e-05,3.6721938804e+00,1,0
5.4161538462e-01,9.6042232206e-02,5.3619832592e-05,1.3993717739e-05,3.8317074555e+00,1,0,1.3993717739e-05,3.8317074555e+00,1,0
5.4161538462e-01,1.0193340107e-01,5.7051785071e-05,1.4074052043e-05,4.0536858112e+00,1,0,1.4074052043e-05,4.0536858112e+00,1,0
5.4161538462e-01,1.0818593045e-01,6.0703400634e-05,1.4213303132e-05,4.2708862302e+00,1,0,1.4213303132e-05,4.2708862302e+00,1,0
5.4161538462e-01,1.1482198597e-01,6.4588738879e-05,1.4626982845e-05,4.4157253457e+00,1,0,1.4626982845e-05,4.4157253457e+00,1,0
5.4161538462e-01,1.2186509287e-01,6.8722759292e-05,1.5198413456e-05,4.5217061301e+00,1,0,1.5198413456e-05,4.5217061301e+00,1,0
5.4161538462e-01,1.2934021943e-01,7.3121378846e-05,1.5828589192e-05,4.6195765118e+00,1,0,1.5828589192e-05,4.6195765118e+00,1,0
5.4161538462e-01,1.3727386545e-01,7.7801533282e-05,1.6510538494e-05,4.7122347530e+00,1,0,1.6510538494e-05,4.7122347530e+00,1,0
5.4161538462e-01,1.4569415623e-01,8.2781242320e-05,1.7462695659e-05,4.7404618358e+00,1,0,1.7462695659e-05,4.7404618358e+00,1,0
5.4161538462e-01,1.5463094224e-01,8.8079679038e-05,1.8636844029e-05,4.7261048546e+00,1,0,1.8636844029e-05,4.7261048546e+00,1,0
5.4161538462e-01,1.6411590496e-01,9.3717243688e-05,1.9953426649e-05,4.6967994689e+00,1,0,1.9953426649e-05,4.6967994689e+00,1,0
5.4161538462e-01,1.7418266921e-01,9.9715642251e-05,2.1774677379e-05,4.5794314431e+00,1,0,2.1774677379e-05,4.5794314431e+00,1,0
5.4161538462e-01,1.8486692231e-01,1.0401216716e-04,2.3762614305e-05,4.3771348485e+00,1,0,2.3762614305e-05,4.3771348485e+00,1,0
5.4161538462e-01,1.9620654064e-01,9.6793700918e-05,2.6198076615e-05,3.6946872986e+00,1,0,2.6198076615e-05,3.6946872986e+00,1,0
5.4161538462e-01,2.0824172388e-01,9.5672268834e-05,2.8928202614e-05,3.3072317043e+00,1,0,2.8928202614e-05,3.3072317043e+00,1,0
5.4161538462e-01,2.2101513753e-01,9.8064863510e-05,3.1943346021e-05,3.0699621588e+00,1,0,3.1943346021e-05,3.0699621588e+00,1,0
5.4161538462e-01,2.3457206418e-01,1.0193740478e-04,3.5491320049e-05,2.8721784547e+00,1,0,3.5491320049e-05,2.8721784547e+00,1,0
5.4161538462e-01,2.4896056400e-01,1.0677986820e-04,3.9518139945e-05,2.7020469170e+00,1,0,3.9518139945e-05,2.7020469170e+00,1,0
5.4161538462e-01,2.6423164516e-01,1.1185236939e-04,4.4002426646e-05,2.5419591126e+00,1,0,4.4002426646e-05,2.5419591126e+00,1,0
5.4161538462e-01,2.8043944464e-01,1.1716583611e-04,4.8996179683e-05,2.3913259538e+00,1,0,4.8996179683e-05,2.3913259538e+00,1,0
5.4161538462e-01,2.9764142013e-01,1.2360080381e-04,5.1312132675e-05,2.4088027016e+00,1,0,5.1312132675e-05,2.4088027016e+00,1,0
5.4161538462e-01,3.1589855375e-01,1.3038919201e-04,5.1135477274e-05,2.5498772861e+00,1,0,5.1135477274e-05,2.5498772861e+00,1,0
5.4161538462e-01,3.3527556823e-01,1.3632827579e-04,5.1109048405e-05,2.6674000014e+00,1,0,5.1109048405e-05,2.6674000014e+00,1,0
5.4161538462e-01,3.5584115634e-01,1.4253787827e-04,5.1112329651e-05,2.7887180891e+00,1,0,5.1112329651e-05,2.7887180891e+00,1,0
5.4161538462e-01,3.7766822442e-01,1.4903032129e-04,5.1141228069e-05,2.9140935195e+00,1,0,5.1141228069e-05,2.9140935195e+00,1,0
5.4161538462e-01,4.0083415084e-01,1.5581848793e-04,5.1196799938e-05,3.0435200661e+00,1,0,5.1196799938e-05,3.0435200661e+00,1,0
5.4161538462e-01,4.2542106032e-01,1.6291584806e-04,5.0849308762e-05,3.2038950387e+00,1,0,5.0849308762e-05,3.2038950387e+00,1,0
5.4161538462e-01,4.5151611504e-01,1.7033648512e-04,5.0548959414e-05,3.3697327718e+00,1,0,5.0548959414e-05,3.3697327718e+00,1,0
5.4161538462e-01,4.7921182366e-01,1.7413452140e-04,5.0455265820e-05,3.4512655630e+00,1,0,5.0455265820e-05,3.4512655630e+00,1,0
5.4161538462e-01,5.0860636927e-01,1.7672898746e-04,5.0455820757e-05,3.5026481546e+00,1,0,5.0455820757e-05,3.5026481546e+00,1,0
5.4161538462e-01,5.3980395744e-01,1.7522692547e-04,5.0527686818e-05,3.4679387976e+00,1,0,5.0527686818e-05,3.4679387976e+00,1,0
5.4161538462e-01,5.7291518563e-01,1.6719213550e-04,5.0828475964e-05,3.2893399286e+00,1,0,5.0828475964e-05,3.2893399286e+00,1,0
5.4161538462e-01,6.0805743530e-01,1.5230813592e-04,5.1205905772e-05,2.9744251883e+00,1,0,5.1205905772e-05,2.9744251883e+00,1,0
5.4161538462e-01,6.4535528801e-01,1.3354804469e-04,5.1514832995e-05,2.5924192495e+00,1,0,5.1514832995e-05,2.5924192495e+00,1,0
5.4161538462e-01,6.8494096706e-01,1.2108414115e-04,5.1802956502e-05,2.3373982747e+00,1,0,5.1802956502e-05,2.3373982747e+00,1,0
5.4161538462e-01,7.2695480624e-01,1.5416930613e-04,5.2318435075e-05,2.9467491891e+00,1,0,5.2318435075e-05,2.9467491891e+00,1,0
5.4161538462e-01,7.7154574735e-01,2.0921244295e-04,5.3028022232e-05,3.9453186098e+00,1,0,5.3028022232e-05,3.9453186098e+00,1,0
5.4161538462e-01,8.1887186816e-01,2.5592335990e-04,5.3787853824e-05,4.7580139698e+00,1,0,5.3787853824e-05,4.7580139698e+00,1,0
5.4161538462e-01,8.6910094284e-01,2.7025726023e-04,5.3100540009e-05,5.0895388292e+00,1,0,5.3100540009e-05,5.0895388292e+00,1,0
5.4161538462e-01,9.2241103671e-01,1.7989174493e-04,5.2863927586e-05,3.4029205385e+00,1,0,5.2863927586e-05,3.4029205385e+00,1,0
5.4161538462e-01,9.7899113751e-01,3.3791023453e-04,5.4518561044e-05,6.1980769129e+00,1,0,5.4518561044e-05,6.1980769129e+00,1,0
5.4161538462e-01,1.0390418254e+00,3.6121615568e-04,4.3097633160e-05,8.3813455449e+00,1,0,4.3097633160e-05,8.3813455449e+00,1,0
5.4161538462e-01,1.1027759839e+00,3.7608573188e-04,3.2720082274e-05,1.1494033808e+01,1,0,3.2720082274e-05,1.1494033808e+01,1,0
5.4161538462e-01,1.1704195547e+00,3.8512675273e-04,3.1971217222e-05,1.2046045981e+01,1,0,3.1971217222e-05,1.2046045981e+01,1,0
5.4161538462e-01,1.2422123388e+00,3.8815769975e-04,3.1369261215e-05,1.2373823441e+01,1,0,3.1369261215e-05,1.2373823441e+01,1,0
5.4161538462e-01,1.3184088462e+00,3.8872049301e-04,3.0933739199e-05,1.2566230371e+01,1,0,3.0933739199e-05,1.2566230371e+01,1,0
5.4161538462e-01,1.3992791984e+00,3.9766157042e-04,3.1449957791e-05,1.2644264042e+01,1,0,3.1449957791e-05,1.2644264042e+01,1,0
5.4161538462e-01,1.4851100861e+00,4.0974096849e-04,3.1307746478e-05,1.3087526717e+01,1,0,3.1307746478e-05,1.3087526717e+01,1,0
5.4161538462e-01,1.5762057853e+00,4.4464880229e-04,3.1299382669e-05,1.4206312214e+01,1,0,3.1299382669e-05,1.4206312214e+01,1,0
5.4161538462e-01,1.6728892362e+00,4.8253060490e-04,3.1429753286e-05,1.5352669190e+01,1,0,3.1429753286e-05,1.5352669190e+01,1,0
5.4161538462e-01,1.7755031880e+00,5.0659406958e-04,3.1598545858e-05,1.6032195654e+01,1,0,3.1598545858e-05,1.6032195654e+01,1,0
5.4161538462e-01,1.8844114137e+00,5.3185756246e-04,3.1789650641e-05,1.6730525556e+01,1,0,3.1789650641e-05,1.6730525556e+01,1,0
5.4161538462e-01,2.0000000000e+00,5.5838092811e-04,3.2007189969e-05,1.7445484238e+01,1,0,3.2007189969e-05,1.7445484238e+01,1,0
5.4415384615e-01,1.0000000000e-02,5.4721334777e-06,3.3139155329e-06,1.6512591898e+00,1,0,3.3139155329e-06,1.6512591898e+00,1,0
5.4415384615e-01,1.0613393580e-02,5.8064615277e-06,3.4934513691e-06,1.6620988570e+00,1,0,3.4934513691e-06,1.6620988570e+00,1,0
5.4415384615e-01,1.1264412328e-02,6.1612158419e-06,3.7080200215e-06,1.6615918485e+00,1,0,3.7080200215e-06,1.6615918485e+00,1,0
5.4415384615e-01,1.1955364149e-02,6.5376443933e-06,3.9417442799e-06,1.6585663425e+00,1,0,3.9417442799e-06,1.6585663425e+00,1,0
5.4415384615e-01,1.2688698510e-02,6.9370714011e-06,4.1952492207e-06,1.6535540646e+00,1,0,4.1952492207e-06,1.6535540646e+00,1,0
5.4415384615e-01,1.3467015131e-02,7.3609019899e-06,4.4955894842e-06,1.6373607990e+00,1,0,4.4955894842e-06,1.6373607990e+00,1,0
5.4415384615e-01,1.4293073193e-02,7.8106271324e-06,4.8856641505e-06,1.5986827771e+00,1,0,4.8856641505e-06,1.5986827771e+00,1,0
5.4415384615e-01,1.5169801127e-02,8.2878288945e-06,5.3127899906e-06,1.5599767559e+00,1,0,5.3127899906e-06,1.5599767559e+00,1,0
5.4415384615e-01,1.6100306989e-02,8.7941860007e-06,5.7896296822e-06,1.5189548354e+00,1,0,5.7896296822e-06,1.5189548354e+00,1,0
5.4415384615e-01,1.7087889483e-02,9.3314797396e-06,6.3545535697e-06,1.4684713312e+00,1,0,6.3545535697e-06,1.4684713312e+00,1,0
5.4415384615e-01,1.8136049653e-02,9.9016002305e-06,7.0225564568e-06,1.4099708976e+00,1,0,7.0225564568e-06,1.4099708976e+00,1,0
5.4415384615e-01,1.9248503296e-02,1.0506553072e-05,7.7639054651e-06,1.3532561826e+00,1,0,7.7639054651e-06,1.3532561826e+00,1,0
5.4415384615e-01,2.0429194130e-02,1.1148466398e-05,8.6001173943e-06,1.2963156067e+00,1,0,8.6001173943e-06,1.2963156067e+00,1,0
5.4415384615e-01,2.1682307783e-02,1.1909993361e-05,9.5278125258e-06,1.2500238989e+00,1,0,9.5278125258e-06,1.2500238989e+00,1,0
5.4415384615e-01,2.3012286622e-02,1.2723538539e-05,1.0597830931e-05,1.2005794980e+00,1,0,1.0597830931e-05,1.2005794980e+00,1,0
5.4415384615e-01,2.4423845509e-02,1.3458940679e-05,1.1820997753e-05,1.1385621553e+00,1,0,1.1820997753e-05,1.1385621553e+00,1,0
5.4415384615e-01,2.5921988513e-02,1.4236848000e-05,1.3197828293e-05,1.0787265665e+00,1,0,1.3197828293e-05,1.0787265665e+00,1,0
5.4415384615e-01,2.7512026646e-02,1.5216009021e-05,1.4757306771e-05,1.0310830599e+00,1,0,1.4757306771e-05,1.0310830599e+00,1,0
5.4415384615e-01,2.9199596698e-02,1.6262513341e-05,1.6591528532e-05,9.8016968774e-01,1,1,1.6591528532e-05,9.8016968774e-01,1,1
5.4415384615e-01,3.0990681213e-02,1.7202492528e-05,1.8655726467e-05,9.2210252749e-01,1,1,1.8655726467e-05,9.2210252749e-01,1,1
5.4415384615e-01,3.2891629703e-02,1.8304599363e-05,2.0978859736e-05,8.7252594245e-01,1,1,2.0978859736e-05,8.7252594245e-01,1,1
5.4415384615e-01,3.4909181152e-02,1.9477314540e-05,2.3669751479e-05,8.2287786410e-01,1,1,2.3669751479e-05,8.2287786410e-01,1,1
5.4415384615e-01,3.7050487912e-02,2.0725161703e-05,2.6822526979e-05,7.7267744831e-01,1,1,2.6822526979e-05,7.7267744831e-01,1,1
5.4415384615e-01,3.9323141054e-02,2.2052954309e-05,3.0509056233e-05,7.2283305456e-01,1,1,2.8578169606e-05,7.7167133558e-01,1,1
5.4415384615e-01,4.1735197281e-02,2.3465814198e-05,3.4716886019e-05,6.7591932596e-01,1,1,2.4669980007e-05,9.5118902371e-01,1,1
5.4415384615e-01,4.4295207488e-02,2.4969191350e-05,3.9236771797e-05,6.3637221427e-01,1,1,2.1869728840e-05,1.1417238656e+00,1,0
5.4415384615e-01,4.7012247078e-02,2.6568884906e-05,4.3811660366e-05,6.0643410190e-01,1,1,1.9250080779e-05,1.3801960216e+00,1,0
5.4415384615e-01,4.9895948132e-02,2.8271065542e-05,4.3454465480e-05,6.5059057176e-01,1,1,1.8199768513e-05,1.5533750070e+00,1,0
5.4415384615e-01,5.2956533557e-02,3.0082299264e-05,4.3249948538e-05,6.9554531928e-01,1,1,1.6593408724e-05,1.8129065441e+00,1,0
5.4415384615e-01,5.6204853327e-02,3.2009572745e-05,4.4126932152e-05,7.2539764682e-01,1,1,1.5953414733e-05,2.0064402060e+00,1,0
5.4415384615e-01,5.9652422947e-02,3.4060320266e-05,4.6119618032e-05,7.3852130005e-01,1,1,1.5375908679e-05,2.2151744640e+00,1,0
5.4415384615e-01,6.3311464273e-02,3.6242452403e-05,4.7799236429e-05,7.5822241338e-01,1,1,1.5170141697e-05,2.3890648569e+00,1,0
5.4415384615e-01,6.7194948846e-02,3.8564386533e-05,4.9536506863e-05,7.7850435922e-01,1,1,1.5177855161e-05,2.5408324249e+00,1,0
5.4415384615e-01,7.1316643869e-02,4.1035079308e-05,5.1473462657e-05,7.9720844859e-01,1,1,1.5567312348e-05,2.6359771289e+00,1,0
5.4415384615e-01,7.5691161018e-02,4.3664061203e-05,1.4980679293e-05,2.9146916738e+00,1,0,1.4980679293e-05,2.9146916738e+00,1,0
5.4415384615e-01,8.0334008241e-02,4.6461473277e-05,1.4561681282e-05,3.1906668177e+00,1,0,1.4561681282e-05,3.1906668177e+00,1,0
5.4415384615e-01,8.5261644732e-02,4.9438106297e-05,1.3927791078e-05,3.5496013705e+00,1,0,1.3927791078e-05,3.5496013705e+00,1,0
5.4415384615e-01,9.0491539282e-02,5.2605442356e-05,1.3596464153e-05,3.8690531422e+00,1,0,1.3596464153e-05,3.8690531422e+00,1,0
5.4415384615e-01,9.6042232206e-02,5.5975699166e-05,1.3910958276e-05,4.0238564488e+00,1,0,1.3910958276e-05,4.0238564488e+00,1,0
5.4415384615e-01,1.0193340107e-01,5.9561877190e-05,1.3905925662e-05,4.2832011791e+00,1,0,1.3905925662e-05,4.2832011791e+00,1,0
5.4415384615e-01,1.0818593045e-01,6.3377809787e-05,1.4102322782e-05,4.4941397786e+00,1,0,1.4102322782e-05,4.4941397786e+00,1,0
5.4415384615e-01,1.1482198597e-01,6.7438216571e-05,1.4534501623e-05,4.6398712745e+00,1,0,1.4534501623e-05,4.6398712745e+00,1,0
5.4415384615e-01,1.2186509287e-01,7.1758760198e-05,1.5102352212e-05,4.7514956075e+00,1,0,1.5102352212e-05,4.7514956075e+00,1,0
5.4415384615e-01,1.2934021943e-01,7.6356106773e-05,1.5733279313e-05,4.8531590431e+00,1,0,1.5733279313e-05,4.8531590431e+00,1,0
5.4415384615e-01,1.3727386545e-01,8.1247990148e-05,1.6411154166e-05,4.9507785575e+00,1,0,1.6411154166e-05,4.9507785575e+00,1,0
5.4415384615e-01,1.4569415623e-01,8.6453280320e-05,1.7388786192e-05,4.9717835026e+00,1,0,1.7388786192e-05,4.9717835026e+00,1,0
5.4415384615e-01,1.5463094224e-01,9.1992056229e-05,1.8557997070e-05,4.9570034891e+00,1,0,1.8557997070e-05,4.9570034891e+00,1,0
5.4415384615e-01,1.6411590496e-01,9.7885683202e-05,1.9903767191e-05,4.9179475554e+00,1,0,1.9903767191e-05,4.9179475554e+00,1,0
5.4415384615e-01,1.7418266921e-01,1.0415689537e-04,2.1720518543e-05,4.7953226886e+00,1,0,2.1720518543e-05,4.7953226886e+00,1,0
5.4415384615e-01,1.8486692231e-01,1.0804401548e-04,2.3704140647e-05,4.5580228827e+00,1,0,2.3704140647e-05,4.5580228827e+00,1,0
5.4415384615e-01,1.9620654064e-01,9.9969678543e-05,2.6157078022e-05,3.8218977846e+00,1,0,2.6157078022e-05,3.8218977846e+00,1,0
5.4415384615e-01,2.0824172388e-01,9.9492373670e-05,2.8882968617e-05,3.4446727063e+00,1,0,2.8882968617e-05,3.4446727063e+00,1,0
5.4415384615e-01,2.2101513753e-01,1.0211297075e-04,3.1893435970e-05,3.2016923746e+00,1,0,3.1893435970e-05,3.2016923746e+00,1,0
5.4415384615e-01,2.3457206418e-01,1.0624634858e-04,3.5459003495e-05,2.9963151275e+00,1,0,3.5459003495e-05,2.9963151275e+00,1,0
5.4415384615e-01,2.4896056400e-01,1.1134506863e-04,3.9482199260e-05,2.8201333946e+00,1,0,3.9482199260e-05,2.8201333946e+00,1,0
5.4415384615e-01,2.6423164516e-01,1.1668847422e-04,4.3962452213e-05,2.6542758274e+00,1,0,4.3962452213e-05,2.6542758274e+00,1,0
5.4415384615e-01,2.8043944464e-01,1.2228830773e-04,4.8951715426e-05,2.4981414168e+00,1,0,4.8951715426e-05,2.4981414168e+00,1,0
5.4415384615e-01,2.9764142013e-01,1.2890612346e-04,5.0819914248e-05,2.5365277640e+00,1,0,5.0819914248e-05,2.5365277640e+00,1,0
5.4415384615e-01,3.1589855375e-01,1.3588207224e-04,5.0651930583e-05,2.6826632405e+00,1,0,5.0651930583e-05,2.6826632405e+00,1,0
5.4415384615e-01,3.3527556823e-01,1.4217571998e-04,5.0632676526e-05,2.8079834948e+00,1,0,5.0632676526e-05,2.8079834948e+00,1,0
5.4415384615e-01,3.5584115634e-01,1.4876087050e-04,5.0637883966e-05,2.9377386820e+00,1,0,5.0637883966e-05,2.9377386820e+00,1,0
5.4415384615e-01,3.7766822442e-01,1.5565102534e-04,5.0668550369e-05,3.0719455008e+00,1,0,5.0668550369e-05,3.0719455008e+00,1,0
5.4415384615e-01,4.0083415084e-01,1.6286031136e-04,5.0695910398e-05,3.2124940667e+00,1,0,5.0695910398e-05,3.2124940667e+00,1,0
5.4415384615e-01,4.2542106032e-01,1.7040350977e-04,5.0349916339e-05,3.3843851620e+00,1,0,5.0349916339e-05,3.3843851620e+00,1,0
5.4415384615e-01,4.5151611504e-01,1.7668895799e-04,5.0070077432e-05,3.5288333281e+00,1,0,5.0070077432e-05,3.5288333281e+00,1,0
5.4415384615e-01,4.7921182366e-01,1.8113673719e-04,4.9979596083e-05,3.6242137069e+00,1,0,4.9979596083e-05,3.6242137069e+00,1,0
5.4415384615e-01,5.0860636927e-01,1.8369659165e-04,4.9990619452e-05,3.6746212321e+00,1,0,4.9990619452e-05,3.6746212321e+00,1,0
5.4415384615e-01,5.3980395744e-01,1.8149703639e-04,5.0064310672e-05,3.6252778466e+00,1,0,5.0064310672e-05,3.6252778466e+00,1,0
5.4415384615e-01,5.7291518563e-01,1.7263382794e-04,5.0383404796e-05,3.4264025751e+00,1,0,5.0383404796e-05,3.4264025751e+00,1,0
5.4415384615e-01,6.0805743530e-01,1.5650871628e-04,5.0760210884e-05,3.0832952337e+00,1,0,5.0760210884e-05,3.0832952337e+00,1,0
5.4415384615e-01,6.4535528801e-01,1.3725529169e-04,5.1056378563e-05,2.6883084063e+00,1,0,5.1056378563e-05,2.6883084063e+00,1,0
5.4415384615e-01,6.8494096706e-01,1.2516600728e-04,5.1344805307e-05,2.4377540538e+00,1,0,5.1344805307e-05,2.4377540538e+00,1,0
5.4415384615e-01,7.2695480624e-01,1.6631380943e-04,5.1884921516e-05,3.2054362727e+00,1,0,5.1884921516e-05,3.2054362727e+00,1,0
5.4415384615e-01,7.7154574735e-01,2.2098877970e-04,5.2591716607e-05,4.2019693207e+00,1,0,5.2591716607e-05,4.2019693207e+00,1,0
5.4415384615e-01,8.1887186816e-01,2.6931667449e-04,5.3261190655e-05,5.0565274861e+00,1,0,5.3261190655e-05,5.0565274861e+00,1,0
5.4415384615e-01,8.6910094284e-01,2.7693885200e-04,5.2552437496e-05,5.2697622640e+00,1,0,5.2552437496e-05,5.2697622640e+00,1,0
5.4415384615e-01,9.2241103671e-01,1.8410521600e-04,5.2497256736e-05,3.5069492664e+00,1,0,5.2497256736e-05,3.5069492664e+00,1,0
5.4415384615e-01,9.7899113751e-01,3.5357357045e-04,5.4143863167e-05,6.5302612295e+00,1,0,5.4143863167e-05,6.5302612295e+00,1,0
5.4415384615e-01,1.0390418254e+00,3.7670280950e-04,4.0017114125e-05,9.4135426238e+00,1,0,4.0017114125e-05,9.4135426238e+00,1,0
5.4415384615e-01,1.1027759839e+00,3.9170458310e-04,3.2352299669e-05,1.2107472640e+01,1,0,3.2352299669e-05,1.2107472640e+01,1,0
5.4415384615e-01,1.1704195547e+00,4.0069418820e-04,3.1625356747e-05,1.2670029034e+01,1,0,3.1625356747e-05,1.2670029034e+01,1,0
5.4415384615e-01,1.2422123388e+00,4.0323647531e-04,3.1032173171e-05,1.2994142340e+01,1,0,3.1032173171e-05,1.2994142340e+01,1,0
5.4415384615e-01,1.3184088462e+00,4.0579489248e-04,3.0684697194e-05,1.3224666677e+01,1,0,3.0684697194e-05,1.3224666677e+01,1,0
5.4415384615e-01,1.3992791984e+00,4.1399968085e-04,3.1198899522e-05,1.3269688585e+01,1,0,3.1198899522e-05,1.3269688585e+01,1,0
5.4415384615e-01,1.4851100861e+00,4.2764047022e-04,3.0997676783e-05,1.3795887776e+01,1,0,3.0997676783e-05,1.3795887776e+01,1,0
5.4415384615e-01,1.5762057853e+00,4.6536199675e-04,3.1017174459e-05,1.5003365228e+01,1,0,3.1017174459e-05,1.5003365228e+01,1,0
5.4415384615e-01,1.6728892362e+00,5.0641088275e-04,3.1148534910e-05,1.6257935862e+01,1,0,3.1148534910e-05,1.6257935862e+01,1,0
5.4415384615e-01,1.7755031880e+00,5.2819387774e-04,3.1319539105e-05,1.6864675945e+01,1,0,3.1319539105e-05,1.6864675945e+01,1,0
5.4415384615e-01,1.8844114137e+00,5.5091385668e-04,3.1508043217e-05,1.7484864194e+01,1,0,3.1508043217e-05,1.7484864194e+01,1,0
5.4415384615e-01,2.0000000000e+00,5.8535811995e-04,3.1730544221e-05,1.8447780658e+01,1,0,3.1730544221e-05,1.8447780658e+01,1,0
5.4669230769e-01,1.0000000000e-02,5.6890516569e-06,3.2937641199e-06,1.7272189051e+00,1,0,3.2937641199e-06,1.7272189051e+00,1,0
5.4669230769e-01,1.0613393580e-02,6.0368336734e-06,3.4767896263e-06,1.7363241157e+00,1,0,3.4767896263e-06,1.7363241157e+00,1,0
5.4669230769e-01,1.1264412328e-02,6.4058762336e-06,3.6912798857e-06,1.7354078889e+00,1,0,3.6912798857e-06,1.7354078889e+00,1,0
5.4669230769e-01,1.1955364149e-02,6.7974790328e-06,3.9238698634e-06,1.7323405896e+00,1,0,3.9238698634e-06,1.7323405896e+00,1,0
5.4669230769e-01,1.2688698510e-02,7.2130212194e-06,4.1787648862e-06,1.7261131975e+00,1,0,4.1787648862e-06,1.7261131975e+00,1,0
5.4669230769e-01,1.3467015131e-02,7.6539662514e-06,4.4814660583e-06,1.7079157025e+00,1,0,4.4814660583e-06,1.7079157025e+00,1,0
5.4669230769e-01,1.4293073193e-02,8.1218670507e-06,4.8721828647e-06,1.6669873189e+00,1,0,4.8721828647e-06,1.6669873189e+00,1,0
5.4669230769e-01,1.5169801127e-02,8.6183714720e-06,5.2982126806e-06,1.6266563824e+00,1,0,5.2982126806e-06,1.6266563824e+00,1,0
5.4669230769e-01,1.6100306989e-02,9.1452281065e-06,5.7751915426e-06,1.5835367605e+00,1,0,5.7751915426e-06,1.5835367605e+00,1,0
5.4669230769e-01,1.7087889483e-02,9.7042924399e-06,6.3450288726e-06,1.5294323532e+00,1,0,6.3450288726e-06,1.5294323532e+00,1,0
5.4669230769e-01,1.8136049653e-02,1.0297533387e-05,7.0121237259e-06,1.4685327569e+00,1,0,7.0121237259e-06,1.4685327569e+00,1,0
5.4669230769e-01,1.9248503296e-02,1.0927040226e-05,7.7536883200e-06,1.4092699855e+00,1,0,7.7536883200e-06,1.4092699855e+00,1,0
5.4669230769e-01,2.0429194130e-02,1.1595029957e-05,8.5889023372e-06,1.3500013741e+00,1,0,8.5889023372e-06,1.3500013741e+00,1,0
5.4669230769e-01,2.1682307783e-02,1.2391786470e-05,9.5155366396e-06,1.3022687988e+00,1,0,9.5155366396e-06,1.3022687988e+00,1,0
5.4669230769e-01,2.3012286622e-02,1.3243292384e-05,1.0588405760e-05,1.2507352554e+00,1,0,1.0588405760e-05,1.2507352554e+00,1,0
5.4669230769e-01,2.4423845509e-02,1.4004493486e-05,1.1812926363e-05,1.1855227956e+00,1,0,1.1812926363e-05,1.1855227956e+00,1,0
5.4669230769e-01,2.5921988513e-02,1.4809447086e-05,1.3188424769e-05,1.1229125044e+00,1,0,1.3188424769e-05,1.1229125044e+00,1,0
5.4669230769e-01,2.7512026646e-02,1.5833877012e-05,1.4755045076e-05,1.0731161396e+00,1,0,1.4755045076e-05,1.0731161396e+00,1,0
5.4669230769e-01,2.9199596698e-02,1.6833356142e-05,1.6589128107e-05,1.0147221743e+00,1,0,1.6589128107e-05,1.0147221743e+00,1,0
5.4669230769e-01,3.0990681213e-02,1.7895925224e-05,1.8653178801e-05,9.5940351054e-01,1,1,1.8653178801e-05,9.5940351054e-01,1,1
5.4669230769e-01,3.2891629703e-02,1.9025566674e-05,2.0976155798e-05,9.0700921836e-01,1,1,2.0976155798e-05,9.0700921836e-01,1,1
5.4669230769e-01,3.4909181152e-02,2.0226514290e-05,2.3675248133e-05,8.5433167061e-01,1,1,2.3675248133e-05,8.5433167061e-01,1,1
5.4669230769e-01,3.7050487912e-02,2.1503269118e-05,2.6840544926e-05,8.0114875375e-01,1,1,2.6840544926e-05,8.0114875375e-01,1,1
5.4669230769e-01,3.9323141054e-02,2.2860616324e-05,3.0536950987e-05,7.4862144337e-01,1,1,2.8129458697e-05,8.1269307633e-01,1,1
5.4669230769e-01,4.1735197281e-02,2.4303643127e-05,3.4725623769e-05,6.9987635898e-01,1,1,2.4341552291e-05,9.9844261517e-01,1,1
5.4669230769e-01,4.4295207488e-02,2.5837757866e-05,3.9252770421e-05,6.5824036341e-01,1,1,2.1588925794e-05,1.1968060900e+00,1,0
5.4669230769e-01,4.7012247078e-02,2.7642174766e-05,4.3342596556e-05,6.3776000893e-01,1,1,1.9003017307e-05,1.4546203016e+00,1,0
5.4669230769e-01,4.9895948132e-02,2.9405234235e-05,4.3038300977e-05,6.8323408608e-01,1,1,1.7910251719e-05,1.6418102155e+00,1,0
5.4669230769e-01,5.2956533557e-02,3.1280744287e-05,4.2856538108e-05,7.2989433278e-01,1,1,1.6390954664e-05,1.9084150331e+00,1,0
5.4669230769e-01,5.6204853327e-02,3.3275877191e-05,4.3885175770e-05,7.5824869347e-01,1,1,1.5748892429e-05,2.1129026908e+00,1,0
5.4669230769e-01,5.9652422947e-02,3.5398262671e-05,4.5820425822e-05,7.7254329342e-01,1,1,1.5205247564e-05,2.3280293544e+00,1,0
5.4669230769e-01,6.3311464273e-02,3.7656017087e-05,4.7488644797e-05,7.9294781412e-01,1,1,1.5029942760e-05,2.5053999000e+00,1,0
5.4669230769e-01,6.7194948846e-02,4.0057774476e-05,4.9214817116e-05,8.1393728197e-01,1,1,1.5067020089e-05,2.6586394813e+00,1,0
5.4669230769e-01,7.1316643869e-02,4.2612719562e-05,5.1170201856e-05,8.3276434361e-01,1,1,1.5453689715e-05,2.7574463023e+00,1,0
5.4669230769e-01,7.5691161018e-02,4.5330622886e-05,1.4837525829e-05,3.0551335451e+00,1,0,1.4837525829e-05,3.0551335451e+00,1,0
5.4669230769e-01,8.0334008241e-02,4.8221878172e-05,1.4379843781e-05,3.3534354688e+00,1,0,1.4379843781e-05,3.3534354688e+00,1,0
5.4669230769e-01,8.5261644732e-02,5.1297542067e-05,1.3749520555e-05,3.7308604226e+00,1,0,1.3749520555e-05,3.7308604226e+00,1,0
5.4669230769e-01,9.0491539282e-02,5.4569376429e-05,1.3471462575e-05,4.0507388210e+00,1,0,1.3471462575e-05,4.0507388210e+00,1,0
5.4669230769e-01,9.6042232206e-02,5.8049893307e-05,1.3829072900e-05,4.1976706410e+00,1,0,1.3829072900e-05,4.1976706410e+00,1,0
5.4669230769e-01,1.0193340107e-01,6.1752402784e-05,1.3742322198e-05,4.4935929965e+00,1,0,1.3742322198e-05,4.4935929965e+00,1,0
5.4669230769e-01,1.0818593045e-01,6.5691063883e-05,1.3992722068e-05,4.6946593781e+00,1,0,1.3992722068e-05,4.6946593781e+00,1,0
5.4669230769e-01,1.1482198597e-01,6.9880938709e-05,1.4443034001e-05,4.8383835907e+00,1,0,1.4443034001e-05,4.8383835907e+00,1,0
5.4669230769e-01,1.2186509287e-01,7.4338050051e-05,1.5007343449e-05,4.9534449788e+00,1,0,1.5007343449e-05,4.9534449788e+00,1,0
5.4669230769e-01,1.2934021943e-01,7.9079442655e-05,1.5638985350e-05,5.0565583948e+00,1,0,1.5638985350e-05,5.0565583948e+00,1,0
5.4669230769e-01,1.3727386545e-01,8.4123248409e-05,1.6312828850e-05,5.1568767861e+00,1,0,1.6312828850e-05,5.1568767861e+00,1,0
5.4669230769e-01,1.4569415623e-01,8.9488755678e-05,1.7315533740e-05,5.1681199681e+00,1,0,1.7315533740e-05,5.1681199681e+00,1,0
5.4669230769e-01,1.5463094224e-01,9.5734596112e-05,1.8479850739e-05,5.1804853548e+00,1,0,1.8479850739e-05,5.1804853548e+00,1,0
5.4669230769e-01,1.6411590496e-01,1.0182500006e-04,1.9854464023e-05,5.1285695719e+00,1,0,1.9854464023e-05,5.1285695719e+00,1,0
5.4669230769e-01,1.7418266921e-01,1.0830286080e-04,2.1666748045e-05,4.9985748009e+00,1,0,2.1666748045e-05,4.9985748009e+00,1,0
5.4669230769e-01,1.8486692231e-01,1.1191138465e-04,2.3651918288e-05,4.7315986502e+00,1,0,2.3651918288e-05,4.7315986502e+00,1,0
5.4669230769e-01,1.9620654064e-01,1.0319553783e-04,2.6116336643e-05,3.9513787574e+00,1,0,2.6116336643e-05,3.9513787574e+00,1,0
5.4669230769e-01,2.0824172388e-01,1.0326668283e-04,2.8838018181e-05,3.5809216217e+00,1,0,2.8838018181e-05,3.5809216217e+00,1,0
5.4669230769e-01,2.2101513753e-01,1.0612416050e-04,3.1843838559e-05,3.3326434657e+00,1,0,3.1843838559e-05,3.3326434657e+00,1,0
5.4669230769e-01,2.3457206418e-01,1.1051505591e-04,3.5426869622e-05,3.1195264240e+00,1,0,3.5426869622e-05,3.1195264240e+00,1,0
5.4669230769e-01,2.4896056400e-01,1.1586926296e-04,3.9446461513e-05,2.9373804016e+00,1,0,3.9446461513e-05,2.9373804016e+00,1,0
5.4669230769e-01,2.6423164516e-01,1.2148286936e-04,4.3922703253e-05,2.7658331652e+00,1,0,4.3922703253e-05,2.7658331652e+00,1,0
5.4669230769e-01,2.8043944464e-01,1.2736844243e-04,4.8907501714e-05,2.6042721048e+00,1,0,4.8907501714e-05,2.6042721048e+00,1,0
5.4669230769e-01,2.9764142013e-01,1.3353915833e-04,5.0334812691e-05,2.6530178855e+00,1,0,5.0334812691e-05,2.6530178855e+00,1,0
5.4669230769e-01,3.1589855375e-01,1.4083692979e-04,5.0180294856e-05,2.8066182192e+00,1,0,5.0180294856e-05,2.8066182192e+00,1,0
5.4669230769e-01,3.3527556823e-01,1.4853351662e-04,5.0163079410e-05,2.9610127281e+00,1,0,5.0163079410e-05,2.9610127281e+00,1,0
5.4669230769e-01,3.5584115634e-01,1.5516753553e-04,5.0170174241e-05,3.0928243300e+00,1,0,5.0170174241e-05,3.0928243300e+00,1,0
5.4669230769e-01,3.7766822442e-01,1.6209785260e-04,5.0202571604e-05,3.2288754824e+00,1,0,5.0202571604e-05,3.2288754824e+00,1,0
5.4669230769e-01,4.0083415084e-01,1.6933770153e-04,5.0198332134e-05,3.3733730650e+00,1,0,5.0198332134e-05,3.3733730650e+00,1,0
5.4669230769e-01,4.2542106032e-01,1.7690090706e-04,4.9857890415e-05,3.5481025289e+00,1,0,4.9857890415e-05,3.5481025289e+00,1,0
5.4669230769e-01,4.5151611504e-01,1.8370978139e-04,4.9598106515e-05,3.7039676371e+00,1,0,4.9598106515e-05,3.7039676371e+00,1,0
5.4669230769e-01,4.7921182366e-01,1.8802838122e-04,4.9510776322e-05,3.7977263776e+00,1,0,4.9510776322e-05,3.7977263776e+00,1,0
5.4669230769e-01,5.0860636927e-01,1.9051559725e-04,4.9532031723e-05,3.8463109754e+00,1,0,4.9532031723e-05,3.8463109754e+00,1,0
5.4669230769e-01,5.3980395744e-01,1.8751427742e-04,4.9607506647e-05,3.7799577139e+00,1,0,4.9607506647e-05,3.7799577139e+00,1,0
5.4669230769e-01,5.7291518563e-01,1.7784544142e-04,4.9944478119e-05,3.5608629447e+00,1,0,4.9944478119e-05,3.5608629447e+00,1,0
5.4669230769e-01,6.0805743530e-01,1.6051239068e-04,5.0320653221e-05,3.1897914753e+00,1,0,5.0320653221e-05,3.1897914753e+00,1,0
5.4669230769e-01,6.4535528801e-01,1.4082968448e-04,5.0604327185e-05,2.7829573540e+00,1,0,5.0604327185e-05,2.7829573540e+00,1,0
5.4669230769e-01,6.8494096706e-01,1.2921907247e-04,5.0893034990e-05,2.5390325512e+00,1,0,5.0893034990e-05,2.5390325512e+00,1,0
5.4669230769e-01,7.2695480624e-01,1.7764754224e-04,5.1457225778e-05,3.4523342359e+00,1,0,5.1457225778e-05,3.4523342359e+00,1,0
5.4669230769e-01,7.7154574735e-01,2.3408658872e-04,5.2161248344e-05,4.4877489737e+00,1,0,5.2161248344e-05,4.4877489737e+00,1,0
5.4669230769e-01,8.1887186816e-01,2.8249580919e-04,5.2711006185e-05,5.3593325122e+00,1,0,5.2711006185e-05,5.3593325122e+00,1,0
5.4669230769e-01,8.6910094284e-01,2.8206553315e-04,5.2012755699e-05,5.4230069020e+00,1,0,5.2012755699e-05,5.4230069020e+00,1,0
5.4669230769e-01,9.2241103671e-01,1.9316267843e-04,5.2135075002e-05,3.7050426882e+00,1,0,5.2135075002e-05,3.7050426882e+00,1,0
5.4669230769e-01,9.7899113751e-01,3.6901827499e-04,5.3773736192e-05,6.8624258070e+00,1,0,5.3773736192e-05,6.8624258070e+00,1,0
5.4669230769e-01,1.0390418254e+00,3.9206422699e-04,3.5910386505e-05,1.0917850381e+01,1,0,3.5910386505e-05,1.0917850381e+01,1,0
5.4669230769e-01,1.1027759839e+00,4.0702317055e-04,3.1990499253e-05,1.2723251592e+01,1,0,3.1990499253e-05,1.2723251592e+01,1,0
5.4669230769e-01,1.1704195547e+00,4.1590300923e-04,3.1284985002e-05,1.3294013381e+01,1,0,3.1284985002e-05,1.3294013381e+01,1,0
5.4669230769e-01,1.2422123388e+00,4.1811247356e-04,3.0700413310e-05,1.3619115460e+01,1,0,3.0700413310e-05,1.3619115460e+01,1,0
5.4669230769e-01,1.3184088462e+00,4.2033367555e-04,3.0438967583e-05,1.3809064792e+01,1,0,3.0438967583e-05,1.3809064792e+01,1,0
5.4669230769e-01,1.3992791984e+00,4.3017160536e-04,3.0938631949e-05,1.3904028015e+01,1,0,3.0938631949e-05,1.3904028015e+01,1,0
5.4669230769e-01,1.4851100861e+00,4.4553425417e-04,3.0692265411e-05,1.4516173642e+01,1,0,3.0692265411e-05,1.4516173642e+01,1,0
5.4669230769e-01,1.5762057853e+00,4.8607451167e-04,3.0738972999e-05,1.5812971750e+01,1,0,3.0738972999e-05,1.5812971750e+01,1,0
5.4669230769e-01,1.6728892362e+00,5.2592175811e-04,3.0871291590e-05,1.7035949292e+01,1,0,3.0871291590e-05,1.7035949292e+01,1,0
5.4669230769e-01,1.7755031880e+00,5.4978064972e-04,3.1044445771e-05,1.7709468991e+01,1,0,3.1044445771e-05,1.7709468991e+01,1,0
5.4669230769e-01,1.8844114137e+00,5.7472192041e-04,3.1230392867e-05,1.8402647795e+01,1,0,3.1230392867e-05,1.8402647795e+01,1,0
5.4669230769e-01,2.0000000000e+00,6.1093448589e-04,3.1457730311e-05,1.9420806265e+01,1,0,3.1457730311e-05,1.9420806265e+01,1,0
5.4923076923e-01,1.0000000000e-02,5.9041759278e-06,3.2738345012e-06,1.8034436150e+00,1,0,3.2738345012e-06,1.8034436150e+00,1,0
5.4923076923e-01,1.0613393580e-02,6.2653341466e-06,3.4602895234e-06,1.8106387064e+00,1,0,3.4602895234e-06,1.8106387064e+00,1,0
5.4923076923e-01,1.1264412328e-02,6.6485844002e-06,3.6746979429e-06,1.8092873220e+00,1,0,3.6746979429e-06,1.8092873220e+00,1,0
5.4923076923e-01,1.1955364149e-02,7.0552780573e-06,3.9061643949e-06,1.8061907651e+00,1,0,3.9061643949e-06,1.8061907651e+00,1,0
5.4923076923e-01,1.2688698510e-02,7.4868491500e-06,4.1624269609e-06,1.7986739996e+00,1,0,4.1624269609e-06,1.7986739996e+00,1,0
5.4923076923e-01,1.3467015131e-02,7.9448194302e-06,4.4689496901e-06,1.7777822489e+00,1,0,4.4689496901e-06,1.7777822489e+00,1,0
5.4923076923e-01,1.4293073193e-02,8.4308037352e-06,4.8588069953e-06,1.7351592157e+00,1,0,4.8588069953e-06,1.7351592157e+00,1,0
5.4923076923e-01,1.5169801127e-02,8.9465156818e-06,5.2837488349e-06,1.6932136560e+00,1,0,5.2837488349e-06,1.6932136560e+00,1,0
5.4923076923e-01,1.6100306989e-02,9.4937737088e-06,5.7608624712e-06,1.6479778429e+00,1,0,5.7608624712e-06,1.6479778429e+00,1,0
5.4923076923e-01,1.7087889483e-02,1.0074507489e-05,6.3355691781e-06,1.5901503409e+00,1,0,6.3355691781e-06,1.5901503409e+00,1,0
5.4923076923e-01,1.8136049653e-02,1.0690764732e-05,7.0017617370e-06,1.5268678275e+00,1,0,7.0017617370e-06,1.5268678275e+00,1,0
5.4923076923e-01,1.9248503296e-02,1.1344718407e-05,7.7435392157e-06,1.4650559765e+00,1,0,7.7435392157e-06,1.4650559765e+00,1,0
5.4923076923e-01,2.0429194130e-02,1.2038674405e-05,8.5777614780e-06,1.4034750716e+00,1,0,8.5777614780e-06,1.4034750716e+00,1,0
5.4923076923e-01,2.1682307783e-02,1.2870000111e-05,9.5034320288e-06,1.3542476099e+00,1,0,9.5034320288e-06,1.3542476099e+00,1,0
5.4923076923e-01,2.3012286622e-02,1.3681958144e-05,1.0579041112e-05,1.2933079661e+00,1,0,1.0579041112e-05,1.2933079661e+00,1,0
5.4923076923e-01,2.4423845509e-02,1.4545141961e-05,1.1804906853e-05,1.2321267878e+00,1,0,1.1804906853e-05,1.2321267878e+00,1,0
5.4923076923e-01,2.5921988513e-02,1.5462783356e-05,1.3179080984e-05,1.1732823688e+00,1,0,1.3179080984e-05,1.1732823688e+00,1,0
5.4923076923e-01,2.7512026646e-02,1.6438318014e-05,1.4752804288e-05,1.1142503956e+00,1,0,1.4752804288e-05,1.1142503956e+00,1,0
5.4923076923e-01,2.9199596698e-02,1.7475398375e-05,1.6586749870e-05,1.0535758067e+00,1,0,1.6586749870e-05,1.0535758067e+00,1,0
5.4923076923e-01,3.0990681213e-02,1.8577907308e-05,1.8650654684e-05,9.9609947329e-01,1,1,1.8650654684e-05,9.9609947329e-01,1,1
5.4923076923e-01,3.2891629703e-02,1.9749972649e-05,2.0973552437e-05,9.4166082301e-01,1,1,2.0973552437e-05,9.4166082301e-01,1,1
5.4923076923e-01,3.4909181152e-02,2.0995982657e-05,2.3680733529e-05,8.8662720822e-01,1,1,2.3680733529e-05,8.8662720822e-01,1,1
5.4923076923e-01,3.7050487912e-02,2.2320602442e-05,2.6858505290e-05,8.3104410320e-01,1,1,2.6858505290e-05,8.3104410320e-01,1,1
5.4923076923e-01,3.9323141054e-02,2.3728791432e-05,3.0564756754e-05,7.7634484785e-01,1,1,2.7738238551e-05,8.5545415541e-01,1,1
5.4923076923e-01,4.1735197281e-02,2.5369431119e-05,3.4734339234e-05,7.3038473391e-01,1,1,2.4018999173e-05,1.0562234894e+00,1,0
5.4923076923e-01,4.4295207488e-02,2.7123506780e-05,3.9270530283e-05,6.9068348670e-01,1,1,2.1313013378e-05,1.2726265544e+00,1,0
5.4923076923e-01,4.7012247078e-02,2.8715478386e-05,4.2880710558e-05,6.6965957449e-01,1,1,1.8760255064e-05,1.5306550091e+00,1,0
5.4923076923e-01,4.9895948132e-02,3.0400888264e-05,4.2621476170e-05,7.1327628687e-01,1,1,1.7626656686e-05,1.7247109764e+00,1,0
5.4923076923e-01,5.2956533557e-02,3.2519101453e-05,4.2468519513e-05,7.6572251226e-01,1,1,1.6191897447e-05,2.0083564363e+00,1,0
5.4923076923e-01,5.6204853327e-02,3.4591334992e-05,4.3645869771e-05,7.9254543840e-01,1,1,1.5547926801e-05,2.2248197741e+00,1,0
5.4923076923e-01,5.9652422947e-02,3.6795618668e-05,4.5524562021e-05,8.0825859789e-01,1,1,1.5037263063e-05,2.4469624900e+00,1,0
5.4923076923e-01,6.3311464273e-02,3.9140367190e-05,4.7181510746e-05,8.2957002800e-01,1,1,1.4891684612e-05,2.6283371029e+00,1,0
5.4923076923e-01,6.7194948846e-02,4.1634531481e-05,4.8896706429e-05,8.5147926152e-01,1,1,1.4957506580e-05,2.7835208534e+00,1,0
5.4923076923e-01,7.1316643869e-02,4.4287632847e-05,5.0870134216e-05,8.7060184781e-01,1,1,1.5341421225e-05,2.8868011769e+00,1,0
5.4923076923e-01,7.5691161018e-02,4.7109799328e-05,1.4696397828e-05,3.2055337560e+00,1,0,1.4696397828e-05,3.2055337560e+00,1,0
5.4923076923e-01,8.0334008241e-02,5.0111804359e-05,1.4201107095e-05,3.5287251918e+00,1,0,1.4201107095e-05,3.5287251918e+00,1,0
5.4923076923e-01,8.5261644732e-02,5.3305107895e-05,1.3574345024e-05,3.9269009149e+00,1,0,1.3574345024e-05,3.9269009149e+00,1,0
5.4923076923e-01,9.0491539282e-02,5.6701900162e-05,1.3348184249e-05,4.2479111094e+00,1,0,1.3348184249e-05,4.2479111094e+00,1,0
5.4923076923e-01,9.6042232206e-02,6.0315148190e-05,1.3748048358e-05,4.3871789378e+00,1,0,1.3748048358e-05,4.3871789378e+00,1,0
5.4923076923e-01,1.0193340107e-01,6.4158645316e-05,1.3620028726e-05,4.7106101321e+00,1,0,1.3620028726e-05,4.7106101321e+00,1,0
5.4923076923e-01,1.0818593045e-01,6.8247063835e-05,1.3884477521e-05,4.9153498020e+00,1,0,1.3884477521e-05,4.9153498020e+00,1,0
5.4923076923e-01,1.1482198597e-01,7.2596011015e-05,1.4352564211e-05,5.0580516448e+00,1,0,1.4352564211e-05,5.0580516448e+00,1,0
5.4923076923e-01,1.2186509287e-01,7.7222088676e-05,1.4913370802e-05,5.1780438978e+00,1,0,1.4913370802e-05,5.1780438978e+00,1,0
5.4923076923e-01,1.2934021943e-01,8.2606013015e-05,1.5545691807e-05,5.3137559938e+00,1,0,1.5545691807e-05,5.3137559938e+00,1,0
5.4923076923e-01,1.3727386545e-01,8.8365304581e-05,1.6215546397e-05,5.4494188735e+00,1,0,1.6215546397e-05,5.4494188735e+00,1,0
5.4923076923e-01,1.4569415623e-01,9.3502577897e-05,1.7242929430e-05,5.4226619831e+00,1,0,1.7242929430e-05,5.4226619831e+00,1,0
5.4923076923e-01,1.5463094224e-01,9.9526690035e-05,1.8402395577e-05,5.4083551035e+00,1,0,1.8402395577e-05,5.4083551035e+00,1,0
5.4923076923e-01,1.6411590496e-01,1.0593891903e-04,1.9805512936e-05,5.3489611392e+00,1,0,1.9805512936e-05,5.3489611392e+00,1,0
5.4923076923e-01,1.7418266921e-01,1.1276427019e-04,2.1613361302e-05,5.2173407280e+00,1,0,2.1613361302e-05,5.2173407280e+00,1,0
5.4923076923e-01,1.8486692231e-01,1.1556624535e-04,2.3615220203e-05,4.8937187271e+00,1,0,2.3615220203e-05,4.8937187271e+00,1,0
5.4923076923e-01,1.9620654064e-01,1.0645425379e-04,2.6075849665e-05,4.0824845654e+00,1,0,2.6075849665e-05,4.0824845654e+00,1,0
5.4923076923e-01,2.0824172388e-01,1.0699849760e-04,2.8793348208e-05,3.7160838964e+00,1,0,2.8793348208e-05,3.7160838964e+00,1,0
5.4923076923e-01,2.2101513753e-01,1.1010051329e-04,3.1797304035e-05,3.4625738450e+00,1,0,3.1797304035e-05,3.4625738450e+00,1,0
5.4923076923e-01,2.3457206418e-01,1.1474655248e-04,3.5394916540e-05,3.2418935739e+00,1,0,3.5394916540e-05,3.2418935739e+00,1,0
5.4923076923e-01,2.4896056400e-01,1.2035441609e-04,3.9410924607e-05,3.0538338618e+00,1,0,3.9410924607e-05,3.0538338618e+00,1,0
5.4923076923e-01,2.6423164516e-01,1.2623634575e-04,4.3883177439e-05,2.8766455193e+00,1,0,4.3883177439e-05,2.8766455193e+00,1,0
5.4923076923e-01,2.8043944464e-01,1.3240573555e-04,4.8863535962e-05,2.7097043417e+00,1,0,4.8863535962e-05,2.7097043417e+00,1,0
5.4923076923e-01,2.9764142013e-01,1.3887663415e-04,4.9856691953e-05,2.7855164214e+00,1,0,4.9856691953e-05,2.7855164214e+00,1,0
5.4923076923e-01,3.1589855375e-01,1.4566377683e-04,4.9715345549e-05,2.9299560371e+00,1,0,4.9715345549e-05,2.9299560371e+00,1,0
5.4923076923e-01,3.3527556823e-01,1.5372786674e-04,4.9700129061e-05,3.0931079988e+00,1,0,4.9700129061e-05,3.0931079988e+00,1,0
5.4923076923e-01,3.5584115634e-01,1.6113845427e-04,4.9709073329e-05,3.2416306214e+00,1,0,4.9709073329e-05,3.2416306214e+00,1,0
5.4923076923e-01,3.7766822442e-01,1.6890627571e-04,4.9743165451e-05,3.3955674951e+00,1,0,4.9743165451e-05,3.3955674951e+00,1,0
5.4923076923e-01,4.0083415084e-01,1.7704855184e-04,4.9708072949e-05,3.5617665569e+00,1,0,4.9708072949e-05,3.5617665569e+00,1,0
5.4923076923e-01,4.2542106032e-01,1.8345231817e-04,4.9373087746e-05,3.7156338919e+00,1,0,4.9373087746e-05,3.7156338919e+00,1,0
5.4923076923e-01,4.5151611504e-01,1.9008770585e-04,4.9132914409e-05,3.8688465388e+00,1,0,4.9132914409e-05,3.8688465388e+00,1,0
5.4923076923e-01,4.7921182366e-01,1.9481135313e-04,4.9048675612e-05,3.9717963982e+00,1,0,4.9048675612e-05,3.9717963982e+00,1,0
5.4923076923e-01,5.0860636927e-01,1.9712611298e-04,4.9079932319e-05,4.0164300084e+00,1,0,4.9079932319e-05,4.0164300084e+00,1,0
5.4923076923e-01,5.3980395744e-01,1.9340069535e-04,4.9171633467e-05,3.9331761365e+00,1,0,4.9171633467e-05,3.9331761365e+00,1,0
5.4923076923e-01,5.7291518563e-01,1.8285977473e-04,4.9511581968e-05,3.6932727144e+00,1,0,4.9511581968e-05,3.6932727144e+00,1,0
5.4923076923e-01,6.0805743530e-01,1.6427521375e-04,4.9887119115e-05,3.2929384711e+00,1,0,4.9887119115e-05,3.2929384711e+00,1,0
5.4923076923e-01,6.4535528801e-01,1.4429436332e-04,5.0158558966e-05,2.8767645303e+00,1,0,5.0158558966e-05,2.8767645303e+00,1,0
5.4923076923e-01,6.8494096706e-01,1.3326818350e-04,5.0447526264e-05,2.6417188981e+00,1,0,5.0447526264e-05,2.6417188981e+00,1,0
5.4923076923e-01,7.2695480624e-01,1.8876480231e-04,5.1035241968e-05,3.6987147514e+00,1,0,5.1035241968e-05,3.6987147514e+00,1,0
5.4923076923e-01,7.7154574735e-01,2.4667539580e-04,5.1736511378e-05,4.7679170711e+00,1,0,5.1736511378e-05,4.7679170711e+00,1,0
5.4923076923e-01,8.1887186816e-01,2.9543232305e-04,5.2169259902e-05,5.6629579106e+00,1,0,5.2169259902e-05,5.6629579106e+00,1,0
5.4923076923e-01,8.6910094284e-01,2.8534312994e-04,5.1481324979e-05,5.5426531865e+00,1,0,5.1481324979e-05,5.5426531865e+00,1,0
5.4923076923e-01,9.2241103671e-01,2.1546890894e-04,5.1777305740e-05,4.1614546347e+00,1,0,5.1777305740e-05,4.1614546347e+00,1,0
5.4923076923e-01,9.7899113751e-01,3.8437726238e-04,5.3408102231e-05,7.1969840965e+00,1,0,5.3408102231e-05,7.1969840965e+00,1,0
5.4923076923e-01,1.0390418254e+00,4.0728200866e-04,3.3988468564e-05,1.1982946742e+01,1,0,3.3988468564e-05,1.1982946742e+01,1,0
5.4923076923e-01,1.1027759839e+00,4.2207778193e-04,3.1634555029e-05,1.3342301845e+01,1,0,3.1634555029e-05,1.3342301845e+01,1,0
5.4923076923e-01,1.1704195547e+00,4.3082377800e-04,3.0949988476e-05,1.3919998010e+01,1,0,3.0949988476e-05,1.3919998010e+01,1,0
5.4923076923e-01,1.2422123388e+00,4.3273017392e-04,3.0373871737e-05,1.4246790059e+01,1,0,3.0373871737e-05,1.4246790059e+01,1,0
5.4923076923e-01,1.3184088462e+00,4.3464500564e-04,3.0196490153e-05,1.4393891589e+01,1,0,3.0196490153e-05,1.4393891589e+01,1,0
5.4923076923e-01,1.3992791984e+00,4.4607354354e-04,3.0633275015e-05,1.4561732081e+01,1,0,3.0633275015e-05,1.4561732081e+01,1,0
5.4923076923e-01,1.4851100861e+00,4.6359328938e-04,3.0391419759e-05,1.5254084641e+01,1,0,3.0391419759e-05,1.5254084641e+01,1,0
5.4923076923e-01,1.5762057853e+00,5.0662449505e-04,3.0464701845e-05,1.6629885224e+01,1,0,3.0464701845e-05,1.6629885224e+01,1,0
5.4923076923e-01,1.6728892362e+00,5.4735379658e-04,3.0597947706e-05,1.7888578732e+01,1,0,3.0597947706e-05,1.7888578732e+01,1,0
5.4923076923e-01,1.7755031880e+00,5.7088591548e-04,3.0773191801e-05,1.8551404065e+01,1,0,3.0773191801e-05,1.8551404065e+01,1,0
5.4923076923e-01,1.8844114137e+00,5.9542973946e-04,3.0956624587e-05,1.9234323748e+01,1,0,3.0956624587e-05,1.9234323748e+01,1,0
5.4923076923e-01,2.0000000000e+00,6.3660808811e-04,3.1188676339e-05,2.0411513499e+01,1,0,3.1188676339e-05,2.0411513499e+01,1,0
5.5176923077e-01,1.0000000000e-02,6.1176220029e-06,3.2541394464e-06,1.8799507838e+00,1,0,3.2541394464e-06,1.8799507838e+00,1,0
5.5176923077e-01,1.0613393580e-02,6.4920562121e-06,3.4439487107e-06,1.8850618164e+00,1,0,3.4439487107e-06,1.8850618164e+00,1,0
5.5176923077e-01,1.1264412328e-02,6.8894079826e-06,3.6582719330e-06,1.8832410791e+00,1,0,3.6582719330e-06,1.8832410791e+00,1,0
5.5176923077e-01,1.1955364149e-02,7.3110800029e-06,3.8886254622e-06,1.8801193568e+00,1,0,3.8886254622e-06,1.8801193568e+00,1,0
5.5176923077e-01,1.2688698510e-02,7.7585608146e-06,4.1462334341e-06,1.8712310674e+00,1,0,4.1462334341e-06,1.8712310674e+00,1,0
5.5176923077e-01,1.3467015131e-02,8.2334300664e-06,4.4566708689e-06,1.8474395594e+00,1,0,4.4566708689e-06,1.8474395594e+00,1,0
5.5176923077e-01,1.4293073193e-02,8.7373640908e-06,4.8455351985e-06,1.8031783349e+00,1,0,4.8455351985e-06,1.8031783349e+00,1,0
5.5176923077e-01,1.5169801127e-02,9.2721418218e-06,5.2694022819e-06,1.7596192748e+00,1,0,5.2694022819e-06,1.7596192748e+00,1,0
5.5176923077e-01,1.6100306989e-02,9.8396510745e-06,5.7466411065e-06,1.7122438816e+00,1,0,5.7466411065e-06,1.7122438816e+00,1,0
5.5176923077e-01,1.7087889483e-02,1.0441895209e-05,6.3261737126e-06,1.6505862285e+00,1,0,6.3261737126e-06,1.6505862285e+00,1,0
5.5176923077e-01,1.8136049653e-02,1.1081000203e-05,6.9914696521e-06,1.5849314600e+00,1,0,6.9914696521e-06,1.5849314600e+00,1,0
5.5176923077e-01,1.9248503296e-02,1.1759222157e-05,7.7334573528e-06,1.5205646868e+00,1,0,7.7334573528e-06,1.5205646868e+00,1,0
5.5176923077e-01,2.0429194130e-02,1.2550448475e-05,8.5666939492e-06,1.4650282302e+00,1,0,8.5666939492e-06,1.4650282302e+00,1,0
5.5176923077e-01,2.1682307783e-02,1.3394912930e-05,9.4921478826e-06,1.4111572107e+00,1,0,9.4921478826e-06,1.4111572107e+00,1,0
5.5176923077e-01,2.3012286622e-02,1.4187037300e-05,1.0569736285e-05,1.3422319079e+00,1,0,1.0569736285e-05,1.3422319079e+00,1,0
5.5176923077e-01,2.4423845509e-02,1.5026004903e-05,1.1796938616e-05,1.2737206993e+00,1,0,1.1796938616e-05,1.2737206993e+00,1,0
5.5176923077e-01,2.5921988513e-02,1.6040661822e-05,1.3169796248e-05,1.2179886097e+00,1,0,1.3169796248e-05,1.2179886097e+00,1,0
5.5176923077e-01,2.7512026646e-02,1.7123835201e-05,1.4750584117e-05,1.1608920070e+00,1,0,1.4750584117e-05,1.1608920070e+00,1,0
5.5176923077e-01,2.9199596698e-02,1.8134336078e-05,1.6584393515e-05,1.0934578983e+00,1,0,1.6584393515e-05,1.0934578983e+00,1,0
5.5176923077e-01,3.0990681213e-02,1.9204467991e-05,1.8648153793e-05,1.0298321327e+00,1,0,1.8648153793e-05,1.0298321327e+00,1,0
5.5176923077e-01,3.2891629703e-02,2.0528041705e-05,2.0971906816e-05,9.7883525254e-01,1,1,2.0971906816e-05,9.7883525254e-01,1,1
5.5176923077e-01,3.4909181152e-02,2.1942836242e-05,2.3686207657e-05,9.2639719112e-01,1,1,2.3686207657e-05,9.2639719112e-01,1,1
5.5176923077e-01,3.7050487912e-02,2.3237032747e-05,2.6876408459e-05,8.6458846548e-01,1,1,2.6876408459e-05,8.6458846548e-01,1,1
5.5176923077e-01,3.9323141054e-02,2.4607561435e-05,3.0592474169e-05,8.0436650201e-01,1,1,2.7354239135e-05,8.9958859080e-01,1,1
5.5176923077e-01,4.1735197281e-02,2.6317218448e-05,3.4743032476e-05,7.5748190564e-01,1,1,2.3702188952e-05,1.1103286073e+00,1,0
5.5176923077e-01,4.4295207488e-02,2.8145657124e-05,3.9288233102e-05,7.1638897711e-01,1,1,2.1041884242e-05,1.3376015570e+00,1,0
5.5176923077e-01,4.7012247078e-02,2.9788181703e-05,4.2425859855e-05,7.0212322872e-01,1,1,1.8521699674e-05,1.6082855368e+00,1,0
5.5176923077e-01,4.9895948132e-02,3.1703148551e-05,4.2209304655e-05,7.5109383606e-01,1,1,1.7348835620e-05,1.8273934485e+00,1,0
5.5176923077e-01,5.2956533557e-02,3.3741221201e-05,4.2085794238e-05,8.0172471049e-01,1,1,1.5996164676e-05,2.1093319483e+00,1,0
5.5176923077e-01,5.6204853327e-02,3.5910313650e-05,4.3408978017e-05,8.2725545016e-01,1,1,1.5350439893e-05,2.3393670736e+00,1,0
5.5176923077e-01,5.9652422947e-02,3.8218848653e-05,4.5231974313e-05,8.4495203302e-01,1,1,1.4871901040e-05,2.5698697530e+00,1,0
5.5176923077e-01,6.3311464273e-02,4.0675790432e-05,4.6877779912e-05,8.6769873719e-01,1,1,1.4755331539e-05,2.7566842753e+00,1,0
5.5176923077e-01,6.7194948846e-02,4.3290679483e-05,4.8582118562e-05,8.9108257861e-01,1,1,1.4849292826e-05,2.9153361031e+00,1,0
5.5176923077e-01,7.1316643869e-02,4.6073669625e-05,5.0573211444e-05,9.1102914584e-01,1,1,1.5231518298e-05,3.0248901471e+00,1,0
5.5176923077e-01,7.5691161018e-02,4.9035567426e-05,1.4557257415e-05,3.3684619312e+00,1,0,1.4557257415e-05,3.3684619312e+00,1,0
5.5176923077e-01,8.0334008241e-02,5.2187874167e-05,1.4025404321e-05,3.7209532767e+00,1,0,1.4025404321e-05,3.7209532767e+00,1,0
5.5176923077e-01,8.5261644732e-02,5.5542830501e-05,1.3402196766e-05,4.1443079423e+00,1,0,1.3402196766e-05,4.1443079423e+00,1,0
5.5176923077e-01,9.0491539282e-02,5.9113463985e-05,1.3226597578e-05,4.4692872551e+00,1,0,1.3226597578e-05,4.4692872551e+00,1,0
5.5176923077e-01,9.6042232206e-02,6.2913639670e-05,1.3667871653e-05,4.6030312011e+00,1,0,1.3667871653e-05,4.6030312011e+00,1,0
5.5176923077e-01,1.0193340107e-01,6.6958113933e-05,1.3514817027e-05,4.9544225273e+00,1,0,1.3514817027e-05,4.9544225273e+00,1,0
5.5176923077e-01,1.0818593045e-01,7.1262591784e-05,1.3777566177e-05,5.1723643252e+00,1,0,1.3777566177e-05,5.1723643252e+00,1,0
5.5176923077e-01,1.1482198597e-01,7.5843787847e-05,1.4263076806e-05,5.3174913713e+00,1,0,1.4263076806e-05,5.3174913713e+00,1,0
5.5176923077e-01,1.2186509287e-01,8.0719491265e-05,1.4820418235e-05,5.4465056239e+00,1,0,1.4820418235e-05,5.4465056239e+00,1,0
5.5176923077e-01,1.2934021943e-01,8.5908634774e-05,1.5453383494e-05,5.5592119878e+00,1,0,1.5453383494e-05,5.5592119878e+00,1,0
5.5176923077e-01,1.3727386545e-01,9.1431368225e-05,1.6119290979e-05,5.6721705899e+00,1,0,1.6119290979e-05,5.6721705899e+00,1,0
5.5176923077e-01,1.4569415623e-01,9.7309136822e-05,1.7170964552e-05,5.6670745856e+00,1,0,1.7170964552e-05,5.6670745856e+00,1,0
5.5176923077e-01,1.5463094224e-01,1.0356476440e-04,1.8325622299e-05,5.6513641234e+00,1,0,1.8325622299e-05,5.6513641234e+00,1,0
5.5176923077e-01,1.6411590496e-01,1.1022254205e-04,1.9756909788e-05,5.5789363437e+00,1,0,1.9756909788e-05,5.5789363437e+00,1,0
5.5176923077e-01,1.7418266921e-01,1.1648354781e-04,2.1560353800e-05,5.4026732996e+00,1,0,2.1560353800e-05,5.4026732996e+00,1,0
5.5176923077e-01,1.8486692231e-01,1.1903301918e-04,2.3578750391e-05,5.0483175405e+00,1,0,2.3578750391e-05,5.0483175405e+00,1,0
5.5176923077e-01,1.9620654064e-01,1.0971102332e-04,2.6035614320e-05,4.2138826446e+00,1,0,2.6035614320e-05,4.2138826446e+00,1,0
5.5176923077e-01,2.0824172388e-01,1.1069241001e-04,2.8748955646e-05,3.8503106469e+00,1,0,2.8748955646e-05,3.8503106469e+00,1,0
5.5176923077e-01,2.2101513753e-01,1.1404343921e-04,3.1760014694e-05,3.5907867269e+00,1,0,3.1760014694e-05,3.5907867269e+00,1,0
5.5176923077e-01,2.3457206418e-01,1.1894313402e-04,3.5363142387e-05,3.3634775076e+00,1,0,3.5363142387e-05,3.3634775076e+00,1,0
5.5176923077e-01,2.4896056400e-01,1.2480297578e-04,3.9375586476e-05,3.1695521755e+00,1,0,3.9375586476e-05,3.1695521755e+00,1,0
5.5176923077e-01,2.6423164516e-01,1.3095150797e-04,4.3843872477e-05,2.9867687450e+00,1,0,4.3843872477e-05,2.9867687450e+00,1,0
5.5176923077e-01,2.8043944464e-01,1.3740295321e-04,4.8819815625e-05,2.8144914406e+00,1,0,4.8819815625e-05,2.8144914406e+00,1,0
5.5176923077e-01,2.9764142013e-01,1.4417223476e-04,4.9385419205e-05,2.9193279531e+00,1,0,4.9385419205e-05,2.9193279531e+00,1,0
5.5176923077e-01,3.1589855375e-01,1.5127501113e-04,4.9256956813e-05,3.0711400160e+00,1,0,4.9256956813e-05,3.0711400160e+00,1,0
5.5176923077e-01,3.3527556823e-01,1.5872771225e-04,4.9243700484e-05,3.2233100009e+00,1,0,4.9243700484e-05,3.2233100009e+00,1,0
5.5176923077e-01,3.5584115634e-01,1.6654757747e-04,4.9254457065e-05,3.3813706899e+00,1,0,4.9254457065e-05,3.3813706899e+00,1,0
5.5176923077e-01,3.7766822442e-01,1.7475269546e-04,4.9290208544e-05,3.5453835686e+00,1,0,4.9290208544e-05,3.5453835686e+00,1,0
5.5176923077e-01,4.0083415084e-01,1.8336204607e-04,4.9224991029e-05,3.7249787604e+00,1,0,4.9224991029e-05,3.7249787604e+00,1,0
5.5176923077e-01,4.2542106032e-01,1.9005853996e-04,4.8895368529e-05,3.8870458629e+00,1,0,4.8895368529e-05,3.8870458629e+00,1,0
5.5176923077e-01,4.5151611504e-01,1.9699959389e-04,4.8674372001e-05,4.0472960573e+00,1,0,4.8674372001e-05,4.0472960573e+00,1,0
5.5176923077e-01,4.7921182366e-01,2.0143607194e-04,4.8593166131e-05,4.1453580406e+00,1,0,4.8593166131e-05,4.1453580406e+00,1,0
5.5176923077e-01,5.0860636927e-01,2.0365077115e-04,4.8634198937e-05,4.1873984891e+00,1,0,4.8634198937e-05,4.1873984891e+00,1,0
5.5176923077e-01,5.3980395744e-01,1.9918784831e-04,4.8745106070e-05,4.0863147989e+00,1,0,4.8745106070e-05,4.0863147989e+00,1,0
5.5176923077e-01,5.7291518563e-01,1.8766323418e-04,4.9084605016e-05,3.8232605542e+00,1,0,4.9084605016e-05,3.8232605542e+00,1,0
5.5176923077e-01,6.0805743530e-01,1.6784592668e-04,4.9459497531e-05,3.3936035556e+00,1,0,4.9459497531e-05,3.3936035556e+00,1,0
5.5176923077e-01,6.4535528801e-01,1.4771089109e-04,4.9718956813e-05,2.9709169411e+00,1,0,4.9718956813e-05,2.9709169411e+00,1,0
5.5176923077e-01,6.8494096706e-01,1.3740996587e-04,5.0008162623e-05,2.7477507403e+00,1,0,5.0008162623e-05,2.7477507403e+00,1,0
5.5176923077e-01,7.2695480624e-01,1.9999056721e-04,5.0618866611e-05,3.9509096233e+00,1,0,5.0618866611e-05,3.9509096233e+00,1,0
5.5176923077e-01,7.7154574735e-01,2.5926079256e-04,5.1317402061e-05,5.0521028374e+00,1,0,5.1317402061e-05,5.0521028374e+00,1,0
5.5176923077e-01,8.1887186816e-01,3.0802212604e-04,5.1635782287e-05,5.9652843899e+00,1,0,5.1635782287e-05,5.9652843899e+00,1,0
5.5176923077e-01,8.6910094284e-01,2.8689127309e-04,5.0957979900e-05,5.6299577348e+00,1,0,5.0957979900e-05,5.6299577348e+00,1,0
5.5176923077e-01,9.2241103671e-01,2.7191057547e-04,5.1423873972e-05,5.2876330480e+00,1,0,5.1423873972e-05,5.2876330480e+00,1,0
5.5176923077e-01,9.7899113751e-01,3.9962502967e-04,5.3046885084e-05,7.5334306443e+00,1,0,5.3046885084e-05,7.5334306443e+00,1,0
5.5176923077e-01,1.0390418254e+00,4.2232092132e-04,3.3366015621e-05,1.2657217635e+01,1,0,3.3366015621e-05,1.2657217635e+01,1,0
5.5176923077e-01,1.1027759839e+00,4.3691546524e-04,3.1284344238e-05,1.3965946095e+01,1,0,3.1284344238e-05,1.3965946095e+01,1,0
5.5176923077e-01,1.1704195547e+00,4.4552683705e-04,3.0620256535e-05,1.4550068728e+01,1,0,3.0620256535e-05,1.4550068728e+01,1,0
5.5176923077e-01,1.2422123388e+00,4.4709953507e-04,3.0052441333e-05,1.4877311634e+01,1,0,3.0052441333e-05,1.4877311634e+01,1,0
5.5176923077e-01,1.3184088462e+00,4.4867778467e-04,2.9957206066e-05,1.4977290729e+01,1,0,2.9957206066e-05,1.4977290729e+01,1,0
5.5176923077e-01,1.3992791984e+00,4.6174916583e-04,3.0332479193e-05,1.5222928627e+01,1,0,3.0332479193e-05,1.5222928627e+01,1,0
5.5176923077e-01,1.4851100861e+00,4.8186680067e-04,3.0095049504e-05,1.6011497193e+01,1,0,3.0095049504e-05,1.6011497193e+01,1,0
5.5176923077e-01,1.5762057853e+00,5.2694205787e-04,3.0194286370e-05,1.7451714255e+01,1,0,3.0194286370e-05,1.7451714255e+01,1,0
5.5176923077e-01,1.6728892362e+00,5.6838259327e-04,3.0328429432e-05,1.8740917480e+01,1,0,3.0328429432e-05,1.8740917480e+01,1,0
5.5176923077e-01,1.7755031880e+00,5.9167685891e-04,3.0505704888e-05,1.9395613413e+01,1,0,3.0505704888e-05,1.9395613413e+01,1,0
5.5176923077e-01,1.8844114137e+00,6.2097019850e-04,3.0686665153e-05,2.0235831929e+01,1,0,3.0686665153e-05,2.0235831929e+01,1,0
5.5176923077e-01,2.0000000000e+00,6.6171458977e-04,3.0923312096e-05,2.1398567777e+01,1,0,3.0923312096e-05,2.1398567777e+01,1,0
5.5430769231e-01,1.0000000000e-02,6.3294823495e-06,3.2369379280e-06,1.9553919446e+00,1,0,3.2369379280e-06,1.9553919446e+00,1,0
5.5430769231e-01,1.0613393580e-02,6.7171104821e-06,3.4277648836e-06,1.9596182090e+00,1,0,3.4277648836e-06,1.9596182090e+00,1,0
5.5430769231e-01,1.1264412328e-02,7.1284776127e-06,3.6419996385e-06,1.9572977266e+00,1,0,3.6419996385e-06,1.9572977266e+00,1,0
5.5430769231e-01,1.1955364149e-02,7.5650375575e-06,3.8712506988e-06,1.9541585255e+00,1,0,3.8712506988e-06,1.9541585255e+00,1,0
5.5430769231e-01,1.2688698510e-02,8.0283331667e-06,4.1301823320e-06,1.9438205196e+00,1,0,4.1301823320e-06,1.9438205196e+00,1,0
5.5430769231e-01,1.3467015131e-02,8.5200017774e-06,4.4444875638e-06,1.9169818016e+00,1,0,4.4444875638e-06,1.9169818016e+00,1,0
5.5430769231e-01,1.4293073193e-02,9.0417809998e-06,4.8323661544e-06,1.8710877262e+00,1,0,4.8323661544e-06,1.8710877262e+00,1,0
5.5430769231e-01,1.5169801127e-02,9.5955148584e-06,5.2551702784e-06,1.8259189237e+00,1,0,5.2551702784e-06,1.8259189237e+00,1,0
5.5430769231e-01,1.6100306989e-02,1.0183160309e-05,5.7325261108e-06,1.7763827171e+00,1,0,5.7325261108e-06,1.7763827171e+00,1,0
5.5430769231e-01,1.7087889483e-02,1.0806794154e-05,6.3168417155e-06,1.7107907148e+00,1,0,6.3168417155e-06,1.7107907148e+00,1,0
5.5430769231e-01,1.8136049653e-02,1.1468620383e-05,6.9812466474e-06,1.6427754185e+00,1,0,6.9812466474e-06,1.6427754185e+00,1,0
5.5430769231e-01,1.9248503296e-02,1.2170977963e-05,7.7234419454e-06,1.5758489607e+00,1,0,7.7234419454e-06,1.5758489607e+00,1,0
5.5430769231e-01,2.0429194130e-02,1.2993625968e-05,8.5556988981e-06,1.5187100577e+00,1,0,8.5556988981e-06,1.5187100577e+00,1,0
5.5430769231e-01,2.1682307783e-02,1.3871877536e-05,9.4826919846e-06,1.4628628198e+00,1,0,9.4826919846e-06,1.4628628198e+00,1,0
5.5430769231e-01,2.3012286622e-02,1.4688969804e-05,1.0560653934e-05,1.3909147952e+00,1,0,1.0560653934e-05,1.3909147952e+00,1,0
5.5430769231e-01,2.4423845509e-02,1.5554191085e-05,1.1789021058e-05,1.3193793623e+00,1,0,1.1789021058e-05,1.3193793623e+00,1,0
5.5430769231e-01,2.5921988513e-02,1.6609064887e-05,1.3160569881e-05,1.2620323464e+00,1,0,1.3160569881e-05,1.2620323464e+00,1,0
5.5430769231e-01,2.7512026646e-02,1.7735479454e-05,1.4748384281e-05,1.2025371129e+00,1,0,1.4748384281e-05,1.2025371129e+00,1,0
5.5430769231e-01,2.9199596698e-02,1.8778357855e-05,1.6582058743e-05,1.1324503276e+00,1,0,1.6582058743e-05,1.1324503276e+00,1,0
5.5430769231e-01,3.0990681213e-02,1.9882559400e-05,1.8645675807e-05,1.0663362168e+00,1,0,1.8645675807e-05,1.0663362168e+00,1,0
5.5430769231e-01,3.2891629703e-02,2.1259039320e-05,2.0972973782e-05,1.0136397223e+00,1,0,2.0972973782e-05,1.0136397223e+00,1,0
5.5430769231e-01,3.4909181152e-02,2.2730813659e-05,2.3691670511e-05,9.5944326289e-01,1,1,2.3691670511e-05,9.5944326289e-01,1,1
5.5430769231e-01,3.7050487912e-02,2.4065907633e-05,2.6894254815e-05,8.9483452131e-01,1,1,2.6894254815e-05,8.9483452131e-01,1,1
5.5430769231e-01,3.9323141054e-02,2.5479418331e-05,3.0620103858e-05,8.3211404015e-01,1,1,2.6977294633e-05,9.4447640797e-01,1,1
5.5430769231e-01,4.1735197281e-02,2.7257442562e-05,3.4751703562e-05,7.8434838490e-01,1,1,2.3390993473e-05,1.1652964887e+00,1,0
5.5430769231e-01,4.4295207488e-02,2.9159542237e-05,3.9305879240e-05,7.4186210310e-01,1,1,2.0775433870e-05,1.4035587617e+00,1,0
5.5430769231e-01,4.7012247078e-02,3.0853929268e-05,4.1985142558e-05,7.3487732536e-01,1,1,1.8287259256e-05,1.6871817059e+00,1,0
5.5430769231e-01,4.9895948132e-02,3.2838229979e-05,4.1802999386e-05,7.8554722058e-01,1,1,1.7070755750e-05,1.9236541405e+00,1,0
5.5430769231e-01,5.2956533557e-02,3.4950146505e-05,4.1708266015e-05,8.3796690309e-01,1,1,1.5803685822e-05,2.2115186862e+00,1,0
5.5430769231e-01,5.6204853327e-02,3.7197886169e-05,4.3174465068e-05,8.6157144298e-01,1,1,1.5156355809e-05,2.4542763865e+00,1,0
5.5430769231e-01,5.9652422947e-02,3.9590184127e-05,4.4942611444e-05,8.8090528910e-01,1,1,1.4709108697e-05,2.6915420194e+00,1,0
5.5430769231e-01,6.3311464273e-02,4.2136337320e-05,4.6577399035e-05,9.0465200275e-01,1,1,1.4620848648e-05,2.8819351280e+00,1,0
5.5430769231e-01,6.7194948846e-02,4.4846240600e-05,4.8270998414e-05,9.2905144028e-01,1,1,1.4742357479e-05,3.0419992640e+00,1,0
5.5430769231e-01,7.1316643869e-02,4.7730425184e-05,5.0279386201e-05,9.4930405461e-01,1,1,1.5123815738e-05,3.1559776984e+00,1,0
5.5430769231e-01,7.5691161018e-02,5.0800099579e-05,1.4417532651e-05,3.5234946788e+00,1,0,1.4417532651e-05,3.5234946788e+00,1,0
5.5430769231e-01,8.0334008241e-02,5.4067193143e-05,1.3851269566e-05,3.9034106502e+00,1,0,1.3851269566e-05,3.9034106502e+00,1,0
5.5430769231e-01,8.5261644732e-02,5.7544402444e-05,1.3233009844e-05,4.3485498102e+00,1,0,1.3233009844e-05,4.3485498102e+00,1,0
5.5430769231e-01,9.0491539282e-02,6.1245240601e-05,1.3106671688e-05,4.6728293848e+00,1,0,1.3106671688e-05,4.6728293848e+00,1,0
5.5430769231e-01,9.6042232206e-02,6.5184089797e-05,1.3588530046e-05,4.7969934628e+00,1,0,1.3588530046e-05,4.7969934628e+00,1,0
5.5430769231e-01,1.0193340107e-01,6.9376257176e-05,1.3411198614e-05,5.1730094508e+00,1,0,1.3411198614e-05,5.1730094508e+00,1,0
5.5430769231e-01,1.0818593045e-01,7.3838034322e-05,1.3671965565e-05,5.4006890210e+00,1,0,1.3671965565e-05,5.4006890210e+00,1,0
5.5430769231e-01,1.1482198597e-01,7.8586760579e-05,1.4174556647e-05,5.5442129539e+00,1,0,1.4174556647e-05,5.5442129539e+00,1,0
5.5430769231e-01,1.2186509287e-01,8.3640890430e-05,1.4728963364e-05,5.6786678303e+00,1,0,1.4728963364e-05,5.6786678303e+00,1,0
5.5430769231e-01,1.2934021943e-01,8.9020065217e-05,1.5362045523e-05,5.7948054564e+00,1,0,1.5362045523e-05,5.7948054564e+00,1,0
5.5430769231e-01,1.3727386545e-01,9.4745189470e-05,1.6030441206e-05,5.9103294945e+00,1,0,1.6030441206e-05,5.9103294945e+00,1,0
5.5430769231e-01,1.4569415623e-01,1.0083851215e-04,1.7099630551e-05,5.8971164229e+00,1,0,1.7099630551e-05,5.8971164229e+00,1,0
5.5430769231e-01,1.5463094224e-01,1.0732371310e-04,1.8249521787e-05,5.8809055026e+00,1,0,1.8249521787e-05,5.8809055026e+00,1,0
5.5430769231e-01,1.6411590496e-01,1.1422599509e-04,1.9708650506e-05,5.7957288882e+00,1,0,1.9708650506e-05,5.7957288882e+00,1,0
5.5430769231e-01,1.7418266921e-01,1.2059086045e-04,2.1507721104e-05,5.6068636870e+00,1,0,2.1507721104e-05,5.6068636870e+00,1,0
5.5430769231e-01,1.8486692231e-01,1.2224609534e-04,2.3542506378e-05,5.1925692775e+00,1,0,2.3542506378e-05,5.1925692775e+00,1,0
5.5430769231e-01,1.9620654064e-01,1.1298066770e-04,2.5995627880e-05,4.3461411364e+00,1,0,2.5995627880e-05,4.3461411364e+00,1,0
5.5430769231e-01,2.0824172388e-01,1.1434946466e-04,2.8704837492e-05,3.9836304488e+00,1,0,2.8704837492e-05,3.9836304488e+00,1,0
5.5430769231e-01,2.2101513753e-01,1.1795524582e-04,3.1731602132e-05,3.7172798691e+00,1,0,3.1731602132e-05,3.7172798691e+00,1,0
5.5430769231e-01,2.3457206418e-01,1.2310680960e-04,3.5331545329e-05,3.4843313095e+00,1,0,3.5331545329e-05,3.4843313095e+00,1,0
5.5430769231e-01,2.4896056400e-01,1.2921633606e-04,3.9340445085e-05,3.2845672128e+00,1,0,3.9340445085e-05,3.2845672128e+00,1,0
5.5430769231e-01,2.6423164516e-01,1.3562906520e-04,4.3804786108e-05,3.0962156706e+00,1,0,4.3804786108e-05,3.0962156706e+00,1,0
5.5430769231e-01,2.8043944464e-01,1.4236004430e-04,4.8776338195e-05,2.9186291872e+00,1,0,4.8776338195e-05,2.9186291872e+00,1,0
5.5430769231e-01,2.9764142013e-01,1.4942506744e-04,4.8920864750e-05,3.0544240827e+00,1,0,4.8920864750e-05,3.0544240827e+00,1,0
5.5430769231e-01,3.1589855375e-01,1.5684071249e-04,4.8805005737e-05,3.2136193843e+00,1,0,4.8805005737e-05,3.2136193843e+00,1,0
5.5430769231e-01,3.3527556823e-01,1.6462438007e-04,4.8793671604e-05,3.3738879380e+00,1,0,4.8793671604e-05,3.3738879380e+00,1,0
5.5430769231e-01,3.5584115634e-01,1.7279433436e-04,4.8806204182e-05,3.5404173968e+00,1,0,4.8806204182e-05,3.5404173968e+00,1,0
5.5430769231e-01,3.7766822442e-01,1.8136974592e-04,4.8843580397e-05,3.7132770458e+00,1,0,4.8843580397e-05,3.7132770458e+00,1,0
5.5430769231e-01,4.0083415084e-01,1.8929099087e-04,4.8748947954e-05,3.8829759166e+00,1,0,4.8748947954e-05,3.8829759166e+00,1,0
5.5430769231e-01,4.2542106032e-01,1.9755819275e-04,4.8424596307e-05,4.0797075829e+00,1,0,4.8424596307e-05,4.0797075829e+00,1,0
5.5430769231e-01,4.5151611504e-01,2.0395089955e-04,4.8222353226e-05,4.2293850446e+00,1,0,4.8222353226e-05,4.2293850446e+00,1,0
5.5430769231e-01,4.7921182366e-01,2.0796850361e-04,4.8144563987e-05,4.3196674015e+00,1,0,4.8144563987e-05,4.3196674015e+00,1,0
5.5430769231e-01,5.0860636927e-01,2.1002295148e-04,4.8194712140e-05,4.3578007245e+00,1,0,4.8194712140e-05,4.3578007245e+00,1,0
5.5430769231e-01,5.3980395744e-01,2.0481285881e-04,4.8324397512e-05,4.2382909950e+00,1,0,4.8324397512e-05,4.2382909950e+00,1,0
5.5430769231e-01,5.7291518563e-01,1.9220650071e-04,4.8663438504e-05,3.9497106374e+00,1,0,4.8663438504e-05,3.9497106374e+00,1,0
5.5430769231e-01,6.0805743530e-01,1.7128384815e-04,4.9032383350e-05,3.4932800823e+00,1,0,4.9032383350e-05,3.4932800823e+00,1,0
5.5430769231e-01,6.4535528801e-01,1.5104242292e-04,4.9285406351e-05,3.0646480185e+00,1,0,4.9285406351e-05,3.0646480185e+00,1,0
5.5430769231e-01,6.8494096706e-01,1.4166859684e-04,4.9574830265e-05,2.8576718484e+00,1,0,4.9574830265e-05,2.8576718484e+00,1,0
5.5430769231e-01,7.2695480624e-01,2.1133677132e-04,5.0207998585e-05,4.2092251688e+00,1,0,5.0207998585e-05,4.2092251688e+00,1,0
5.5430769231e-01,7.7154574735e-01,2.7186146735e-04,5.0903819100e-05,5.3406890124e+00,1,0,5.0903819100e-05,5.3406890124e+00,1,0
5.5430769231e-01,8.1887186816e-01,3.2019867509e-04,5.1110408012e-05,6.2648428675e+00,1,0,5.1110408012e-05,6.2648428675e+00,1,0
5.5430769231e-01,8.6910094284e-01,2.8692454440e-04,5.0442559111e-05,5.6881440882e+00,1,0,5.0442559111e-05,5.6881440882e+00,1,0
5.5430769231e-01,9.2241103671e-01,3.4228388658e-04,5.1074706343e-05,6.7016320031e+00,1,0,5.1074706343e-05,6.7016320031e+00,1,0
5.5430769231e-01,9.7899113751e-01,4.1473312401e-04,5.2690010198e-05,7.8711908093e+00,1,0,5.2690010198e-05,7.8711908093e+00,1,0
5.5430769231e-01,1.0390418254e+00,4.3601412478e-04,3.2757903958e-05,1.3310196078e+01,1,0,3.2757903958e-05,1.3310196078e+01,1,0
5.5430769231e-01,1.1027759839e+00,4.5158892083e-04,3.0939747269e-05,1.4595753382e+01,1,0,3.0939747269e-05,1.4595753382e+01,1,0
5.5430769231e-01,1.1704195547e+00,4.6003862687e-04,3.0295681337e-05,1.5184957280e+01,1,0,3.0295681337e-05,1.5184957280e+01,1,0
5.5430769231e-01,1.2422123388e+00,4.6117032936e-04,2.9736017682e-05,1.5508812723e+01,1,0,2.9736017682e-05,1.5508812723e+01,1,0
5.5430769231e-01,1.3184088462e+00,4.6230481586e-04,2.9721057825e-05,1.5554790095e+01,1,0,2.9721057825e-05,1.5554790095e+01,1,0
5.5430769231e-01,1.3992791984e+00,4.7727053040e-04,3.0036154437e-05,1.5889868039e+01,1,0,3.0036154437e-05,1.5889868039e+01,1,0
5.5430769231e-01,1.4851100861e+00,5.0036091649e-04,2.9819620301e-05,1.6779587112e+01,1,0,2.9819620301e-05,1.6779587112e+01,1,0
5.5430769231e-01,1.5762057853e+00,5.4714990710e-04,2.9927653717e-05,1.8282419072e+01,1,0,2.9927653717e-05,1.8282419072e+01,1,0
5.5430769231e-01,1.6728892362e+00,5.8862613138e-04,3.0062664685e-05,1.9579971954e+01,1,0,3.0062664685e-05,1.9579971954e+01,1,0
5.5430769231e-01,1.7755031880e+00,6.1232248362e-04,3.0241914429e-05,2.0247477555e+01,1,0,3.0241914429e-05,2.0247477555e+01,1,0
5.5430769231e-01,1.8844114137e+00,6.4326088815e-04,3.0420443066e-05,2.1145677818e+01,1,0,3.0420443066e-05,2.1145677818e+01,1,0
5.5430769231e-01,2.0000000000e+00,6.8641612130e-04,3.0661569016e-05,2.2386855707e+01,1,0,3.0661569016e-05,2.2386855707e+01,1,0
5.5684615385e-01,1.0000000000e-02,6.5398403629e-06,3.2201387616e-06,2.0309188041e+00,1,0,3.2201387616e-06,2.0309188041e+00,1,0
5.5684615385e-01,1.0613393580e-02,6.9405718181e-06,3.4117357821e-06,2.0343227792e+00,1,0,3.4117357821e-06,2.0343227792e+00,1,0
5.5684615385e-01,1.1264412328e-02,7.3658582610e-06,3.6258788841e-06,2.0314683685e+00,1,0,3.6258788841e-06,2.0314683685e+00,1,0
5.5684615385e-01,1.1955364149e-02,7.8172043087e-06,3.8540377833e-06,2.0283154313e+00,1,0,3.8540377833e-06,2.0283154313e+00,1,0
5.5684615385e-01,1.2688698510e-02,8.2962067743e-06,4.1142717176e-06,2.0164460064e+00,1,0,4.1142717176e-06,2.0164460064e+00,1,0
5.5684615385e-01,1.3467015131e-02,8.8045603165e-06,4.4323985644e-06,1.9864098836e+00,1,0,4.4323985644e-06,1.9864098836e+00,1,0
5.5684615385e-01,1.4293073193e-02,9.3440634347e-06,4.8192985660e-06,1.9388845299e+00,1,0,4.8192985660e-06,1.9388845299e+00,1,0
5.5684615385e-01,1.5169801127e-02,9.9166248323e-06,5.2416372813e-06,1.8918945169e+00,1,0,5.2416372813e-06,1.8918945169e+00,1,0
5.5684615385e-01,1.6100306989e-02,1.0524270169e-05,5.7185161691e-06,1.8403847883e+00,1,0,5.7185161691e-06,1.8403847883e+00,1,0
5.5684615385e-01,1.7087889483e-02,1.1169149228e-05,6.3075724387e-06,1.7707524308e+00,1,0,6.3075724387e-06,1.7707524308e+00,1,0
5.5684615385e-01,1.8136049653e-02,1.1853543522e-05,6.9710919127e-06,1.7003854877e+00,1,0,6.9710919127e-06,1.7003854877e+00,1,0
5.5684615385e-01,1.9248503296e-02,1.2579874362e-05,7.7134922207e-06,1.6308922084e+00,1,0,7.7134922207e-06,1.6308922084e+00,1,0
5.5684615385e-01,2.0429194130e-02,1.3433989772e-05,8.5447754859e-06,1.5721875658e+00,1,0,8.5447754859e-06,1.5721875658e+00,1,0
5.5684615385e-01,2.1682307783e-02,1.4346095676e-05,9.4743444892e-06,1.5142045650e+00,1,0,9.4743444892e-06,1.5142045650e+00,1,0
5.5684615385e-01,2.3012286622e-02,1.5187735429e-05,1.0552055337e-05,1.4393153698e+00,1,0,1.0552055337e-05,1.4393153698e+00,1,0
5.5684615385e-01,2.4423845509e-02,1.6078751506e-05,1.1781153593e-05,1.3647858317e+00,1,0,1.1781153593e-05,1.3647858317e+00,1,0
5.5684615385e-01,2.5921988513e-02,1.7173878372e-05,1.3151401216e-05,1.3058592077e+00,1,0,1.3151401216e-05,1.3058592077e+00,1,0
5.5684615385e-01,2.7512026646e-02,1.8343594540e-05,1.4746204502e-05,1.2439536247e+00,1,0,1.4746204502e-05,1.2439536247e+00,1,0
5.5684615385e-01,2.9199596698e-02,1.9418394681e-05,1.6579745257e-05,1.1712118842e+00,1,0,1.6579745257e-05,1.1712118842e+00,1,0
5.5684615385e-01,3.0990681213e-02,2.0556170230e-05,1.8643220413e-05,1.1026083356e+00,1,0,1.8643220413e-05,1.1026083356e+00,1,0
5.5684615385e-01,3.2891629703e-02,2.1985536156e-05,2.0975366971e-05,1.0481597860e+00,1,0,2.0975366971e-05,1.0481597860e+00,1,0
5.5684615385e-01,3.4909181152e-02,2.3514292529e-05,2.3697122085e-05,9.9228473587e-01,1,1,2.3697122085e-05,9.9228473587e-01,1,1
5.5684615385e-01,3.7050487912e-02,2.4889738882e-05,2.6912044738e-05,9.2485499055e-01,1,1,2.6912044738e-05,9.2485499055e-01,1,1
5.5684615385e-01,3.9323141054e-02,2.6345640671e-05,3.0647646441e-05,8.5963014226e-01,1,1,2.6607243779e-05,9.9016797417e-01,1,1
5.5684615385e-01,4.1735197281e-02,2.8191931385e-05,3.4760352558e-05,8.1103698064e-01,1,1,2.3085288013e-05,1.2212076960e+00,1,0
5.5684615385e-01,4.4295207488e-02,2.9993048889e-05,3.9323469057e-05,7.6272642288e-01,1,1,2.0513560500e-05,1.4621083887e+00,1,0
5.5684615385e-01,4.7012247078e-02,3.1909235638e-05,4.1575049078e-05,7.6750927168e-01,1,1,1.8056844344e-05,1.7671546052e+00,1,0
5.5684615385e-01,4.9895948132e-02,3.3947843141e-05,4.1402450357e-05,8.1994768059e-01,1,1,1.6771432472e-05,2.0241469057e+00,1,0
5.5684615385e-01,5.2956533557e-02,3.6116692578e-05,4.1335840756e-05,8.7373794551e-01,1,1,1.5614392167e-05,2.3130386500e+00,1,0
5.5684615385e-01,5.6204853327e-02,3.8424104806e-05,4.2942296166e-05,8.9478458853e-01,1,1,1.4965600648e-05,2.5674949980e+00,1,0
5.5684615385e-01,5.9652422947e-02,4.0878932281e-05,4.4656423192e-05,9.1540990879e-01,1,1,1.4548834536e-05,2.8097736750e+00,1,0
5.5684615385e-01,6.3311464273e-02,4.3490593025e-05,4.6280315931e-05,9.3972117844e-01,1,1,1.4488201839e-05,3.0017937014e+00,1,0
5.5684615385e-01,6.7194948846e-02,4.6269106752e-05,4.7963291995e-05,9.6467746120e-01,1,1,1.4636679635e-05,3.1611750688e+00,1,0
5.5684615385e-01,7.1316643869e-02,4.9225133317e-05,4.9988612072e-05,9.8472694632e-01,1,1,1.5017365602e-05,3.2778807295e+00,1,0
5.5684615385e-01,7.5691161018e-02,5.2370013604e-05,1.4265151250e-05,3.6711853024e+00,1,0,1.4265151250e-05,3.6711853024e+00,1,0
5.5684615385e-01,8.0334008241e-02,5.5715813042e-05,1.3678018918e-05,4.0733832418e+00,1,0,1.3678018918e-05,4.0733832418e+00,1,0
5.5684615385e-01,8.5261644732e-02,5.9275367893e-05,1.3066720053e-05,4.5363616619e+00,1,0,1.3066720053e-05,4.5363616619e+00,1,0
5.5684615385e-01,9.0491539282e-02,6.3062334498e-05,1.2988376406e-05,4.8552900322e+00,1,0,1.2988376406e-05,4.8552900322e+00,1,0
5.5684615385e-01,9.6042232206e-02,6.7091241669e-05,1.3510011046e-05,4.9660389943e+00,1,0,1.3510011046e-05,4.9660389943e+00,1,0
5.5684615385e-01,1.0193340107e-01,7.1377546431e-05,1.3308845131e-05,5.3631660543e+00,1,0,1.3308845131e-05,5.3631660543e+00,1,0
5.5684615385e-01,1.0818593045e-01,7.5937693323e-05,1.3567653693e-05,5.5969657717e+00,1,0,1.3567653693e-05,5.5969657717e+00,1,0
5.5684615385e-01,1.1482198597e-01,8.0789177487e-05,1.4086988895e-05,5.7350210246e+00,1,0,1.4086988895e-05,5.7350210246e+00,1,0
5.5684615385e-01,1.2186509287e-01,8.5950611790e-05,1.4641080932e-05,5.8705099840e+00,1,0,1.4641080932e-05,5.8705099840e+00,1,0
5.5684615385e-01,1.2934021943e-01,9.1441798232e-05,1.5271663295e-05,5.9876777315e+00,1,0,1.5271663295e-05,5.9876777315e+00,1,0
5.5684615385e-01,1.3727386545e-01,9.7283803916e-05,1.5956262780e-05,6.0969040968e+00,1,0,1.5956262780e-05,6.0969040968e+00,1,0
5.5684615385e-01,1.4569415623e-01,1.0408075662e-04,1.7028919026e-05,6.1120002075e+00,1,0,1.7028919026e-05,6.1120002075e+00,1,0
5.5684615385e-01,1.5463094224e-01,1.1072979588e-04,1.8174085084e-05,6.0927301357e+00,1,0,1.8174085084e-05,6.0927301357e+00,1,0
5.5684615385e-01,1.6411590496e-01,1.1780359881e-04,1.9660731084e-05,5.9918218862e+00,1,0,1.9660731084e-05,5.9918218862e+00,1,0
5.5684615385e-01,1.7418266921e-01,1.2532930077e-04,2.1455458849e-05,5.8413712636e+00,1,0,2.1455458849e-05,5.8413712636e+00,1,0
5.5684615385e-01,1.8486692231e-01,1.2517698140e-04,2.3506485727e-05,5.3252103636e+00,1,0,2.3506485727e-05,5.3252103636e+00,1,0
5.5684615385e-01,1.9620654064e-01,1.1626226390e-04,2.5955887662e-05,4.4792251152e+00,1,0,2.5955887662e-05,4.4792251152e+00,1,0
5.5684615385e-01,2.0824172388e-01,1.1797113244e-04,2.8660990790e-05,4.1160870293e+00,1,0,2.8660990790e-05,4.1160870293e+00,1,0
5.5684615385e-01,2.2101513753e-01,1.2183781398e-04,3.1703347377e-05,3.8430583539e+00,1,0,3.1703347377e-05,3.8430583539e+00,1,0
5.5684615385e-01,2.3457206418e-01,1.2723938601e-04,3.5300123559e-05,3.6045025678e+00,1,0,3.5300123559e-05,3.6045025678e+00,1,0
5.5684615385e-01,2.4896056400e-01,1.3288043197e-04,3.9305498428e-05,3.3807084832e+00,1,0,3.9305498428e-05,3.3807084832e+00,1,0
5.5684615385e-01,2.6423164516e-01,1.4028849712e-04,4.3765916108e-05,3.2054280956e+00,1,0,4.3765916108e-05,3.2054280956e+00,1,0
5.5684615385e-01,2.8043944464e-01,1.4714108467e-04,4.8641958328e-05,3.0249827459e+00,1,0,4.8641958328e-05,3.0249827459e+00,1,0
5.5684615385e-01,2.9764142013e-01,1.5432839643e-04,4.8462901932e-05,3.1844646168e+00,1,0,4.8462901932e-05,3.1844646168e+00,1,0
5.5684615385e-01,3.1589855375e-01,1.6186678246e-04,4.8359372273e-05,3.3471646727e+00,1,0,4.8359372273e-05,3.3471646727e+00,1,0
5.5684615385e-01,3.3527556823e-01,1.6977339149e-04,4.8349923185e-05,3.5113476984e+00,1,0,4.8349923185e-05,3.5113476984e+00,1,0
5.5684615385e-01,3.5584115634e-01,1.7806620988e-04,4.8364196229e-05,3.6817775083e+00,1,0,4.8364196229e-05,3.6817775083e+00,1,0
5.5684615385e-01,3.7766822442e-01,1.8676410257e-04,4.8403163319e-05,3.8585102658e+00,1,0,4.8403163319e-05,3.8585102658e+00,1,0
5.5684615385e-01,4.0083415084e-01,1.9588685597e-04,4.8279808602e-05,4.0573246174e+00,1,0,4.8279808602e-05,4.0573246174e+00,1,0
5.5684615385e-01,4.2542106032e-01,2.0309622626e-04,4.7960637869e-05,4.2346439765e+00,1,0,4.7960637869e-05,4.2346439765e+00,1,0
5.5684615385e-01,4.5151611504e-01,2.1057092839e-04,4.7776734983e-05,4.4073946968e+00,1,0,4.7776734983e-05,4.4073946968e+00,1,0
5.5684615385e-01,4.7921182366e-01,2.1441750098e-04,4.7709386558e-05,4.4942414156e+00,1,0,4.7709386558e-05,4.4942414156e+00,1,0
5.5684615385e-01,5.0860636927e-01,2.1619618422e-04,4.7761355276e-05,4.5265923250e+00,1,0,4.7761355276e-05,4.5265923250e+00,1,0
5.5684615385e-01,5.3980395744e-01,2.1022104212e-04,4.7909401227e-05,4.3878870687e+00,1,0,4.7909401227e-05,4.3878870687e+00,1,0
5.5684615385e-01,5.7291518563e-01,1.9644699733e-04,4.8247976167e-05,4.0716111417e+00,1,0,4.8247976167e-05,4.0716111417e+00,1,0
5.5684615385e-01,6.0805743530e-01,1.7451985111e-04,4.8604358925e-05,3.5906213963e+00,1,0,4.8604358925e-05,3.5906213963e+00,1,0
5.5684615385e-01,6.4535528801e-01,1.5504018308e-04,4.8857795854e-05,3.1732946682e+00,1,0,4.8857795854e-05,3.1732946682e+00,1,0
5.5684615385e-01,6.8494096706e-01,1.4636133030e-04,4.9155593131e-05,2.9775112246e+00,1,0,4.9155593131e-05,2.9775112246e+00,1,0
5.5684615385e-01,7.2695480624e-01,2.2274665304e-04,4.9802539054e-05,4.4725963228e+00,1,0,4.9802539054e-05,4.4725963228e+00,1,0
5.5684615385e-01,7.7154574735e-01,2.8460992795e-04,5.0495663488e-05,5.6363241572e+00,1,0,5.0495663488e-05,5.6363241572e+00,1,0
5.5684615385e-01,8.1887186816e-01,3.3176425554e-04,5.0592975810e-05,6.5575161418e+00,1,0,5.0592975810e-05,6.5575161418e+00,1,0
5.5684615385e-01,8.6910094284e-01,2.8580543800e-04,4.9934905220e-05,5.7235602378e+00,1,0,4.9934905220e-05,5.7235602378e+00,1,0
5.5684615385e-01,9.2241103671e-01,3.7514741666e-04,5.0729731077e-05,7.3950208032e+00,1,0,5.0729731077e-05,7.3950208032e+00,1,0
5.5684615385e-01,9.7899113751e-01,4.2831125633e-04,5.2337404625e-05,8.1836548716e+00,1,0,5.2337404625e-05,8.1836548716e+00,1,0
5.5684615385e-01,1.0390418254e+00,4.5122846544e-04,3.2163737007e-05,1.4029105677e+01,1,0,3.2163737007e-05,1.4029105677e+01,1,0
5.5684615385e-01,1.1027759839e+00,4.6598789619e-04,3.0600647557e-05,1.5228040365e+01,1,0,3.0600647557e-05,1.5228040365e+01,1,0
5.5684615385e-01,1.1704195547e+00,4.7438644057e-04,2.9976157749e-05,1.5825458504e+01,1,0,2.9976157749e-05,1.5825458504e+01,1,0
5.5684615385e-01,1.2422123388e+00,4.7492155883e-04,2.9424498982e-05,1.6140344790e+01,1,0,2.9424498982e-05,1.6140344790e+01,1,0
5.5684615385e-01,1.3184088462e+00,4.7950714872e-04,2.9487989237e-05,1.6261100235e+01,1,0,2.9487989237e-05,1.6261100235e+01,1,0
5.5684615385e-01,1.3992791984e+00,4.9256344558e-04,2.9744212897e-05,1.6559975794e+01,1,0,2.9744212897e-05,1.6559975794e+01,1,0
5.5684615385e-01,1.4851100861e+00,5.1912194761e-04,2.9555643588e-05,1.7564224107e+01,1,0,2.9555643588e-05,1.7564224107e+01,1,0
5.5684615385e-01,1.5762057853e+00,5.6727949666e-04,2.9664732744e-05,1.9123027386e+01,1,0,2.9664732744e-05,1.9123027386e+01,1,0
5.5684615385e-01,1.6728892362e+00,6.0841589727e-04,2.9800583080e-05,2.0416241375e+01,1,0,2.9800583080e-05,2.0416241375e+01,1,0
5.5684615385e-01,1.7755031880e+00,6.3289373453e-04,2.9981751477e-05,2.1109298268e+01,1,0,2.9981751477e-05,2.1109298268e+01,1,0
5.5684615385e-01,1.8844114137e+00,6.6538358097e-04,3.0157888505e-05,2.2063334470e+01,1,0,3.0157888505e-05,2.2063334470e+01,1,0
5.5684615385e-01,2.0000000000e+00,7.1055263316e-04,3.0403380129e-05,2.3370843312e+01,1,0,3.0403380129e-05,2.3370843312e+01,1,0
5.5938461538e-01,1.0000000000e-02,6.7487777537e-06,3.2048536024e-06,2.1057990757e+00,1,0,3.2048536024e-06,2.1057990757e+00,1,0
5.5938461538e-01,1.0613393580e-02,7.1625381747e-06,3.3958709046e-06,2.1091903597e+00,1,0,3.3958709046e-06,2.1091903597e+00,1,0
5.5938461538e-01,1.1264412328e-02,7.6016658093e-06,3.6099075356e-06,2.1057785371e+00,1,0,3.6099075356e-06,2.1057785371e+00,1,0
5.5938461538e-01,1.1955364149e-02,8.0677158943e-06,3.8369844378e-06,2.1026188730e+00,1,0,3.8369844378e-06,2.1026188730e+00,1,0
5.5938461538e-01,1.2688698510e-02,8.5623390168e-06,4.0984996889e-06,2.0891398479e+00,1,0,4.0984996889e-06,2.0891398479e+00,1,0
5.5938461538e-01,1.3467015131e-02,9.0872869595e-06,4.4204026815e-06,2.0557599871e+00,1,0,4.4204026815e-06,2.0557599871e+00,1,0
5.5938461538e-01,1.4293073193e-02,9.6444189048e-06,4.8063311588e-06,2.0066072408e+00,1,0,4.8063311588e-06,2.0066072408e+00,1,0
5.5938461538e-01,1.5169801127e-02,1.0235708020e-05,5.2287068499e-06,1.9575983726e+00,1,0,5.2287068499e-06,1.9575983726e+00,1,0
5.5938461538e-01,1.6100306989e-02,1.0863248445e-05,5.7056114897e-06,1.9039586668e+00,1,0,5.7056114897e-06,1.9039586668e+00,1,0
5.5938461538e-01,1.7087889483e-02,1.1529262710e-05,6.2983651468e-06,1.8305167200e+00,1,0,6.2983651468e-06,1.8305167200e+00,1,0
5.5938461538e-01,1.8136049653e-02,1.2236109604e-05,6.9610046515e-06,1.7578079912e+00,1,0,6.9610046515e-06,1.7578079912e+00,1,0
5.5938461538e-01,1.9248503296e-02,1.2986292532e-05,7.7036074183e-06,1.6857417347e+00,1,0,7.7036074183e-06,1.6857417347e+00,1,0
5.5938461538e-01,2.0429194130e-02,1.3871677428e-05,8.5339228874e-06,1.6254748972e+00,1,0,8.5339228874e-06,1.6254748972e+00,1,0
5.5938461538e-01,2.1682307783e-02,1.4817426466e-05,9.4660499048e-06,1.5653230878e+00,1,0,9.4660499048e-06,1.5653230878e+00,1,0
5.5938461538e-01,2.3012286622e-02,1.5683387098e-05,1.0543996142e-05,1.4874234480e+00,1,0,1.0543996142e-05,1.4874234480e+00,1,0
5.5938461538e-01,2.4423845509e-02,1.6599956235e-05,1.1773335647e-05,1.4099620306e+00,1,0,1.1773335647e-05,1.4099620306e+00,1,0
5.5938461538e-01,2.5921988513e-02,1.7735255179e-05,1.3142289594e-05,1.3494798644e+00,1,0,1.3142289594e-05,1.3494798644e+00,1,0
5.5938461538e-01,2.7512026646e-02,1.8948199127e-05,1.4744044506e-05,1.2851425618e+00,1,0,1.4744044506e-05,1.2851425618e+00,1,0
5.5938461538e-01,2.9199596698e-02,2.0054735309e-05,1.6577452768e-05,1.2097597616e+00,1,0,1.6577452768e-05,1.2097597616e+00,1,0
5.5938461538e-01,3.0990681213e-02,2.1225890947e-05,1.8640787305e-05,1.1386799602e+00,1,0,1.8640787305e-05,1.1386799602e+00,1,0
5.5938461538e-01,3.2891629703e-02,2.2707638908e-05,2.0979731831e-05,1.0823607800e+00,1,0,2.0979731831e-05,1.0823607800e+00,1,0
5.5938461538e-01,3.4909181152e-02,2.4292825496e-05,2.3704978910e-05,1.0247984438e+00,1,0,2.3704978910e-05,1.0247984438e+00,1,0
5.5938461538e-01,3.7050487912e-02,2.5708685769e-05,2.6929778604e-05,9.5465641017e-01,1,1,2.6929778604e-05,9.5465641017e-01,1,1
5.5938461538e-01,3.9323141054e-02,2.7363482004e-05,3.0675102532e-05,8.9204207143e-01,1,1,2.6243929709e-05,1.0426594762e+00,1,0
5.5938461538e-01,4.1735197281e-02,2.9124792847e-05,3.4768979530e-05,8.3766602416e-01,1,1,2.2737118703e-05,1.2809359544e+00,1,0
5.5938461538e-01,4.4295207488e-02,3.0999474345e-05,3.9341002908e-05,7.8796858377e-01,1,1,2.0256165036e-05,1.5303723232e+00,1,0
5.5938461538e-01,4.7012247078e-02,3.2994823851e-05,4.1188755868e-05,8.0106386210e-01,1,1,1.7830367817e-05,1.8504847566e+00,1,0
5.5938461538e-01,4.9895948132e-02,3.5118608426e-05,4.1007550121e-05,8.5639372073e-01,1,1,1.6478689464e-05,2.1311529963e+00,1,0
5.5938461538e-01,5.2956533557e-02,3.7379095078e-05,4.0968426504e-05,9.1238786226e-01,1,1,1.5428216751e-05,2.4227748210e+00,1,0
5.5938461538e-01,5.6204853327e-02,3.9785082936e-05,4.2712437219e-05,9.3146365618e-01,1,1,1.4778102441e-05,2.6921645113e+00,1,0
5.5938461538e-01,5.9652422947e-02,4.2345937507e-05,4.4373360345e-05,9.5430990977e-01,1,1,1.4391028320e-05,2.9425233947e+00,1,0
5.5938461538e-01,6.3311464273e-02,4.5071627128e-05,4.5986479460e-05,9.8010605850e-01,1,1,1.4357357787e-05,3.1392703167e+00,1,0
5.5938461538e-01,6.7194948846e-02,4.7972761770e-05,4.7658946398e-05,1.0065846057e+00,1,0,1.4532238830e-05,3.3011267109e+00,1,0
5.5938461538e-01,7.1316643869e-02,5.1060634339e-05,4.9700843548e-05,1.0273595113e+00,1,0,1.4912147672e-05,3.4240966131e+00,1,0
5.5938461538e-01,7.5691161018e-02,5.4347264633e-05,1.4091015694e-05,3.8568734726e+00,1,0,1.4091015694e-05,3.8568734726e+00,1,0
5.5938461538e-01,8.0334008241e-02,5.7845446131e-05,1.3506877240e-05,4.2826661636e+00,1,0,1.3506877240e-05,4.2826661636e+00,1,0
5.5938461538e-01,8.5261644732e-02,6.1568795794e-05,1.2903264864e-05,4.7715672307e+00,1,0,1.2903264864e-05,4.7715672307e+00,1,0
5.5938461538e-01,9.0491539282e-02,6.5531807066e-05,1.2877090712e-05,5.0890227095e+00,1,0,1.2877090712e-05,5.0890227095e+00,1,0
5.5938461538e-01,9.6042232206e-02,6.9749906295e-05,1.3392694721e-05,5.2080561639e+00,1,0,1.3392694721e-05,5.2080561639e+00,1,0
5.5938461538e-01,1.0193340107e-01,7.4239512780e-05,1.3207735447e-05,5.6209115542e+00,1,0,1.3207735447e-05,5.6209115542e+00,1,0
5.5938461538e-01,1.0818593045e-01,7.9018102684e-05,1.3475607841e-05,5.8637876387e+00,1,0,1.3475607841e-05,5.8637876387e+00,1,0
5.5938461538e-01,1.1482198597e-01,8.4104277061e-05,1.4000359007e-05,6.0072943144e+00,1,0,1.4000359007e-05,6.0072943144e+00,1,0
5.5938461538e-01,1.2186509287e-01,8.9517834265e-05,1.4555304904e-05,6.1501861248e+00,1,0,1.4555304904e-05,6.1501861248e+00,1,0
5.5938461538e-01,1.2934021943e-01,9.5279847013e-05,1.5182222497e-05,6.2757509339e+00,1,0,1.5182222497e-05,6.2757509339e+00,1,0
5.5938461538e-01,1.3727386545e-01,1.0141274441e-04,1.5890553425e-05,6.3819516979e+00,1,0,1.5890553425e-05,6.3819516979e+00,1,0
5.5938461538e-01,1.4569415623e-01,1.0794039928e-04,1.6958821725e-05,6.3648525249e+00,1,0,1.6958821725e-05,6.3648525249e+00,1,0
5.5938461538e-01,1.5463094224e-01,1.1488822103e-04,1.8099303396e-05,6.3476598255e+00,1,0,1.8099303396e-05,6.3476598255e+00,1,0
5.5938461538e-01,1.6411590496e-01,1.2228325466e-04,1.9613147580e-05,6.2347593194e+00,1,0,1.9613147580e-05,6.2347593194e+00,1,0
5.5938461538e-01,1.7418266921e-01,1.2861877904e-04,2.1403562740e-05,6.0092228850e+00,1,0,2.1403562740e-05,6.0092228850e+00,1,0
5.5938461538e-01,1.8486692231e-01,1.2789027271e-04,2.3470686036e-05,5.4489362824e+00,1,0,2.3470686036e-05,5.4489362824e+00,1,0
5.5938461538e-01,1.9620654064e-01,1.1951596359e-04,2.5916391022e-05,4.6115974825e+00,1,0,2.5916391022e-05,4.6115974825e+00,1,0
5.5938461538e-01,2.0824172388e-01,1.2156255227e-04,2.8617412627e-05,4.2478526571e+00,1,0,2.8617412627e-05,4.2478526571e+00,1,0
5.5938461538e-01,2.2101513753e-01,1.2569151400e-04,3.1675248825e-05,3.9681302804e+00,1,0,3.1675248825e-05,3.9681302804e+00,1,0
5.5938461538e-01,2.3457206418e-01,1.3134263701e-04,3.5268875297e-05,3.7240381471e+00,1,0,3.5268875297e-05,3.7240381471e+00,1,0
5.5938461538e-01,2.4896056400e-01,1.3724783598e-04,3.9270744530e-05,3.4949130102e+00,1,0,3.9270744530e-05,3.4949130102e+00,1,0
5.5938461538e-01,2.6423164516e-01,1.4478023371e-04,4.3727260282e-05,3.3109834181e+00,1,0,4.3727260282e-05,3.3109834181e+00,1,0
5.5938461538e-01,2.8043944464e-01,1.5272602242e-04,4.8187162393e-05,3.1694338250e+00,1,0,4.8187162393e-05,3.1694338250e+00,1,0
5.5938461538e-01,2.9764142013e-01,1.5967176377e-04,4.8011407053e-05,3.3257047349e+00,1,0,4.8011407053e-05,3.3257047349e+00,1,0
5.5938461538e-01,3.1589855375e-01,1.6693338660e-04,4.7919939148e-05,3.4835892859e+00,1,0,4.7919939148e-05,3.4835892859e+00,1,0
5.5938461538e-01,3.3527556823e-01,1.7611085509e-04,4.7912338749e-05,3.6756889706e+00,1,0,4.7912338749e-05,3.6756889706e+00,1,0
5.5938461538e-01,3.5584115634e-01,1.8440269804e-04,4.7928317498e-05,3.8474686294e+00,1,0,4.7928317498e-05,3.8474686294e+00,1,0
5.5938461538e-01,3.7766822442e-01,1.9308494655e-04,4.7968842344e-05,4.0252158926e+00,1,0,4.7968842344e-05,4.0252158926e+00,1,0
5.5938461538e-01,4.0083415084e-01,2.0217598214e-04,4.7817441056e-05,4.2280803338e+00,1,0,4.7817441056e-05,4.2280803338e+00,1,0
5.5938461538e-01,4.2542106032e-01,2.0953810536e-04,4.7503363162e-05,4.4110162189e+00,1,0,4.7503363162e-05,4.4110162189e+00,1,0
5.5938461538e-01,4.5151611504e-01,2.1716831611e-04,4.7337397051e-05,4.5876691504e+00,1,0,4.7337397051e-05,4.5876691504e+00,1,0
5.5938461538e-01,4.7921182366e-01,2.2080244070e-04,4.7280264260e-05,4.6700762815e+00,1,0,4.7280264260e-05,4.6700762815e+00,1,0
5.5938461538e-01,5.0860636927e-01,2.2222501203e-04,4.7334014401e-05,4.6948270677e+00,1,0,4.7334014401e-05,4.6948270677e+00,1,0
5.5938461538e-01,5.3980395744e-01,2.1545731131e-04,4.7500013087e-05,4.5359421464e+00,1,0,4.7500013087e-05,4.5359421464e+00,1,0
5.5938461538e-01,5.7291518563e-01,2.0047560107e-04,4.7838114168e-05,4.1907086964e+00,1,0,4.7838114168e-05,4.1907086964e+00,1,0
5.5938461538e-01,6.0805743530e-01,1.7761744772e-04,4.8182186946e-05,3.6863716443e+00,1,0,4.8182186946e-05,3.6863716443e+00,1,0
5.5938461538e-01,6.4535528801e-01,1.5736557250e-04,4.8436016165e-05,3.2489371538e+00,1,0,4.8436016165e-05,3.2489371538e+00,1,0
5.5938461538e-01,6.8494096706e-01,1.5181386796e-04,4.8757894354e-05,3.1136264183e+00,1,0,4.8757894354e-05,3.1136264183e+00,1,0
5.5938461538e-01,7.2695480624e-01,2.3431128564e-04,4.9402391409e-05,4.7429138339e+00,1,0,4.9402391409e-05,4.7429138339e+00,1,0
5.5938461538e-01,7.7154574735e-01,2.9742162720e-04,5.0092838451e-05,5.9374081485e+00,1,0,5.0092838451e-05,5.9374081485e+00,1,0
5.5938461538e-01,8.1887186816e-01,3.4277952502e-04,5.0083328367e-05,6.8441842064e+00,1,0,5.0083328367e-05,6.8441842064e+00,1,0
5.5938461538e-01,8.6910094284e-01,2.8332130540e-04,4.9434864688e-05,5.7312042258e+00,1,0,4.9434864688e-05,5.7312042258e+00,1,0
5.5938461538e-01,9.2241103671e-01,3.9777147495e-04,5.0388877935e-05,7.8940331925e+00,1,0,5.0388877935e-05,7.8940331925e+00,1,0
5.5938461538e-01,9.7899113751e-01,4.4225571088e-04,5.1988996976e-05,8.5067175096e+00,1,0,5.1988996976e-05,8.5067175096e+00,1,0
5.5938461538e-01,1.0390418254e+00,4.6593230738e-04,3.1583130961e-05,1.4752568640e+01,1,0,3.1583130961e-05,1.4752568640e+01,1,0
5.5938461538e-01,1.1027759839e+00,4.8024457608e-04,3.0266931491e-05,1.5866972713e+01,1,0,3.0266931491e-05,1.5866972713e+01,1,0
5.5938461538e-01,1.1704195547e+00,4.8845524181e-04,2.9661583264e-05,1.6467605166e+01,1,0,2.9661583264e-05,1.6467605166e+01,1,0
5.5938461538e-01,1.2422123388e+00,4.8844082648e-04,2.9117785972e-05,1.6774655427e+01,1,0,2.9117785972e-05,1.6774655427e+01,1,0
5.5938461538e-01,1.3184088462e+00,4.9421683956e-04,2.9257945377e-05,1.6891713796e+01,1,0,2.9257945377e-05,1.6891713796e+01,1,0
5.5938461538e-01,1.3992791984e+00,5.0789889856e-04,2.9456568858e-05,1.7242296651e+01,1,0,2.9456568858e-05,1.7242296651e+01,1,0
5.5938461538e-01,1.4851100861e+00,5.3795684197e-04,2.9295339719e-05,1.8363222517e+01,1,0,2.9295339719e-05,1.8363222517e+01,1,0
5.5938461538e-01,1.5762057853e+00,5.8738264363e-04,2.9405453980e-05,1.9975295877e+01,1,0,2.9405453980e-05,1.9975295877e+01,1,0
5.5938461538e-01,1.6728892362e+00,6.2791333972e-04,2.9542907674e-05,2.1254283656e+01,1,0,2.9542907674e-05,2.1254283656e+01,1,0
5.5938461538e-01,1.7755031880e+00,6.5341950938e-04,2.9725148690e-05,2.1982043427e+01,1,0,2.9725148690e-05,2.1982043427e+01,1,0
5.5938461538e-01,1.8844114137e+00,6.8737008367e-04,2.9898933280e-05,2.2989786199e+01,1,0,2.9898933280e-05,2.2989786199e+01,1,0
5.5938461538e-01,2.0000000000e+00,7.3418287527e-04,3.0148680017e-05,2.4352073618e+01,1,0,3.0148680017e-05,2.4352073618e+01,1,0
5.6192307692e-01,1.0000000000e-02,6.9563438736e-06,3.1899476804e-06,2.1807078267e+00,1,0,3.1899476804e-06,2.1807078267e+00,1,0
5.6192307692e-01,1.0613393580e-02,7.3830576321e-06,3.3808015694e-06,2.1838186834e+00,1,0,3.3808015694e-06,2.1838186834e+00,1,0
5.6192307692e-01,1.1264412328e-02,7.8359467257e-06,3.5940834988e-06,2.1802350247e+00,1,0,3.5940834988e-06,2.1802350247e+00,1,0
5.6192307692e-01,1.1955364149e-02,8.3166167932e-06,3.8200884273e-06,2.1770744190e+00,1,0,3.8200884273e-06,2.1770744190e+00,1,0
5.6192307692e-01,1.2688698510e-02,8.8267719659e-06,4.0828643791e-06,2.1619067268e+00,1,0,4.0828643791e-06,2.1619067268e+00,1,0
5.6192307692e-01,1.3467015131e-02,9.3682209094e-06,4.4084987465e-06,2.1250365369e+00,1,0,4.4084987465e-06,2.1250365369e+00,1,0
5.6192307692e-01,1.4293073193e-02,9.9428832360e-06,4.7934626805e-06,2.0742590271e+00,1,0,4.7934626805e-06,2.0742590271e+00,1,0
5.6192307692e-01,1.5169801127e-02,1.0552796310e-05,5.2159815108e-06,2.0231659733e+00,1,0,5.2159815108e-06,2.0231659733e+00,1,0
5.6192307692e-01,1.6100306989e-02,1.1200122471e-05,5.6937592595e-06,1.9670874656e+00,1,0,5.6937592595e-06,1.9670874656e+00,1,0
5.6192307692e-01,1.7087889483e-02,1.1887156701e-05,6.2892191164e-06,1.8900846800e+00,1,0,6.2892191164e-06,1.8900846800e+00,1,0
5.6192307692e-01,1.8136049653e-02,1.2616334759e-05,6.9509840801e-06,1.8150429656e+00,1,0,6.9509840801e-06,1.8150429656e+00,1,0
5.6192307692e-01,1.9248503296e-02,1.3390241817e-05,7.6937867906e-06,1.7403967879e+00,1,0,7.6937867906e-06,1.7403967879e+00,1,0
5.6192307692e-01,2.0429194130e-02,1.4306804644e-05,8.5231402912e-06,1.6785837327e+00,1,0,8.5231402912e-06,1.6785837327e+00,1,0
5.6192307692e-01,2.1682307783e-02,1.5286106249e-05,9.4578076268e-06,1.6162420354e+00,1,0,9.4578076268e-06,1.6162420354e+00,1,0
5.6192307692e-01,2.3012286622e-02,1.6176243235e-05,1.0536557570e-05,1.5352493570e+00,1,0,1.0536557570e-05,1.5352493570e+00,1,0
5.6192307692e-01,2.4423845509e-02,1.7118214471e-05,1.1765522739e-05,1.4549472090e+00,1,0,1.1765522739e-05,1.4549472090e+00,1,0
5.6192307692e-01,2.5921988513e-02,1.8293336752e-05,1.3133234370e-05,1.3929041572e+00,1,0,1.3133234370e-05,1.3929041572e+00,1,0
5.6192307692e-01,2.7512026646e-02,1.9549128216e-05,1.4741904025e-05,1.3260924900e+00,1,0,1.4741904025e-05,1.3260924900e+00,1,0
5.6192307692e-01,2.9199596698e-02,2.0687369626e-05,1.6575180992e-05,1.2480931361e+00,1,0,1.6575180992e-05,1.2480931361e+00,1,0
5.6192307692e-01,3.0990681213e-02,2.1891884759e-05,1.8638376179e-05,1.1745596584e+00,1,0,1.8638376179e-05,1.1745596584e+00,1,0
5.6192307692e-01,3.2891629703e-02,2.3425679865e-05,2.0984392888e-05,1.1163382229e+00,1,0,2.0984392888e-05,1.1163382229e+00,1,0
5.6192307692e-01,3.4909181152e-02,2.4924764973e-05,2.3718778898e-05,1.0508452008e+00,1,0,2.3718778898e-05,1.0508452008e+00,1,0
5.6192307692e-01,3.7050487912e-02,2.6519781392e-05,2.6947763816e-05,9.8411807279e-01,1,1,2.6947763816e-05,9.8411807279e-01,1,1
5.6192307692e-01,3.9323141054e-02,2.8216868077e-05,3.0702472737e-05,9.1904219959e-01,1,1,2.5887199823e-05,1.0899930572e+00,1,0
5.6192307692e-01,4.1735197281e-02,3.0022556833e-05,3.4777584546e-05,8.6327320386e-01,1,1,2.2085171871e-05,1.3593988314e+00,1,0
5.6192307692e-01,4.4295207488e-02,3.1943797460e-05,3.9358481146e-05,8.1161153911e-01,1,1,2.0003150966e-05,1.5969382781e+00,1,0
5.6192307692e-01,4.7012247078e-02,3.3987984496e-05,4.0807792295e-05,8.3287976597e-01,1,1,1.7607744827e-05,1.9302860662e+00,1,0
5.6192307692e-01,4.9895948132e-02,3.6162985680e-05,4.0618193713e-05,8.9031496414e-01,1,1,1.6192353053e-05,2.2333372772e+00,1,0
5.6192307692e-01,5.2956533557e-02,3.8477172232e-05,4.0605933364e-05,9.4757512127e-01,1,1,1.5245094318e-05,2.5239051611e+00,1,0
5.6192307692e-01,5.6204853327e-02,4.0939451075e-05,4.2484854782e-05,9.6362459716e-01,1,1,1.4593791095e-05,2.8052649794e+00,1,0
5.6192307692e-01,5.9652422947e-02,4.3559299114e-05,4.4093374674e-05,9.8788762340e-01,1,1,1.4235641039e-05,3.0598761935e+00,1,0
5.6192307692e-01,6.3311464273e-02,4.6346799712e-05,4.5695839507e-05,1.0142455027e+00,1,0,1.4228283922e-05,3.2573710200e+00,1,0
5.6192307692e-01,6.7194948846e-02,4.9312681500e-05,4.7357909774e-05,1.0412765626e+00,1,0,1.4429015021e-05,3.4176055281e+00,1,0
5.6192307692e-01,7.1316643869e-02,5.2468359668e-05,4.9416036004e-05,1.0617678776e+00,1,0,1.4808142146e-05,3.5432101577e+00,1,0
5.6192307692e-01,7.5691161018e-02,5.5825979899e-05,1.3919783249e-05,4.0105495109e+00,1,0,1.3919783249e-05,4.0105495109e+00,1,0
5.6192307692e-01,8.0334008241e-02,5.9398465122e-05,1.3338640359e-05,4.4531124256e+00,1,0,1.3338640359e-05,4.4531124256e+00,1,0
5.6192307692e-01,8.5261644732e-02,6.3199565241e-05,1.2754061041e-05,4.9552503346e+00,1,0,1.2754061041e-05,4.9552503346e+00,1,0
5.6192307692e-01,9.0491539282e-02,6.7243910066e-05,1.2786286941e-05,5.2590646819e+00,1,0,1.2786286941e-05,5.2590646819e+00,1,0
5.6192307692e-01,9.6042232206e-02,7.1547065612e-05,1.3245708200e-05,5.4015281426e+00,1,0,1.3245708200e-05,5.4015281426e+00,1,0
5.6192307692e-01,1.0193340107e-01,7.6125594015e-05,1.3107848876e-05,5.8076343979e+00,1,0,1.3107848876e-05,5.8076343979e+00,1,0
5.6192307692e-01,1.0818593045e-01,8.0997117276e-05,1.3391632835e-05,6.0483376654e+00,1,0,1.3391632835e-05,6.0483376654e+00,1,0
5.6192307692e-01,1.1482198597e-01,8.6180385085e-05,1.3914652726e-05,6.1934988090e+00,1,0,1.3914652726e-05,6.1934988090e+00,1,0
5.6192307692e-01,1.2186509287e-01,9.1695346986e-05,1.4470418563e-05,6.3367446205e+00,1,0,1.4470418563e-05,6.3367446205e+00,1,0
5.6192307692e-01,1.2934021943e-01,9.7563229155e-05,1.5093709096e-05,6.4638339416e+00,1,0,1.5093709096e-05,6.4638339416e+00,1,0
5.6192307692e-01,1.3727386545e-01,1.0380661611e-04,1.5825412481e-05,6.5594888113e+00,1,0,1.5825412481e-05,6.5594888113e+00,1,0
5.6192307692e-01,1.4569415623e-01,1.1044953760e-04,1.6889330544e-05,6.5396042381e+00,1,0,1.6889330544e-05,6.5396042381e+00,1,0
5.6192307692e-01,1.5463094224e-01,1.1751756116e-04,1.8025168081e-05,6.5196374666e+00,1,0,1.8025168081e-05,6.5196374666e+00,1,0
5.6192307692e-01,1.6411590496e-01,1.2503789043e-04,1.9565896115e-05,6.3906038188e+00,1,0,1.9565896115e-05,6.3906038188e+00,1,0
5.6192307692e-01,1.7418266921e-01,1.3303946992e-04,2.1352028553e-05,6.2307648938e+00,1,0,2.1352028553e-05,6.2307648938e+00,1,0
5.6192307692e-01,1.8486692231e-01,1.3029545922e-04,2.3435104944e-05,5.5598410816e+00,1,0,2.3435104944e-05,5.5598410816e+00,1,0
5.6192307692e-01,1.9620654064e-01,1.2278490580e-04,2.5877135357e-05,4.7449187906e+00,1,0,2.5877135357e-05,4.7449187906e+00,1,0
5.6192307692e-01,2.0824172388e-01,1.2512190676e-04,2.8574100135e-05,4.3788572927e+00,1,0,2.8574100135e-05,4.3788572927e+00,1,0
5.6192307692e-01,2.2101513753e-01,1.2951904700e-04,3.1647304895e-05,4.0925774701e+00,1,0,3.1647304895e-05,4.0925774701e+00,1,0
5.6192307692e-01,2.3457206418e-01,1.3541745452e-04,3.5237798790e-05,3.8429600933e+00,1,0,3.5237798790e-05,3.8429600933e+00,1,0
5.6192307692e-01,2.4896056400e-01,1.4158448054e-04,3.9236181444e-05,3.6085183452e+00,1,0,3.9236181444e-05,3.6085183452e+00,1,0
5.6192307692e-01,2.6423164516e-01,1.4924351887e-04,4.3688816472e-05,3.4160577220e+00,1,0,4.3688816472e-05,3.4160577220e+00,1,0
5.6192307692e-01,2.8043944464e-01,1.5731687429e-04,4.7738769520e-05,3.2953692747e+00,1,0,4.7738769520e-05,3.2953692747e+00,1,0
5.6192307692e-01,2.9764142013e-01,1.6465227388e-04,4.7566259294e-05,3.4615350528e+00,1,0,4.7566259294e-05,3.4615350528e+00,1,0
5.6192307692e-01,3.1589855375e-01,1.7232970981e-04,4.7486591796e-05,3.6290182826e+00,1,0,4.7486591796e-05,3.6290182826e+00,1,0
5.6192307692e-01,3.3527556823e-01,1.8158646733e-04,4.7480804503e-05,3.8244185041e+00,1,0,4.7480804503e-05,3.8244185041e+00,1,0
5.6192307692e-01,3.5584115634e-01,1.9014319656e-04,4.7498454943e-05,4.0031448767e+00,1,0,4.7498454943e-05,4.0031448767e+00,1,0
5.6192307692e-01,3.7766822442e-01,1.9910313653e-04,4.7540505147e-05,4.1880736419e+00,1,0,4.7540505147e-05,4.1880736419e+00,1,0
5.6192307692e-01,4.0083415084e-01,2.0848528736e-04,4.7361716512e-05,4.4019791240e+00,1,0,4.7361716512e-05,4.4019791240e+00,1,0
5.6192307692e-01,4.2542106032e-01,2.1592486005e-04,4.7052645204e-05,4.5890057641e+00,1,0,4.7052645204e-05,4.5890057641e+00,1,0
5.6192307692e-01,4.5151611504e-01,2.2362990587e-04,4.6904222009e-05,4.7677990657e+00,1,0,4.6904222009e-05,4.7677990657e+00,1,0
5.6192307692e-01,4.7921182366e-01,2.2708135837e-04,4.6857084914e-05,4.8462544945e+00,1,0,4.6857084914e-05,4.8462544945e+00,1,0
5.6192307692e-01,5.0860636927e-01,2.2803273541e-04,4.6912578204e-05,4.8608016045e+00,1,0,4.6912578204e-05,4.8608016045e+00,1,0
5.6192307692e-01,5.3980395744e-01,2.2046555232e-04,4.7096131329e-05,4.6811817892e+00,1,0,4.7096131329e-05,4.6811817892e+00,1,0
5.6192307692e-01,5.7291518563e-01,2.0432653098e-04,4.7433751031e-05,4.3076190800e+00,1,0,4.7433751031e-05,4.3076190800e+00,1,0
5.6192307692e-01,6.0805743530e-01,1.8054603406e-04,4.7765760198e-05,3.7798212216e+00,1,0,4.7765760198e-05,3.7798212216e+00,1,0
5.6192307692e-01,6.4535528801e-01,1.6070496764e-04,4.8019960630e-05,3.3466284755e+00,1,0,4.8019960630e-05,3.3466284755e+00,1,0
5.6192307692e-01,6.8494096706e-01,1.5856286387e-04,4.8365396670e-05,3.2784361297e+00,1,0,4.8365396670e-05,3.2784361297e+00,1,0
5.6192307692e-01,7.2695480624e-01,2.4604337497e-04,4.9007461207e-05,5.0205288932e+00,1,0,4.9007461207e-05,5.0205288932e+00,1,0
5.6192307692e-01,7.7154574735e-01,3.1038745705e-04,4.9695249375e-05,6.2458174766e+00,1,0,4.9695249375e-05,6.2458174766e+00,1,0
5.6192307692e-01,8.1887186816e-01,3.5317856582e-04,4.9581312199e-05,7.1232194179e+00,1,0,4.9581312199e-05,7.1232194179e+00,1,0
5.6192307692e-01,8.6910094284e-01,2.7950786581e-04,4.8942287708e-05,5.7109685489e+00,1,0,4.8942287708e-05,5.7109685489e+00,1,0
5.6192307692e-01,9.2241103671e-01,4.1672529300e-04,5.0052078178e-05,8.3258339747e+00,1,0,5.0052078178e-05,8.3258339747e+00,1,0
5.6192307692e-01,9.7899113751e-01,4.5863035300e-04,5.1644717383e-05,8.8804891620e+00,1,0,5.1644717383e-05,8.8804891620e+00,1,0
5.6192307692e-01,1.0390418254e+00,4.8027025772e-04,3.1015714306e-05,1.5484739541e+01,1,0,3.1015714306e-05,1.5484739541e+01,1,0
5.6192307692e-01,1.1027759839e+00,4.9437432277e-04,2.9938488334e-05,1.6513002168e+01,1,0,2.9938488334e-05,1.6513002168e+01,1,0
5.6192307692e-01,1.1704195547e+00,5.0214003462e-04,2.9351857929e-05,1.7107606470e+01,1,0,2.9351857929e-05,1.7107606470e+01,1,0
5.6192307692e-01,1.2422123388e+00,5.0179968980e-04,2.8815781856e-05,1.7414057765e+01,1,0,2.8815781856e-05,1.7414057765e+01,1,0
5.6192307692e-01,1.3184088462e+00,5.0887688295e-04,2.9030872551e-05,1.7528818056e+01,1,0,2.9030872551e-05,1.7528818056e+01,1,0
5.6192307692e-01,1.3992791984e+00,5.2316040964e-04,2.9173138675e-05,1.7932949055e+01,1,0,2.9173138675e-05,1.7932949055e+01,1,0
5.6192307692e-01,1.4851100861e+00,5.5686195097e-04,2.9038640081e-05,1.9176585040e+01,1,0,2.9038640081e-05,1.9176585040e+01,1,0
5.6192307692e-01,1.5762057853e+00,6.0737253637e-04,2.9149749575e-05,2.0836286597e+01,1,0,2.9149749575e-05,2.0836286597e+01,1,0
5.6192307692e-01,1.6728892362e+00,6.4724920073e-04,2.9289377885e-05,2.2098427740e+01,1,0,2.9289377885e-05,2.2098427740e+01,1,0
5.6192307692e-01,1.7755031880e+00,6.7387002062e-04,2.9470664513e-05,2.2865789820e+01,1,0,2.9470664513e-05,2.2865789820e+01,1,0
5.6192307692e-01,1.8844114137e+00,7.0925617630e-04,2.9643510786e-05,2.3926186794e+01,1,0,2.9643510786e-05,2.3926186794e+01,1,0
5.6192307692e-01,2.0000000000e+00,7.5749030363e-04,2.9897404772e-05,2.5336322982e+01,1,0,2.9897404772e-05,2.5336322982e+01,1,0
5.6446153846e-01,1.0000000000e-02,7.1626218686e-06,3.1751827443e-06,2.2558140572e+00,1,0,3.1751827443e-06,2.2558140572e+00,1,0
5.6446153846e-01,1.0613393580e-02,7.6022204343e-06,3.3659650022e-06,2.2585559949e+00,1,0,3.3659650022e-06,2.2585559949e+00,1,0
5.6446153846e-01,1.1264412328e-02,8.0687989107e-06,3.5783636872e-06,2.2548850861e+00,1,0,3.5783636872e-06,2.2548850861e+00,1,0
5.6446153846e-01,1.1955364149e-02,8.5640131623e-06,3.8033475584e-06,2.2517040662e+00,1,0,3.8033475584e-06,2.2517040662e+00,1,0
5.6446153846e-01,1.2688698510e-02,9.0896206803e-06,4.0673639548e-06,2.2347694431e+00,1,0,4.0673639548e-06,2.2347694431e+00,1,0
5.6446153846e-01,1.3467015131e-02,9.6474868202e-06,4.3966856111e-06,2.1942635143e+00,1,0,4.3966856111e-06,2.1942635143e+00,1,0
5.6446153846e-01,1.4293073193e-02,1.0239591422e-05,4.7806919003e-06,2.1418639050e+00,1,0,4.7806919003e-06,2.1418639050e+00,1,0
5.6446153846e-01,1.5169801127e-02,1.0868035836e-05,5.2033499429e-06,2.0886613345e+00,1,0,5.2033499429e-06,2.0886613345e+00,1,0
5.6446153846e-01,1.6100306989e-02,1.1535050381e-05,5.6834975844e-06,2.0295689774e+00,1,0,5.6834975844e-06,2.0295689774e+00,1,0
5.6446153846e-01,1.7087889483e-02,1.2243002258e-05,6.2801336363e-06,1.9494811683e+00,1,0,6.2801336363e-06,1.9494811683e+00,1,0
5.6446153846e-01,1.8136049653e-02,1.2994403956e-05,6.9410294280e-06,1.8721148053e+00,1,0,6.9410294280e-06,1.8721148053e+00,1,0
5.6446153846e-01,1.9248503296e-02,1.3791922162e-05,7.6840296022e-06,1.7948814458e+00,1,0,7.6840296022e-06,1.7948814458e+00,1,0
5.6446153846e-01,2.0429194130e-02,1.4739491759e-05,8.5124268989e-06,1.7315263830e+00,1,0,8.5124268989e-06,1.7315263830e+00,1,0
5.6446153846e-01,2.1682307783e-02,1.5752163821e-05,9.4496170607e-06,1.6669631922e+00,1,0,9.4496170607e-06,1.6669631922e+00,1,0
5.6446153846e-01,2.3012286622e-02,1.6666309698e-05,1.0529543131e-05,1.5828141345e+00,1,0,1.0529543131e-05,1.5828141345e+00,1,0
5.6446153846e-01,2.4423845509e-02,1.7633506235e-05,1.1757585353e-05,1.4997557496e+00,1,0,1.1757585353e-05,1.4997557496e+00,1,0
5.6446153846e-01,2.5921988513e-02,1.8848289531e-05,1.3124414080e-05,1.4361242655e+00,1,0,1.3124414080e-05,1.4361242655e+00,1,0
5.6446153846e-01,2.7512026646e-02,2.0146760009e-05,1.4739782797e-05,1.3668288256e+00,1,0,1.4739782797e-05,1.3668288256e+00,1,0
5.6446153846e-01,2.9199596698e-02,2.1316536825e-05,1.6572929649e-05,1.2862262302e+00,1,0,1.6572929649e-05,1.2862262302e+00,1,0
5.6446153846e-01,3.0990681213e-02,2.2683315415e-05,1.8635986740e-05,1.2171781259e+00,1,0,1.8635986740e-05,1.2171781259e+00,1,0
5.6446153846e-01,3.2891629703e-02,2.4137729429e-05,2.0989045154e-05,1.1500156035e+00,1,0,2.0989045154e-05,1.1500156035e+00,1,0
5.6446153846e-01,3.4909181152e-02,2.5685397893e-05,2.3733554753e-05,1.0822398145e+00,1,0,2.3733554753e-05,1.0822398145e+00,1,0
5.6446153846e-01,3.7050487912e-02,2.7332300118e-05,2.6967223050e-05,1.0135378073e+00,1,0,2.6967223050e-05,1.0135378073e+00,1,0
5.6446153846e-01,3.9323141054e-02,2.9084798798e-05,3.0729757655e-05,9.4647016498e-01,1,1,2.5166891094e-05,1.1556770635e+00,1,0
5.6446153846e-01,4.1735197281e-02,3.0949664589e-05,3.4786167674e-05,8.8971182107e-01,1,1,2.1454740707e-05,1.4425559838e+00,1,0
5.6446153846e-01,4.4295207488e-02,3.2934102272e-05,3.9375904123e-05,8.3640243966e-01,1,1,1.9506307233e-05,1.6883822180e+00,1,0
5.6446153846e-01,4.7012247078e-02,3.5045778585e-05,4.0432061035e-05,8.6678189753e-01,1,1,1.7388892725e-05,2.0154117424e+00,1,0
5.6446153846e-01,4.9895948132e-02,3.7292851844e-05,4.0234278586e-05,9.2689251937e-01,1,1,1.5912254909e-05,2.3436560096e+00,1,0
5.6446153846e-01,5.2956533557e-02,3.9684003460e-05,4.0285775369e-05,9.8506242206e-01,1,1,1.5064961266e-05,2.6341921999e+00,1,0
5.6446153846e-01,5.6204853327e-02,4.2228471483e-05,4.2256414746e-05,9.9933872141e-01,1,1,1.4420353191e-05,2.9283937034e+00,1,0
5.6446153846e-01,5.9652422947e-02,4.4936086290e-05,4.3816418910e-05,1.0255536032e+00,1,0,1.4096656043e-05,3.1877124726e+00,1,0
5.6446153846e-01,6.3311464273e-02,4.7817308564e-05,4.5408346956e-05,1.0530510747e+00,1,0,1.4100948405e-05,3.3910703869e+00,1,0
5.6446153846e-01,6.7194948846e-02,5.0883269707e-05,4.7060131305e-05,1.0812394334e+00,1,0,1.4326988581e-05,3.5515676878e+00,1,0
5.6446153846e-01,7.1316643869e-02,5.4145814849e-05,4.9134145675e-05,1.1019997215e+00,1,0,1.4705329627e-05,3.6820538010e+00,1,0
5.6446153846e-01,7.5691161018e-02,5.7617548607e-05,1.3751392670e-05,4.1899427927e+00,1,0,1.3751392670e-05,4.1899427927e+00,1,0
5.6446153846e-01,8.0334008241e-02,6.1311883786e-05,1.3173246130e-05,4.6542730001e+00,1,0,1.3173246130e-05,4.6542730001e+00,1,0
5.6446153846e-01,8.5261644732e-02,6.5243093194e-05,1.2631304167e-05,5.1651905717e+00,1,0,1.2631304167e-05,5.1651905717e+00,1,0
5.6446153846e-01,9.0491539282e-02,6.9426364787e-05,1.2713374467e-05,5.4608919895e+00,1,0,1.2713374467e-05,5.4608919895e+00,1,0
5.6446153846e-01,9.6042232206e-02,7.3877860347e-05,1.3093137303e-05,5.6424872539e+00,1,0,1.3093137303e-05,5.6424872539e+00,1,0
5.6446153846e-01,1.0193340107e-01,7.8614777918e-05,1.3009165168e-05,6.0430301945e+00,1,0,1.3009165168e-05,6.0430301945e+00,1,0
5.6446153846e-01,1.0818593045e-01,8.3655418255e-05,1.3309994886e-05,6.2851578060e+00,1,0,1.3309994886e-05,6.2851578060e+00,1,0
5.6446153846e-01,1.1482198597e-01,8.9019255524e-05,1.3829856076e-05,6.4367448970e+00,1,0,1.3829856076e-05,6.4367448970e+00,1,0
5.6446153846e-01,1.2186509287e-01,9.4727012539e-05,1.4386408701e-05,6.5844794563e+00,1,0,1.4386408701e-05,6.5844794563e+00,1,0
5.6446153846e-01,1.2934021943e-01,1.0080074083e-04,1.5006109328e-05,6.7173135036e+00,1,0,1.5006109328e-05,6.7173135036e+00,1,0
5.6446153846e-01,1.3727386545e-01,1.0726390582e-04,1.5760832479e-05,6.8057259005e+00,1,0,1.5760832479e-05,6.8057259005e+00,1,0
5.6446153846e-01,1.4569415623e-01,1.1414147750e-04,1.6820437520e-05,6.7858804124e+00,1,0,1.6820437520e-05,6.7858804124e+00,1,0
5.6446153846e-01,1.5463094224e-01,1.2146002689e-04,1.7951670652e-05,6.7659455909e+00,1,0,1.7951670652e-05,6.7659455909e+00,1,0
5.6446153846e-01,1.6411590496e-01,1.2924782872e-04,1.9518972873e-05,6.6216511270e+00,1,0,1.9518972873e-05,6.6216511270e+00,1,0
5.6446153846e-01,1.7418266921e-01,1.3636537361e-04,2.1300852130e-05,6.4018741024e+00,1,0,2.1300852130e-05,6.4018741024e+00,1,0
5.6446153846e-01,1.8486692231e-01,1.3249652030e-04,2.3399740123e-05,5.6623073420e+00,1,0,2.3399740123e-05,5.6623073420e+00,1,0
5.6446153846e-01,1.9620654064e-01,1.2602903958e-04,2.5838118104e-05,4.8776400460e+00,1,0,2.5838118104e-05,4.8776400460e+00,1,0
5.6446153846e-01,2.0824172388e-01,1.2865406032e-04,2.8531050492e-05,4.5092647521e+00,1,0,2.8531050492e-05,4.5092647521e+00,1,0
5.6446153846e-01,2.2101513753e-01,1.3332083536e-04,3.1619514030e-05,4.2164100067e+00,1,0,3.1619514030e-05,4.2164100067e+00,1,0
5.6446153846e-01,2.3457206418e-01,1.3946587766e-04,3.5206892308e-05,3.9613231533e+00,1,0,3.5206892308e-05,3.9613231533e+00,1,0
5.6446153846e-01,2.4896056400e-01,1.4589415809e-04,3.9201807253e-05,3.7216181679e+00,1,0,3.9201807253e-05,3.7216181679e+00,1,0
5.6446153846e-01,2.6423164516e-01,1.5366756813e-04,4.3650582547e-05,3.5204013135e+00,1,0,4.3650582547e-05,3.5204013135e+00,1,0
5.6446153846e-01,2.8043944464e-01,1.6185515449e-04,4.7296660544e-05,3.4221264805e+00,1,0,4.7296660544e-05,3.4221264805e+00,1,0
5.6446153846e-01,2.9764142013e-01,1.7047898495e-04,4.7127340629e-05,3.6174115211e+00,1,0,4.7127340629e-05,3.6174115211e+00,1,0
5.6446153846e-01,3.1589855375e-01,1.7816709118e-04,4.7059218278e-05,3.7860189290e+00,1,0,4.7059218278e-05,3.7860189290e+00,1,0
5.6446153846e-01,3.3527556823e-01,1.8620190864e-04,4.7055209262e-05,3.9570944760e+00,1,0,4.7055209262e-05,3.9570944760e+00,1,0
5.6446153846e-01,3.5584115634e-01,1.9590357820e-04,4.7074498109e-05,4.1615648827e+00,1,0,4.7074498109e-05,4.1615648827e+00,1,0
5.6446153846e-01,3.7766822442e-01,2.0611073341e-04,4.7118041977e-05,4.3743484398e+00,1,0,4.7118041977e-05,4.3743484398e+00,1,0
5.6446153846e-01,4.0083415084e-01,2.1413674175e-04,4.6912509196e-05,4.5645979168e+00,1,0,4.6912509196e-05,4.5645979168e+00,1,0
5.6446153846e-01,4.2542106032e-01,2.2247528504e-04,4.6608359990e-05,4.7732914243e+00,1,0,4.6608359990e-05,4.7732914243e+00,1,0
5.6446153846e-01,4.5151611504e-01,2.2954168212e-04,4.6477095162e-05,4.9388130072e+00,1,0,4.6477095162e-05,4.9388130072e+00,1,0
5.6446153846e-01,4.7921182366e-01,2.3330661187e-04,4.6439738924e-05,5.0238570947e+00,1,0,4.6439738924e-05,5.0238570947e+00,1,0
5.6446153846e-01,5.0860636927e-01,2.3367113202e-04,4.6496937936e-05,5.0255165692e+00,1,0,4.6496937936e-05,5.0255165692e+00,1,0
5.6446153846e-01,5.3980395744e-01,2.2526209720e-04,4.6697656501e-05,4.8238415817e+00,1,0,4.6697656501e-05,4.8238415817e+00,1,0
5.6446153846e-01,5.7291518563e-01,2.0795113084e-04,4.7034787576e-05,4.4212197303e+00,1,0,4.7034787576e-05,4.4212197303e+00,1,0
5.6446153846e-01,6.0805743530e-01,1.8335810479e-04,4.7354973913e-05,3.8719925203e+00,1,0,4.7354973913e-05,3.8719925203e+00,1,0
5.6446153846e-01,6.4535528801e-01,1.6384671523e-04,4.7609525030e-05,3.4414692254e+00,1,0,4.7609525030e-05,3.4414692254e+00,1,0
5.6446153846e-01,6.8494096706e-01,1.6735460707e-04,4.7978007881e-05,3.4881524777e+00,1,0,4.7978007881e-05,3.4881524777e+00,1,0
5.6446153846e-01,7.2695480624e-01,2.5798239232e-04,4.8617656111e-05,5.3063519091e+00,1,0,4.8617656111e-05,5.3063519091e+00,1,0
5.6446153846e-01,7.7154574735e-01,3.2332468325e-04,4.9302803762e-05,6.5579370457e+00,1,0,4.9302803762e-05,6.5579370457e+00,1,0
5.6446153846e-01,8.1887186816e-01,3.6259728414e-04,4.9086777547e-05,7.3868626595e+00,1,0,4.9086777547e-05,7.3868626595e+00,1,0
5.6446153846e-01,8.6910094284e-01,2.7541182861e-04,4.8457028104e-05,5.6836302057e+00,1,0,4.8457028104e-05,5.6836302057e+00,1,0
5.6446153846e-01,9.2241103671e-01,4.3380274462e-04,4.9719264524e-05,8.7250434770e+00,1,0,4.9719264524e-05,8.7250434770e+00,1,0
5.6446153846e-01,9.7899113751e-01,4.7279966316e-04,4.8825296513e-05,9.6834980416e+00,1,0,4.8825296513e-05,9.6834980416e+00,1,0
5.6446153846e-01,1.0390418254e+00,4.9444652756e-04,3.0461127372e-05,1.6232049507e+01,1,0,3.0461127372e-05,1.6232049507e+01,1,0
5.6446153846e-01,1.1027759839e+00,5.0823245210e-04,2.9615210128e-05,1.7161196895e+01,1,0,2.9615210128e-05,1.7161196895e+01,1,0
5.6446153846e-01,1.1704195547e+00,5.1535939236e-04,2.9046884265e-05,1.7742329527e+01,1,0,2.9046884265e-05,1.7742329527e+01,1,0
5.6446153846e-01,1.2422123388e+00,5.1503557689e-04,2.8518392232e-05,1.8059769032e+01,1,0,2.8518392232e-05,1.8059769032e+01,1,0
5.6446153846e-01,1.3184088462e+00,5.2347453942e-04,2.8806718268e-05,1.8171960254e+01,1,0,2.8806718268e-05,1.8171960254e+01,1,0
5.6446153846e-01,1.3992791984e+00,5.3833597364e-04,2.8893840716e-05,1.8631513163e+01,1,0,2.8893840716e-05,1.8631513163e+01,1,0
5.6446153846e-01,1.4851100861e+00,5.7577041586e-04,2.8785477658e-05,2.0002114354e+01,1,0,2.8785477658e-05,2.0002114354e+01,1,0
5.6446153846e-01,1.5762057853e+00,6.2725260629e-04,2.8897553258e-05,2.1706080120e+01,1,0,2.8897553258e-05,2.1706080120e+01,1,0
5.6446153846e-01,1.6728892362e+00,6.6645280692e-04,2.9039299718e-05,2.2950030248e+01,1,0,2.9039299718e-05,2.2950030248e+01,1,0
5.6446153846e-01,1.7755031880e+00,6.9421601944e-04,2.9218223142e-05,2.3759693259e+01,1,0,2.9218223142e-05,2.3759693259e+01,1,0
5.6446153846e-01,1.8844114137e+00,7.3109241683e-04,2.9393288506e-05,2.4872767016e+01,1,0,2.9393288506e-05,2.4872767016e+01,1,0
5.6446153846e-01,2.0000000000e+00,7.8055116839e-04,2.9649491953e-05,2.6325954240e+01,1,0,2.9649491953e-05,2.6325954240e+01,1,0
5.6700000000e-01,1.0000000000e-02,7.3676442479e-06,3.1605567962e-06,2.3311222430e+00,1,0,3.1605567962e-06,2.3311222430e+00,1,0
5.6700000000e-01,1.0613393580e-02,7.8200553029e-06,3.3512815796e-06,2.3334521786e+00,1,0,3.3512815796e-06,2.3334521786e+00,1,0
5.6700000000e-01,1.1264412328e-02,8.3002467116e-06,3.5627772606e-06,2.3297124980e+00,1,0,3.5627772606e-06,2.3297124980e+00,1,0
5.6700000000e-01,1.1955364149e-02,8.8099243298e-06,3.7867596784e-06,2.3265073778e+00,1,0,3.7867596784e-06,2.3265073778e+00,1,0
5.6700000000e-01,1.2688698510e-02,9.3508987617e-06,4.0519966160e-06,2.3077262021e+00,1,0,4.0519966160e-06,2.3077262021e+00,1,0
5.6700000000e-01,1.3467015131e-02,9.9250917916e-06,4.3849621465e-06,2.2634384198e+00,1,0,4.3849621465e-06,2.2634384198e+00,1,0
5.6700000000e-01,1.4293073193e-02,1.0534543212e-05,4.7680176085e-06,2.2094178497e+00,1,0,4.7680176085e-06,2.2094178497e+00,1,0
5.6700000000e-01,1.5169801127e-02,1.1181418067e-05,5.1908110049e-06,2.1540792097e+00,1,0,5.1908110049e-06,2.1540792097e+00,1,0
5.6700000000e-01,1.6100306989e-02,1.1868014349e-05,5.6748861901e-06,2.0913220021e+00,1,0,5.6748861901e-06,2.0913220021e+00,1,0
5.6700000000e-01,1.7087889483e-02,1.2596771155e-05,6.2711080066e-06,2.0086994423e+00,1,0,6.2711080066e-06,2.0086994423e+00,1,0
5.6700000000e-01,1.8136049653e-02,1.3370277358e-05,6.9311399369e-06,1.9290156425e+00,1,0,6.9311399369e-06,1.9290156425e+00,1,0
5.6700000000e-01,1.9248503296e-02,1.4191280800e-05,7.6743351295e-06,1.8491870059e+00,1,0,7.6743351295e-06,1.8491870059e+00,1,0
5.6700000000e-01,2.0429194130e-02,1.5169886159e-05,8.5017819252e-06,1.7843184278e+00,1,0,8.5017819252e-06,1.7843184278e+00,1,0
5.6700000000e-01,2.1682307783e-02,1.6215974393e-05,9.4414776215e-06,1.7175250574e+00,1,0,9.4414776215e-06,1.7175250574e+00,1,0
5.6700000000e-01,2.3012286622e-02,1.7153789783e-05,1.0522572537e-05,1.6301897396e+00,1,0,1.0522572537e-05,1.6301897396e+00,1,0
5.6700000000e-01,2.4423845509e-02,1.8145841674e-05,1.1749523695e-05,1.5443895553e+00,1,0,1.1749523695e-05,1.5443895553e+00,1,0
5.6700000000e-01,2.5921988513e-02,1.9400313375e-05,1.3116371170e-05,1.4790915203e+00,1,0,1.3116371170e-05,1.4790915203e+00,1,0
5.6700000000e-01,2.7512026646e-02,2.0741510139e-05,1.4737680562e-05,1.4073795434e+00,1,0,1.4737680562e-05,1.4073795434e+00,1,0
5.6700000000e-01,2.9199596698e-02,2.1942492090e-05,1.6570698464e-05,1.3241742427e+00,1,0,1.6570698464e-05,1.3241742427e+00,1,0
5.6700000000e-01,3.0990681213e-02,2.3350182535e-05,1.8633618696e-05,1.2531211954e+00,1,0,1.8633618696e-05,1.2531211954e+00,1,0
5.6700000000e-01,3.2891629703e-02,2.4848181427e-05,2.0993688613e-05,1.1836024572e+00,1,0,2.0993688613e-05,1.1836024572e+00,1,0
5.6700000000e-01,3.4909181152e-02,2.6442282380e-05,2.3748715447e-05,1.1134194790e+00,1,0,2.3748715447e-05,1.1134194790e+00,1,0
5.6700000000e-01,3.7050487912e-02,2.8138650692e-05,2.6987725586e-05,1.0426462431e+00,1,0,2.6987725586e-05,1.0426462431e+00,1,0
5.6700000000e-01,3.9323141054e-02,2.9943847182e-05,3.0756957883e-05,9.7356335747e-01,1,1,2.4106471582e-05,1.2421497306e+00,1,0
5.6700000000e-01,4.1735197281e-02,3.1864853574e-05,3.4794728983e-05,9.1579542377e-01,1,1,2.0845022836e-05,1.5286552490e+00,1,0
5.6700000000e-01,4.4295207488e-02,3.3909099493e-05,3.9393272184e-05,8.6078402765e-01,1,1,1.8997199886e-05,1.7849525033e+00,1,0
5.6700000000e-01,4.7012247078e-02,3.6084491201e-05,4.0061466974e-05,9.0072815418e-01,1,1,1.7173731000e-05,2.1011445446e+00,1,0
5.6700000000e-01,4.9895948132e-02,3.8399442177e-05,3.9855704541e-05,9.6346163288e-01,1,1,1.5638231856e-05,2.4554848995e+00,1,0
5.6700000000e-01,5.2956533557e-02,4.0862905653e-05,4.0034233498e-05,1.0206990888e+00,1,0,1.4887755598e-05,2.7447324336e+00,1,0
5.6700000000e-01,5.6204853327e-02,4.3484409245e-05,4.2010327511e-05,1.0350885561e+00,1,0,1.4265989951e-05,3.0481171929e+00,1,0
5.6700000000e-01,5.9652422947e-02,4.6274091800e-05,4.3542092829e-05,1.0627438599e+00,1,0,1.3971012709e-05,3.3121501471e+00,1,0
5.6700000000e-01,6.3311464273e-02,4.9242742608e-05,4.5123953660e-05,1.0912772178e+00,1,0,1.3975320112e-05,3.5235502453e+00,1,0
5.6700000000e-01,6.7194948846e-02,5.2401843131e-05,4.6779055718e-05,1.1201988225e+00,1,0,1.4226140286e-05,3.6834898349e+00,1,0
5.6700000000e-01,7.1316643869e-02,5.5763611410e-05,1.6670424184e-05,3.3450625368e+00,1,0,1.4603691117e-05,3.8184600705e+00,1,0
5.6700000000e-01,7.5691161018e-02,5.9341049316e-05,1.3585784276e-05,4.3678780784e+00,1,0,1.3585784276e-05,4.3678780784e+00,1,0
5.6700000000e-01,8.0334008241e-02,6.3147992838e-05,1.3010634012e-05,4.8535676879e+00,1,0,1.3010634012e-05,4.8535676879e+00,1,0
5.6700000000e-01,8.5261644732e-02,6.7199165593e-05,1.2519312790e-05,5.3676401188e+00,1,0,1.2519312790e-05,5.3676401188e+00,1,0
5.6700000000e-01,9.0491539282e-02,7.1510235772e-05,1.2641204643e-05,5.6569162349e+00,1,0,1.2641204643e-05,5.6569162349e+00,1,0
5.6700000000e-01,9.6042232206e-02,7.6097876738e-05,1.2942999027e-05,5.8794624475e+00,1,0,1.2942999027e-05,5.8794624475e+00,1,0
5.6700000000e-01,1.0193340107e-01,8.0979831510e-05,1.2911664499e-05,6.2718351700e+00,1,0,1.2911664499e-05,6.2718351700e+00,1,0
5.6700000000e-01,1.0818593045e-01,8.6174981385e-05,1.3229219789e-05,6.5139881836e+00,1,0,1.3229219789e-05,6.5139881836e+00,1,0
5.6700000000e-01,1.1482198597e-01,9.1703418965e-05,1.3745955354e-05,6.6713019649e+00,1,0,1.3745955354e-05,6.6713019649e+00,1,0
5.6700000000e-01,1.2186509287e-01,9.7586525866e-05,1.4303262365e-05,6.8226760705e+00,1,0,1.4303262365e-05,6.8226760705e+00,1,0
5.6700000000e-01,1.2934021943e-01,1.0384705541e-04,1.4919409697e-05,6.9605337958e+00,1,0,1.4919409697e-05,6.9605337958e+00,1,0
5.6700000000e-01,1.3727386545e-01,1.1050922063e-04,1.5696806080e-05,7.0402360881e+00,1,0,1.5696806080e-05,7.0402360881e+00,1,0
5.6700000000e-01,1.4569415623e-01,1.1759878791e-04,1.6752134832e-05,7.0199284501e+00,1,0,1.6752134832e-05,7.0199284501e+00,1,0
5.6700000000e-01,1.5463094224e-01,1.2514317664e-04,1.7878802771e-05,6.9995277785e+00,1,0,1.7878802771e-05,6.9995277785e+00,1,0
5.6700000000e-01,1.6411590496e-01,1.3317156527e-04,1.9472374098e-05,6.8389999392e+00,1,0,1.9472374098e-05,6.8389999392e+00,1,0
5.6700000000e-01,1.7418266921e-01,1.4009811927e-04,2.1250029380e-05,6.5928435566e+00,1,0,2.1250029380e-05,6.5928435566e+00,1,0
5.6700000000e-01,1.8486692231e-01,1.3447846190e-04,2.3364589282e-05,5.7556527218e+00,1,0,2.3364589282e-05,5.7556527218e+00,1,0
5.6700000000e-01,1.9620654064e-01,1.2908422189e-04,2.5799336738e-05,5.0033930405e+00,1,0,2.5799336738e-05,5.0033930405e+00,1,0
5.6700000000e-01,2.0824172388e-01,1.3216555072e-04,2.8488260915e-05,4.6392986611e+00,1,0,2.8488260915e-05,4.6392986611e+00,1,0
5.6700000000e-01,2.2101513753e-01,1.3709424520e-04,3.1591874694e-05,4.3395413070e+00,1,0,3.1591874694e-05,4.3395413070e+00,1,0
5.6700000000e-01,2.3457206418e-01,1.4348857598e-04,3.5176154150e-05,4.0791433699e+00,1,0,3.5176154150e-05,4.0791433699e+00,1,0
5.6700000000e-01,2.4896056400e-01,1.5018115025e-04,3.9167620067e-05,3.8343190112e+00,1,0,3.9167620067e-05,3.8343190112e+00,1,0
5.6700000000e-01,2.6423164516e-01,1.5807825031e-04,4.3612556411e-05,3.6246040892e+00,1,0,4.3612556411e-05,3.6246040892e+00,1,0
5.6700000000e-01,2.8043944464e-01,1.6639061013e-04,4.6860719052e-05,3.5507481212e+00,1,0,4.6860719052e-05,3.5507481212e+00,1,0
5.6700000000e-01,2.9764142013e-01,1.7514006567e-04,4.6694535752e-05,3.7507614725e+00,1,0,4.6694535752e-05,3.7507614725e+00,1,0
5.6700000000e-01,3.1589855375e-01,1.8434960110e-04,4.6637709212e-05,3.9528013749e+00,1,0,4.6637709212e-05,3.9528013749e+00,1,0
5.6700000000e-01,3.3527556823e-01,1.9239676846e-04,4.6635444380e-05,4.1255480894e+00,1,0,4.6635444380e-05,4.1255480894e+00,1,0
5.6700000000e-01,3.5584115634e-01,2.0079520809e-04,4.6656339061e-05,4.3037068946e+00,1,0,4.6656339061e-05,4.3037068946e+00,1,0
5.6700000000e-01,3.7766822442e-01,2.1101627246e-04,4.6701345587e-05,4.5184195403e+00,1,0,4.6701345587e-05,4.5184195403e+00,1,0
5.6700000000e-01,4.0083415084e-01,2.2017572741e-04,4.6469696274e-05,4.7380496337e+00,1,0,4.6469696274e-05,4.7380496337e+00,1,0
5.6700000000e-01,4.2542106032e-01,2.2973276124e-04,4.6170386420e-05,4.9757599851e+00,1,0,4.6170386420e-05,4.9757599851e+00,1,0
5.6700000000e-01,4.5151611504e-01,2.3569417864e-04,4.6055904458e-05,5.1175670397e+00,1,0,4.6055904458e-05,5.1175670397e+00,1,0
5.6700000000e-01,4.7921182366e-01,2.3946400894e-04,4.6028119204e-05,5.2025590679e+00,1,0,4.6028119204e-05,5.2025590679e+00,1,0
5.6700000000e-01,5.0860636927e-01,2.3919579919e-04,4.6086987337e-05,5.1900940593e+00,1,0,4.6086987337e-05,5.1900940593e+00,1,0
5.6700000000e-01,5.3980395744e-01,2.2986268829e-04,4.6304491390e-05,4.9641553419e+00,1,0,4.6304491390e-05,4.9641553419e+00,1,0
5.6700000000e-01,5.7291518563e-01,2.1142828799e-04,4.6641126857e-05,4.5330870465e+00,1,0,4.6641126857e-05,4.5330870465e+00,1,0
5.6700000000e-01,6.0805743530e-01,1.8601543956e-04,4.6949725707e-05,3.9620133400e+00,1,0,4.6949725707e-05,3.9620133400e+00,1,0
5.6700000000e-01,6.4535528801e-01,1.6701192976e-04,4.7204607511e-05,3.5380429702e+00,1,0,4.7204607511e-05,3.5380429702e+00,1,0
5.6700000000e-01,6.8494096706e-01,1.7840203633e-04,4.7595637835e-05,3.7482854405e+00,1,0,4.7595637835e-05,3.7482854405e+00,1,0
5.6700000000e-01,7.2695480624e-01,2.7006552550e-04,4.8232885838e-05,5.5991989866e+00,1,0,4.8232885838e-05,5.5991989866e+00,1,0
5.6700000000e-01,7.7154574735e-01,3.3626456143e-04,4.8915411160e-05,6.8744093824e+00,1,0,4.8915411160e-05,6.8744093824e+00,1,0
5.6700000000e-01,8.1887186816e-01,3.7093844749e-04,4.8599578265e-05,7.6325445761e+00,1,0,4.8599578265e-05,7.6325445761e+00,1,0
5.6700000000e-01,8.6910094284e-01,2.7238191655e-04,4.7978943223e-05,5.6771137138e+00,1,0,4.7978943223e-05,5.6771137138e+00,1,0
5.6700000000e-01,9.2241103671e-01,4.4983096006e-04,4.9390371117e-05,9.1076651154e+00,1,0,4.9390371117e-05,9.1076651154e+00,1,0
5.6700000000e-01,9.7899113751e-01,4.8676714927e-04,4.6107594799e-05,1.0557201073e+01,1,0,4.6107594799e-05,1.0557201073e+01,1,0
5.6700000000e-01,1.0390418254e+00,5.0837917170e-04,3.0028418736e-05,1.6929934812e+01,1,0,3.0028418736e-05,1.6929934812e+01,1,0
5.6700000000e-01,1.1027759839e+00,5.2181944104e-04,2.9304397869e-05,1.7806864464e+01,1,0,2.9304397869e-05,1.7806864464e+01,1,0
5.6700000000e-01,1.1704195547e+00,5.2823383710e-04,2.8746567195e-05,1.8375544931e+01,1,0,2.8746567195e-05,1.8375544931e+01,1,0
5.6700000000e-01,1.2422123388e+00,5.2817451442e-04,2.8225525020e-05,1.8712655090e+01,1,0,2.8225525020e-05,1.8712655090e+01,1,0
5.6700000000e-01,1.3184088462e+00,5.3795578353e-04,2.8585431204e-05,1.8819229267e+01,1,0,2.8585431204e-05,1.8819229267e+01,1,0
5.6700000000e-01,1.3992791984e+00,5.5347147993e-04,2.8618595306e-05,1.9339575336e+01,1,0,2.8618595306e-05,1.9339575336e+01,1,0
5.6700000000e-01,1.4851100861e+00,5.9464229904e-04,2.8535786988e-05,2.0838475536e+01,1,0,2.8535786988e-05,2.0838475536e+01,1,0
5.6700000000e-01,1.5762057853e+00,6.4704353979e-04,2.8648800289e-05,2.2585362503e+01,1,0,2.8648800289e-05,2.2585362503e+01,1,0
5.6700000000e-01,1.6728892362e+00,6.8540755127e-04,2.8792609809e-05,2.3804981758e+01,1,0,2.8792609809e-05,2.3804981758e+01,1,0
5.6700000000e-01,1.7755031880e+00,7.1450324356e-04,2.8969208346e-05,2.4664230897e+01,1,0,2.8969208346e-05,2.4664230897e+01,1,0
5.6700000000e-01,1.8844114137e+00,7.5294734848e-04,2.9148856321e-05,2.5831111183e+01,1,0,2.9148856321e-05,2.5831111183e+01,1,0
5.6700000000e-01,2.0000000000e+00,8.0334926847e-04,2.9405807958e-05,2.7319408112e+01,1,0,2.9405807958e-05,2.7319408112e+01,1,0
5.6953846154e-01,1.0000000000e-02,7.5714801733e-06,3.1460678758e-06,2.4066487032e+00,1,0,3.1460678758e-06,2.4066487032e+00,1,0
5.6953846154e-01,1.0613393580e-02,8.0366456032e-06,3.3367392059e-06,2.4085327343e+00,1,0,3.3367392059e-06,2.4085327343e+00,1,0
5.6953846154e-01,1.1264412328e-02,8.5303891806e-06,3.5472734100e-06,2.4047735245e+00,1,0,3.5472734100e-06,2.4047735245e+00,1,0
5.6953846154e-01,1.1955364149e-02,9.0544666476e-06,3.7703226747e-06,2.4015097457e+00,1,0,3.7703226747e-06,2.4015097457e+00,1,0
5.6953846154e-01,1.2688698510e-02,9.6107416130e-06,4.0367605950e-06,2.3808054470e+00,1,0,4.0367605950e-06,2.3808054470e+00,1,0
5.6953846154e-01,1.3467015131e-02,1.0201192179e-05,4.3733272437e-06,2.3325929231e+00,1,0,4.3733272437e-06,2.3325929231e+00,1,0
5.6953846154e-01,1.4293073193e-02,1.0827917976e-05,4.7554386161e-06,2.2769546303e+00,1,0,4.7554386161e-06,2.2769546303e+00,1,0
5.6953846154e-01,1.5169801127e-02,1.1493147628e-05,5.1783635745e-06,2.2194555216e+00,1,0,5.1783635745e-06,2.2194555216e+00,1,0
5.6953846154e-01,1.6100306989e-02,1.2199246678e-05,5.6666986863e-06,2.1527960729e+00,1,0,5.6666986863e-06,2.1527960729e+00,1,0
5.6953846154e-01,1.7087889483e-02,1.2948726000e-05,6.2621415391e-06,2.0677791965e+00,1,0,6.2621415391e-06,2.0677791965e+00,1,0
5.6953846154e-01,1.8136049653e-02,1.3744250727e-05,6.9213845687e-06,1.9857660834e+00,1,0,6.9213845687e-06,1.9857660834e+00,1,0
5.6953846154e-01,1.9248503296e-02,1.4588649728e-05,7.6647026607e-06,1.9033549472e+00,1,0,7.6647026607e-06,1.9033549472e+00,1,0
5.6953846154e-01,2.0429194130e-02,1.5598025776e-05,8.4912045973e-06,1.8369626591e+00,1,0,8.4912045973e-06,1.8369626591e+00,1,0
5.6953846154e-01,2.1682307783e-02,1.6677239679e-05,9.4333887337e-06,1.7678948838e+00,1,0,9.4333887337e-06,1.7678948838e+00,1,0
5.6953846154e-01,2.3012286622e-02,1.7638699532e-05,1.0515645291e-05,1.6773768080e+00,1,0,1.0515645291e-05,1.6773768080e+00,1,0
5.6953846154e-01,2.4423845509e-02,1.8655588525e-05,1.1741478084e-05,1.5888620148e+00,1,0,1.1741478084e-05,1.5888620148e+00,1,0
5.6953846154e-01,2.5921988513e-02,1.9949398875e-05,1.3109546874e-05,1.5217458747e+00,1,0,1.3109546874e-05,1.5217458747e+00,1,0
5.6953846154e-01,2.7512026646e-02,2.1213813236e-05,1.4735597066e-05,1.4396303822e+00,1,0,1.4735597066e-05,1.4396303822e+00,1,0
5.6953846154e-01,2.9199596698e-02,2.2558367541e-05,1.6568487168e-05,1.3615224680e+00,1,0,1.6568487168e-05,1.3615224680e+00,1,0
5.6953846154e-01,3.0990681213e-02,2.3988141143e-05,1.8631271761e-05,1.2875203288e+00,1,0,1.8631271761e-05,1.2875203288e+00,1,0
5.6953846154e-01,3.2891629703e-02,2.5508535335e-05,2.0998323251e-05,1.2147891539e+00,1,0,2.0998323251e-05,1.2147891539e+00,1,0
5.6953846154e-01,3.4909181152e-02,2.7125293746e-05,2.3763979346e-05,1.1414457718e+00,1,0,2.3763979346e-05,1.1414457718e+00,1,0
5.6953846154e-01,3.7050487912e-02,2.8844524045e-05,2.7010520779e-05,1.0678995892e+00,1,0,2.6805460396e-05,1.0760689657e+00,1,0
5.6953846154e-01,3.9323141054e-02,3.0672721009e-05,3.0782125388e-05,9.9644584713e-01,1,1,2.3095184280e-05,1.3281002930e+00,1,0
5.6953846154e-01,4.1735197281e-02,3.2616791064e-05,3.4803268543e-05,9.3717608803e-01,1,1,2.0255249219e-05,1.6102883115e+00,1,0
5.6953846154e-01,4.4295207488e-02,3.4889047677e-05,3.9410585674e-05,8.8527097682e-01,1,1,1.8503573090e-05,1.8855302977e+00,1,0
5.6953846154e-01,4.7012247078e-02,3.7319601595e-05,3.9695917143e-05,9.4013702873e-01,1,1,1.6951707003e-05,2.2015246953e+00,1,0
5.6953846154e-01,4.9895948132e-02,3.9504986149e-05,3.9482616316e-05,1.0005665742e+00,1,0,1.5370125692e-05,2.5702448334e+00,1,0
5.6953846154e-01,5.2956533557e-02,4.1818343817e-05,3.9823640759e-05,1.0500884153e+00,1,0,1.4713416872e-05,2.8421911906e+00,1,0
5.6953846154e-01,5.6204853327e-02,4.4748213747e-05,4.1748663092e-05,1.0718478254e+00,1,0,1.4113961999e-05,3.1704927186e+00,1,0
5.6953846154e-01,5.9652422947e-02,4.7612268928e-05,4.3270465069e-05,1.1003410491e+00,1,0,1.3847047067e-05,3.4384420518e+00,1,0
5.6953846154e-01,6.3311464273e-02,5.0659634489e-05,4.4842612425e-05,1.1297208559e+00,1,0,1.3851368611e-05,3.6573739326e+00,1,0
5.6953846154e-01,6.7194948846e-02,5.3902042988e-05,4.6511520595e-05,1.1588965981e+00,1,0,1.4126451305e-05,3.8156817891e+00,1,0
5.6953846154e-01,7.1316643869e-02,5.7351977914e-05,1.3687095324e-05,4.1902227286e+00,1,0,1.3687095324e-05,4.1902227286e+00,1,0
5.6953846154e-01,7.5691161018e-02,6.1022721743e-05,1.3422899898e-05,4.5461653003e+00,1,0,1.3422899898e-05,4.5461653003e+00,1,0
5.6953846154e-01,8.0334008241e-02,6.4928407081e-05,1.2850745015e-05,5.0525013925e+00,1,0,1.2850745015e-05,5.0525013925e+00,1,0
5.6953846154e-01,8.5261644732e-02,6.9084071075e-05,1.2408810554e-05,5.5673403001e+00,1,0,1.2408810554e-05,5.5673403001e+00,1,0
5.6953846154e-01,9.0491539282e-02,7.3505713306e-05,1.2569766605e-05,5.8478184694e+00,1,0,1.2569766605e-05,5.8478184694e+00,1,0
5.6953846154e-01,9.6042232206e-02,7.8210357389e-05,1.2795243917e-05,6.1124553700e+00,1,0,1.2795243917e-05,6.1124553700e+00,1,0
5.6953846154e-01,1.0193340107e-01,8.3216116513e-05,1.2815327458e-05,6.4934834311e+00,1,0,1.2815327458e-05,6.4934834311e+00,1,0
5.6953846154e-01,1.0818593045e-01,8.8542263182e-05,1.3149294600e-05,6.7336131615e+00,1,0,1.3149294600e-05,6.7336131615e+00,1,0
5.6953846154e-01,1.1482198597e-01,9.4209303413e-05,1.3662937125e-05,6.8952453308e+00,1,0,1.3662937125e-05,6.8952453308e+00,1,0
5.6953846154e-01,1.2186509287e-01,1.0023905568e-04,1.4220966852e-05,7.0486807775e+00,1,0,1.4220966852e-05,7.0486807775e+00,1,0
5.6953846154e-01,1.2934021943e-01,1.0665473494e-04,1.4833596964e-05,7.1900790616e+00,1,0,1.4833596964e-05,7.1900790616e+00,1,0
5.6953846154e-01,1.3727386545e-01,1.1348104197e-04,1.5633326074e-05,7.2589186353e+00,1,0,1.5633326074e-05,7.2589186353e+00,1,0
5.6953846154e-01,1.4569415623e-01,1.2074425851e-04,1.6684414795e-05,7.2369489728e+00,1,0,1.6684414795e-05,7.2369489728e+00,1,0
5.6953846154e-01,1.5463094224e-01,1.2847234842e-04,1.7808214536e-05,7.2142183689e+00,1,0,1.7808214536e-05,7.2142183689e+00,1,0
5.6953846154e-01,1.6411590496e-01,1.3669506536e-04,1.9426096095e-05,7.0366719432e+00,1,0,1.9426096095e-05,7.0366719432e+00,1,0
5.6953846154e-01,1.7418266921e-01,1.4373089609e-04,2.1199556276e-05,6.7799011555e+00,1,0,2.1199556276e-05,6.7799011555e+00,1,0
5.6953846154e-01,1.8486692231e-01,1.3632560300e-04,2.3329650163e-05,5.8434482322e+00,1,0,2.3329650163e-05,5.8434482322e+00,1,0
5.6953846154e-01,1.9620654064e-01,1.3250078304e-04,2.5760788774e-05,5.1435064433e+00,1,0,2.5760788774e-05,5.1435064433e+00,1,0
5.6953846154e-01,2.0824172388e-01,1.3564017818e-04,2.8445728666e-05,4.7683847291e+00,1,0,2.8445728666e-05,4.7683847291e+00,1,0
5.6953846154e-01,2.2101513753e-01,1.4085200099e-04,3.1564385376e-05,4.4623710970e+00,1,0,3.1564385376e-05,4.4623710970e+00,1,0
5.6953846154e-01,2.3457206418e-01,1.4748670114e-04,3.5145582637e-05,4.1964505941e+00,1,0,3.5145582637e-05,4.1964505941e+00,1,0
5.6953846154e-01,2.4896056400e-01,1.5443392255e-04,3.9133618023e-05,3.9463236560e+00,1,0,3.9133618023e-05,3.9463236560e+00,1,0
5.6953846154e-01,2.6423164516e-01,1.6170838625e-04,4.3574735995e-05,3.7110583130e+00,1,0,4.3574735995e-05,3.7110583130e+00,1,0
5.6953846154e-01,2.8043944464e-01,1.7079100501e-04,4.6430831300e-05,3.6783964498e+00,1,0,4.6430831300e-05,3.6783964498e+00,1,0
5.6953846154e-01,2.9764142013e-01,1.7936598582e-04,4.6267732003e-05,3.8766971722e+00,1,0,4.6267732003e-05,3.8766971722e+00,1,0
5.6953846154e-01,3.1589855375e-01,1.8837149454e-04,4.6221957704e-05,4.0753681561e+00,1,0,4.6221957704e-05,4.0753681561e+00,1,0
5.6953846154e-01,3.3527556823e-01,1.9782914689e-04,4.6221403681e-05,4.2800332992e+00,1,0,4.6221403681e-05,4.2800332992e+00,1,0
5.6953846154e-01,3.5584115634e-01,2.0776164385e-04,4.6243872316e-05,4.4927388958e+00,1,0,4.6243872316e-05,4.4927388958e+00,1,0
5.6953846154e-01,3.7766822442e-01,2.1680126955e-04,4.6290311162e-05,4.6835129017e+00,1,0,4.6290311162e-05,4.6835129017e+00,1,0
5.6953846154e-01,4.0083415084e-01,2.2623420574e-04,4.6033157773e-05,4.9145923652e+00,1,0,4.6033157773e-05,4.9145923652e+00,1,0
5.6953846154e-01,4.2542106032e-01,2.3607756519e-04,4.5738606207e-05,5.1614507911e+00,1,0,4.5738606207e-05,5.1614507911e+00,1,0
5.6953846154e-01,4.5151611504e-01,2.4181392161e-04,4.5640540422e-05,5.2982265190e+00,1,0,4.5640540422e-05,5.2982265190e+00,1,0
5.6953846154e-01,4.7921182366e-01,2.4548181921e-04,4.5622121114e-05,5.3807629549e+00,1,0,4.5622121114e-05,5.3807629549e+00,1,0
5.6953846154e-01,5.0860636927e-01,2.4449174114e-04,4.5682622569e-05,5.3519637752e+00,1,0,4.5682622569e-05,5.3519637752e+00,1,0
5.6953846154e-01,5.3980395744e-01,2.3424119034e-04,4.5916540965e-05,5.1014554977e+00,1,0,4.5916540965e-05,5.1014554977e+00,1,0
5.6953846154e-01,5.7291518563e-01,2.1465765791e-04,4.6252674103e-05,4.6409783233e+00,1,0,4.6252674103e-05,4.6409783233e+00,1,0
5.6953846154e-01,6.0805743530e-01,1.8860179658e-04,4.6549915510e-05,4.0516034136e+00,1,0,4.6549915510e-05,4.0516034136e+00,1,0
5.6953846154e-01,6.4535528801e-01,1.7016534259e-04,4.6805108522e-05,3.6356147429e+00,1,0,4.6805108522e-05,3.6356147429e+00,1,0
5.6953846154e-01,6.8494096706e-01,1.9434922006e-04,4.7218198377e-05,4.1159812686e+00,1,0,4.7218198377e-05,4.1159812686e+00,1,0
5.6953846154e-01,7.2695480624e-01,2.8392597730e-04,4.7853062099e-05,5.9332875441e+00,1,0,4.7853062099e-05,5.9332875441e+00,1,0
5.6953846154e-01,7.7154574735e-01,3.4930576810e-04,4.8532983120e-05,7.1972861679e+00,1,0,4.8532983120e-05,7.1972861679e+00,1,0
5.6953846154e-01,8.1887186816e-01,3.7819469434e-04,4.8119571723e-05,7.8594775637e+00,1,0,4.8119571723e-05,7.8594775637e+00,1,0
5.6953846154e-01,8.6910094284e-01,2.6939923366e-04,4.7582197344e-05,5.6617652966e+00,1,0,4.7582197344e-05,5.6617652966e+00,1,0
5.6953846154e-01,9.2241103671e-01,4.6512475897e-04,4.9065333483e-05,9.4797023876e+00,1,0,4.9065333483e-05,9.4797023876e+00,1,0
5.6953846154e-01,9.7899113751e-01,5.0052580286e-04,4.3532557019e-05,1.1497734963e+01,1,0,4.3532557019e-05,1.1497734963e+01,1,0
5.6953846154e-01,1.0390418254e+00,5.2209998783e-04,2.9705451498e-05,1.7575898076e+01,1,0,2.9705451498e-05,1.7575898076e+01,1,0
5.6953846154e-01,1.1027759839e+00,5.3523515753e-04,2.9001043366e-05,1.8455720740e+01,1,0,2.9001043366e-05,1.8455720740e+01,1,0
5.6953846154e-01,1.1704195547e+00,5.4097645732e-04,2.8450909278e-05,1.9014382002e+01,1,0,2.8450909278e-05,1.9014382002e+01,1,0
5.6953846154e-01,1.2422123388e+00,5.4123668871e-04,2.7937090394e-05,1.9373409366e+01,1,0,2.7937090394e-05,1.9373409366e+01,1,0
5.6953846154e-01,1.3184088462e+00,5.5229203894e-04,2.8366961171e-05,1.9469552470e+01,1,0,2.8366961171e-05,1.9469552470e+01,1,0
5.6953846154e-01,1.3992791984e+00,5.6863731033e-04,2.8347324668e-05,2.0059646439e+01,1,0,2.8347324668e-05,2.0059646439e+01,1,0
5.6953846154e-01,1.4851100861e+00,6.1344384456e-04,2.8289504118e-05,2.1684503270e+01,1,0,2.8289504118e-05,2.1684503270e+01,1,0
5.6953846154e-01,1.5762057853e+00,6.6668672857e-04,2.8403427420e-05,2.3472052112e+01,1,0,2.8403427420e-05,2.3472052112e+01,1,0
5.6953846154e-01,1.6728892362e+00,7.0393564574e-04,2.8549246248e-05,2.4656890750e+01,1,0,2.8549246248e-05,2.4656890750e+01,1,0
5.6953846154e-01,1.7755031880e+00,7.3474800009e-04,2.8723557413e-05,2.5579979162e+01,1,0,2.8723557413e-05,2.5579979162e+01,1,0
5.6953846154e-01,1.8844114137e+00,7.7491746441e-04,2.8907679045e-05,2.6806630280e+01,1,0,2.8907679045e-05,2.6806630280e+01,1,0
5.6953846154e-01,2.0000000000e+00,8.2587594952e-04,2.9167175837e-05,2.8315252533e+01,1,0,2.9167175837e-05,2.8315252533e+01,1,0
5.7207692308e-01,1.0000000000e-02,7.7741636498e-06,3.1317140594e-06,2.4823989363e+00,1,0,3.1317140594e-06,2.4823989363e+00,1,0
5.7207692308e-01,1.0613393580e-02,8.2520094079e-06,3.3223289218e-06,2.4838026583e+00,1,0,3.3223289218e-06,2.4838026583e+00,1,0
5.7207692308e-01,1.1264412328e-02,8.7592263728e-06,3.5318866287e-06,2.4800417719e+00,1,0,3.5318866287e-06,2.4800417719e+00,1,0
5.7207692308e-01,1.1955364149e-02,9.2976198714e-06,3.7551086172e-06,2.4759922599e+00,1,0,3.7551086172e-06,2.4759922599e+00,1,0
5.7207692308e-01,1.2688698510e-02,9.8691061965e-06,4.0216541558e-06,2.4539917691e+00,1,0,4.0216541558e-06,2.4539917691e+00,1,0
5.7207692308e-01,1.3467015131e-02,1.0475719428e-05,4.3617798120e-06,2.4017075321e+00,1,0,4.3617798120e-06,2.4017075321e+00,1,0
5.7207692308e-01,1.4293073193e-02,1.1119618671e-05,4.7429537542e-06,2.3444501564e+00,1,0,4.7429537542e-06,2.3444501564e+00,1,0
5.7207692308e-01,1.5169801127e-02,1.1803095744e-05,5.1660065484e-06,2.2847620562e+00,1,0,5.1660065484e-06,2.2847620562e+00,1,0
5.7207692308e-01,1.6100306989e-02,1.2528583331e-05,5.6585649355e-06,2.2140919958e+00,1,0,5.6585649355e-06,2.2140919958e+00,1,0
5.7207692308e-01,1.7087889483e-02,1.3298663647e-05,6.2532335567e-06,2.1266859020e+00,1,0,6.2532335567e-06,2.1266859020e+00,1,0
5.7207692308e-01,1.8136049653e-02,1.4116077622e-05,6.9118038652e-06,2.0423145531e+00,1,0,6.9118038652e-06,2.0423145531e+00,1,0
5.7207692308e-01,1.9248503296e-02,1.4983734661e-05,7.6551314955e-06,1.9573451703e+00,1,0,7.6551314955e-06,1.9573451703e+00,1,0
5.7207692308e-01,2.0429194130e-02,1.6024028376e-05,8.4806941549e-06,1.8894713196e+00,1,0,8.4806941549e-06,1.8894713196e+00,1,0
5.7207692308e-01,2.1682307783e-02,1.7040284800e-05,9.4253498309e-06,1.8079206720e+00,1,0,9.4253498309e-06,1.8079206720e+00,1,0
5.7207692308e-01,2.3012286622e-02,1.8120993001e-05,1.0508760905e-05,1.7243700912e+00,1,0,1.0508760905e-05,1.7243700912e+00,1,0
5.7207692308e-01,2.4423845509e-02,1.9270240563e-05,1.1733460554e-05,1.6423322407e+00,1,0,1.1733460554e-05,1.6423322407e+00,1,0
5.7207692308e-01,2.5921988513e-02,2.0492374305e-05,1.3105074260e-05,1.5636976867e+00,1,0,1.3105074260e-05,1.5636976867e+00,1,0
5.7207692308e-01,2.7512026646e-02,2.1792016725e-05,1.4733532061e-05,1.4790762076e+00,1,0,1.4733532061e-05,1.4790762076e+00,1,0
5.7207692308e-01,2.9199596698e-02,2.3174083485e-05,1.6566295497e-05,1.3988693784e+00,1,0,1.6566295497e-05,1.3988693784e+00,1,0
5.7207692308e-01,3.0990681213e-02,2.4643802001e-05,1.8628945654e-05,1.3228769067e+00,1,0,1.8628945654e-05,1.3228769067e+00,1,0
5.7207692308e-01,3.2891629703e-02,2.6206731215e-05,2.1002949055e-05,1.2477643566e+00,1,0,2.1002949055e-05,1.2477643566e+00,1,0
5.7207692308e-01,3.4909181152e-02,2.7868782624e-05,2.3779196623e-05,1.1719816723e+00,1,0,2.3779196623e-05,1.1719816723e+00,1,0
5.7207692308e-01,3.7050487912e-02,2.9636242634e-05,2.7034079410e-05,1.0962549227e+00,1,0,2.6338913092e-05,1.1251885198e+00,1,0
5.7207692308e-01,3.9323141054e-02,3.1515796342e-05,3.0798048711e-05,1.0233049710e+00,1,0,2.2507616269e-05,1.4002280813e+00,1,0
5.7207692308e-01,4.1735197281e-02,3.3514552817e-05,3.4811820767e-05,9.6273484347e-01,1,1,1.9933318443e-05,1.6813333371e+00,1,0
5.7207692308e-01,4.4295207488e-02,3.5852401102e-05,3.9427844935e-05,9.0931678261e-01,1,1,1.8024890032e-05,1.9890496441e+00,1,0
5.7207692308e-01,4.7012247078e-02,3.8353328829e-05,3.9335320665e-05,9.7503536722e-01,1,1,1.6693925712e-05,2.2974421650e+00,1,0
5.7207692308e-01,4.9895948132e-02,4.0597210419e-05,3.9117377117e-05,1.0378305861e+00,1,0,1.5107783021e-05,2.6871719274e+00,1,0
5.7207692308e-01,5.2956533557e-02,4.2972371477e-05,3.9615097838e-05,1.0847473267e+00,1,0,1.4540252467e-05,2.9554075196e+00,1,0
5.7207692308e-01,5.6204853327e-02,4.5986617332e-05,4.1489794009e-05,1.1083838431e+00,1,0,1.3964223764e-05,3.2931739070e+00,1,0
5.7207692308e-01,5.9652422947e-02,4.8931189530e-05,4.3001726716e-05,1.1378889469e+00,1,0,1.3724729333e-05,3.5651842993e+00,1,0
5.7207692308e-01,6.3311464273e-02,5.2064305829e-05,4.4564276982e-05,1.1682968816e+00,1,0,1.3729064148e-05,3.7922691065e+00,1,0
5.7207692308e-01,6.7194948846e-02,5.5398038908e-05,4.6249608367e-05,1.1978055786e+00,1,0,1.4027903191e-05,3.9491318234e+00,1,0
5.7207692308e-01,7.1316643869e-02,5.8945234476e-05,1.3562082771e-05,4.3463261118e+00,1,0,1.3562082771e-05,4.3463261118e+00,1,0
5.7207692308e-01,7.5691161018e-02,6.2719560762e-05,1.3262682835e-05,4.7290251559e+00,1,0,1.3262682835e-05,4.7290251559e+00,1,0
5.7207692308e-01,8.0334008241e-02,6.6735561190e-05,1.2693521657e-05,5.2574504534e+00,1,0,1.2693521657e-05,5.2574504534e+00,1,0
5.7207692308e-01,8.5261644732e-02,7.1008710412e-05,1.2299771120e-05,5.7731733151e+00,1,0,1.2299771120e-05,5.7731733151e+00,1,0
5.7207692308e-01,9.0491539282e-02,7.5555473940e-05,1.2499049696e-05,6.0448974744e+00,1,0,1.2499049696e-05,6.0448974744e+00,1,0
5.7207692308e-01,9.6042232206e-02,8.0393371591e-05,1.2649823736e-05,6.3552957945e+00,1,0,1.2649823736e-05,6.3552957945e+00,1,0
5.7207692308e-01,1.0193340107e-01,8.5541044992e-05,1.2720135037e-05,6.7248535288e+00,1,0,1.2720135037e-05,6.7248535288e+00,1,0
5.7207692308e-01,1.0818593045e-01,9.1018329416e-05,1.3070206625e-05,6.9638018762e+00,1,0,1.3070206625e-05,6.9638018762e+00,1,0
5.7207692308e-01,1.1482198597e-01,9.6846330209e-05,1.3580788211e-05,7.1311273472e+00,1,0,1.3580788211e-05,7.1311273472e+00,1,0
5.7207692308e-01,1.2186509287e-01,1.0304750411e-04,1.4139509700e-05,7.2879121201e+00,1,0,1.4139509700e-05,7.2879121201e+00,1,0
5.7207692308e-01,1.2934021943e-01,1.0964574580e-04,1.4748658144e-05,7.4342862063e+00,1,0,1.4748658144e-05,7.4342862063e+00,1,0
5.7207692308e-01,1.3727386545e-01,1.1666647995e-04,1.5570385379e-05,7.4928447251e+00,1,0,1.5570385379e-05,7.4928447251e+00,1,0
5.7207692308e-01,1.4569415623e-01,1.2413675920e-04,1.6617269857e-05,7.4703462282e+00,1,0,1.6617269857e-05,7.4703462282e+00,1,0
5.7207692308e-01,1.5463094224e-01,1.3208536841e-04,1.7759419097e-05,7.4374824809e+00,1,0,1.7759419097e-05,7.4374824809e+00,1,0
5.7207692308e-01,1.6411590496e-01,1.4054293555e-04,1.9380135227e-05,7.2519068572e+00,1,0,1.9380135227e-05,7.2519068572e+00,1,0
5.7207692308e-01,1.7418266921e-01,1.4723272960e-04,2.1149428858e-05,6.9615463655e+00,1,0,2.1149428858e-05,6.9615463655e+00,1,0
5.7207692308e-01,1.8486692231e-01,1.3818322007e-04,2.3294920543e-05,5.9319034728e+00,1,0,2.3294920543e-05,5.9319034728e+00,1,0
5.7207692308e-01,1.9620654064e-01,1.3571276726e-04,2.5722471761e-05,5.2760391192e+00,1,0,2.5722471761e-05,5.2760391192e+00,1,0
5.7207692308e-01,2.0824172388e-01,1.3910081476e-04,2.8403451046e-05,4.8973209112e+00,1,0,2.8403451046e-05,4.8973209112e+00,1,0
5.7207692308e-01,2.2101513753e-01,1.4458357358e-04,3.1537044584e-05,4.5845631855e+00,1,0,3.1537044584e-05,4.5845631855e+00,1,0
5.7207692308e-01,2.3457206418e-01,1.5146107759e-04,3.5115176115e-05,4.3132654978e+00,1,0,3.5115176115e-05,4.3132654978e+00,1,0
5.7207692308e-01,2.4896056400e-01,1.5866572845e-04,3.9099799286e-05,4.0579678502e+00,1,0,3.9099799286e-05,4.0579678502e+00,1,0
5.7207692308e-01,2.6423164516e-01,1.6621308779e-04,4.3537119262e-05,3.8177327900e+00,1,0,4.3537119262e-05,3.8177327900e+00,1,0
5.7207692308e-01,2.8043944464e-01,1.7541757166e-04,4.6006886141e-05,3.8128546914e+00,1,0,4.6006886141e-05,3.8128546914e+00,1,0
5.7207692308e-01,2.9764142013e-01,1.8513177787e-04,4.5846819292e-05,4.0380506374e+00,1,0,4.5846819292e-05,4.0380506374e+00,1,0
5.7207692308e-01,3.1589855375e-01,1.9359045692e-04,4.5811859279e-05,4.2257716662e+00,1,0,4.5811859279e-05,4.2257716662e+00,1,0
5.7207692308e-01,3.3527556823e-01,2.0243561339e-04,4.5812983389e-05,4.4187389341e+00,1,0,4.5812983389e-05,4.4187389341e+00,1,0
5.7207692308e-01,3.5584115634e-01,2.1168490544e-04,4.5836994777e-05,4.6182108245e+00,1,0,4.5836994777e-05,4.6182108245e+00,1,0
5.7207692308e-01,3.7766822442e-01,2.2262681723e-04,4.5884836258e-05,4.8518603396e+00,1,0,4.5884836258e-05,4.8518603396e+00,1,0
5.7207692308e-01,4.0083415084e-01,2.3202386589e-04,4.5602776505e-05,5.0879328776e+00,1,0,4.5602776505e-05,5.0879328776e+00,1,0
5.7207692308e-01,4.2542106032e-01,2.4181756273e-04,4.5317052451e-05,5.3361273440e+00,1,0,4.5317052451e-05,5.3361273440e+00,1,0
5.7207692308e-01,4.5151611504e-01,2.4780327182e-04,4.5230896084e-05,5.4786283994e+00,1,0,4.5230896084e-05,5.4786283994e+00,1,0
5.7207692308e-01,4.7921182366e-01,2.5142056057e-04,4.5221642388e-05,5.5597397020e+00,1,0,4.5221642388e-05,5.5597397020e+00,1,0
5.7207692308e-01,5.0860636927e-01,2.4963736958e-04,4.5283742152e-05,5.5127371925e+00,1,0,4.5283742152e-05,5.5127371925e+00,1,0
5.7207692308e-01,5.3980395744e-01,2.3844428108e-04,4.5533712321e-05,5.2366536556e+00,1,0,4.5533712321e-05,5.2366536556e+00,1,0
5.7207692308e-01,5.7291518563e-01,2.1763594625e-04,4.5869336659e-05,4.7446935600e+00,1,0,4.5869336659e-05,4.7446935600e+00,1,0
5.7207692308e-01,6.0805743530e-01,1.9111141930e-04,4.6155445509e-05,4.1406039350e+00,1,0,4.6155445509e-05,4.1406039350e+00,1,0
5.7207692308e-01,6.4535528801e-01,1.7333132870e-04,4.6410930752e-05,3.7347091706e+00,1,0,4.6410930752e-05,3.7347091706e+00,1,0
5.7207692308e-01,6.8494096706e-01,2.1222672087e-04,4.6845603295e-05,4.5303444921e+00,1,0,4.6845603295e-05,4.5303444921e+00,1,0
5.7207692308e-01,7.2695480624e-01,2.9565251061e-04,4.7478098547e-05,6.2271346085e+00,1,0,4.7478098547e-05,6.2271346085e+00,1,0
5.7207692308e-01,7.7154574735e-01,3.6234329686e-04,4.8155433135e-05,7.5244530735e+00,1,0,4.8155433135e-05,7.5244530735e+00,1,0
5.7207692308e-01,8.1887186816e-01,3.8395980858e-04,4.7646618702e-05,8.0584901728e+00,1,0,4.7646618702e-05,8.0584901728e+00,1,0
5.7207692308e-01,8.6910094284e-01,2.6796089460e-04,4.7267806259e-05,5.6689936725e+00,1,0,4.7267806259e-05,5.6689936725e+00,1,0
5.7207692308e-01,9.2241103671e-01,4.7998928291e-04,4.8744088500e-05,9.8471280863e+00,1,0,4.8744088500e-05,9.8471280863e+00,1,0
5.7207692308e-01,9.7899113751e-01,5.1406918552e-04,4.0915690044e-05,1.2564108902e+01,1,0,4.0915690044e-05,1.2564108902e+01,1,0
5.7207692308e-01,1.0390418254e+00,5.3560172505e-04,2.9387509257e-05,1.8225488944e+01,1,0,2.9387509257e-05,1.8225488944e+01,1,0
5.7207692308e-01,1.1027759839e+00,5.4856655452e-04,2.8702293987e-05,1.9112289588e+01,1,0,2.8702293987e-05,1.9112289588e+01,1,0
5.7207692308e-01,1.1704195547e+00,5.5356976871e-04,2.8159774929e-05,1.9658174474e+01,1,0,2.8159774929e-05,1.9658174474e+01,1,0
5.7207692308e-01,1.2422123388e+00,5.5423930916e-04,2.7691139479e-05,2.0015041620e+01,1,0,2.7691139479e-05,2.0015041620e+01,1,0
5.7207692308e-01,1.3184088462e+00,5.6646406000e-04,2.8151259089e-05,2.0122157173e+01,1,0,2.8151259089e-05,2.0122157173e+01,1,0
5.7207692308e-01,1.3992791984e+00,5.8390226442e-04,2.8079952868e-05,2.0794275089e+01,1,0,2.8079952868e-05,2.0794275089e+01,1,0
5.7207692308e-01,1.4851100861e+00,6.3212827010e-04,2.8046566566e-05,2.2538526012e+01,1,0,2.8046566566e-05,2.2538526012e+01,1,0
5.7207692308e-01,1.5762057853e+00,6.8433738693e-04,2.8161372855e-05,2.4300569098e+01,1,0,2.8161372855e-05,2.4300569098e+01,1,0
5.7207692308e-01,1.6728892362e+00,7.2231054707e-04,2.8309148539e-05,2.5515092624e+01,1,0,2.8309148539e-05,2.5515092624e+01,1,0
5.7207692308e-01,1.7755031880e+00,7.5489906559e-04,2.8481209068e-05,2.6505162186e+01,1,0,2.8481209068e-05,2.6505162186e+01,1,0
5.7207692308e-01,1.8844114137e+00,7.9705965569e-04,2.8669697979e-05,2.7801466770e+01,1,0,2.8669697979e-05,2.7801466770e+01,1,0
5.7207692308e-01,2.0000000000e+00,8.4811798335e-04,2.8931670633e-05,2.9314518132e+01,1,0,2.8931670633e-05,2.9314518132e+01,1,0
5.7461538462e-01,1.0000000000e-02,7.9757350310e-06,3.1174934593e-06,2.5583806783e+00,1,0,3.1174934593e-06,2.5583806783e+00,1,0
5.7461538462e-01,1.0613393580e-02,8.4662049345e-06,3.3080489132e-06,2.5592744112e+00,1,0,3.3080489132e-06,2.5592744112e+00,1,0
5.7461538462e-01,1.1264412328e-02,8.9868364125e-06,3.5166389750e-06,2.5555186291e+00,1,0,3.5166389750e-06,2.5555186291e+00,1,0
5.7461538462e-01,1.1955364149e-02,9.5394842589e-06,3.7405521312e-06,2.5502877448e+00,1,0,3.7405521312e-06,2.5502877448e+00,1,0
5.7461538462e-01,1.2688698510e-02,1.0126117329e-05,4.0071463430e-06,2.5270146039e+00,1,0,4.0071463430e-06,2.5270146039e+00,1,0
5.7461538462e-01,1.3467015131e-02,1.0748825552e-05,4.3503187798e-06,2.4708133118e+00,1,0,4.3503187798e-06,2.4708133118e+00,1,0
5.7461538462e-01,1.4293073193e-02,1.1409827379e-05,4.7305618739e-06,2.4119391487e+00,1,0,4.7305618739e-06,2.4119391487e+00,1,0
5.7461538462e-01,1.5169801127e-02,1.2111477686e-05,5.1537388418e-06,2.3500371396e+00,1,0,5.1537388418e-06,2.3500371396e+00,1,0
5.7461538462e-01,1.6100306989e-02,1.2856276162e-05,5.6504843224e-06,2.2752520719e+00,1,0,5.6504843224e-06,2.2752520719e+00,1,0
5.7461538462e-01,1.7087889483e-02,1.3646876213e-05,6.2443833933e-06,2.1854641770e+00,1,0,6.2443833933e-06,2.1854641770e+00,1,0
5.7461538462e-01,1.8136049653e-02,1.4486094421e-05,6.9025024571e-06,2.0986728380e+00,1,0,6.9025024571e-06,2.0986728380e+00,1,0
5.7461538462e-01,1.9248503296e-02,1.5465243743e-05,7.6456209448e-06,2.0227583678e+00,1,0,7.6456209448e-06,2.0227583678e+00,1,0
5.7461538462e-01,2.0429194130e-02,1.6510576079e-05,8.4702498498e-06,1.9492431005e+00,1,0,8.4702498498e-06,1.9492431005e+00,1,0
5.7461538462e-01,2.1682307783e-02,1.7491339796e-05,9.4173603560e-06,1.8573505881e+00,1,0,9.4173603560e-06,1.8573505881e+00,1,0
5.7461538462e-01,2.3012286622e-02,1.8530362985e-05,1.0501918898e-05,1.7644740132e+00,1,0,1.0501918898e-05,1.7644740132e+00,1,0
5.7461538462e-01,2.4423845509e-02,1.9783667240e-05,1.1725490560e-05,1.6872357825e+00,1,0,1.1725490560e-05,1.6872357825e+00,1,0
5.7461538462e-01,2.5921988513e-02,2.1121738941e-05,1.3103017384e-05,1.6119751903e+00,1,0,1.3103017384e-05,1.6119751903e+00,1,0
5.7461538462e-01,2.7512026646e-02,2.2374209186e-05,1.4731485300e-05,1.5188019897e+00,1,0,1.4731485300e-05,1.5188019897e+00,1,0
5.7461538462e-01,2.9199596698e-02,2.3700948017e-05,1.6564123189e-05,1.4308604051e+00,1,0,1.6564123189e-05,1.4308604051e+00,1,0
5.7461538462e-01,3.0990681213e-02,2.5331699962e-05,1.8626640098e-05,1.3599715154e+00,1,0,1.8626640098e-05,1.3599715154e+00,1,0
5.7461538462e-01,3.2891629703e-02,2.7074656359e-05,2.1007566014e-05,1.2888050115e+00,1,0,2.1007566014e-05,1.2888050115e+00,1,0
5.7461538462e-01,3.4909181152e-02,2.8688785287e-05,2.3794367579e-05,1.2056964823e+00,1,0,2.3794367579e-05,1.2056964823e+00,1,0
5.7461538462e-01,3.7050487912e-02,3.0399144881e-05,2.7057566366e-05,1.1234988569e+00,1,0,2.5882509683e-05,1.1745053031e+00,1,0
5.7461538462e-01,3.9323141054e-02,3.2501047462e-05,3.0809712166e-05,1.0548961732e+00,1,0,2.2222455677e-05,1.4625317712e+00,1,0
5.7461538462e-01,4.1735197281e-02,3.4748282897e-05,3.4820996450e-05,9.9791178999e-01,1,1,1.9689749813e-05,1.7647904735e+00,1,0
5.7461538462e-01,4.4295207488e-02,3.6805776086e-05,3.9288970236e-05,9.3679665986e-01,1,1,1.7560634781e-05,2.0959251499e+00,1,0
5.7461538462e-01,4.7012247078e-02,3.8985096252e-05,3.8979588697e-05,1.0001412933e+00,1,0,1.6441185770e-05,2.3711851929e+00,1,0
5.7461538462e-01,4.9895948132e-02,4.1693023980e-05,3.8778783067e-05,1.0751503962e+00,1,0,1.4928861920e-05,2.7927797981e+00,1,0
5.7461538462e-01,5.2956533557e-02,4.4589045961e-05,3.9408575697e-05,1.1314554046e+00,1,0,1.4362859706e-05,3.1044685302e+00,1,0
5.7461538462e-01,5.6204853327e-02,4.7208415600e-05,4.1233678063e-05,1.1448994564e+00,1,0,1.3816730768e-05,3.4167572918e+00,1,0
5.7461538462e-01,5.9652422947e-02,4.9981659293e-05,4.2735848389e-05,1.1695487788e+00,1,0,1.3604030382e-05,3.6740332012e+00,1,0
5.7461538462e-01,6.3311464273e-02,5.3486278872e-05,4.4288901967e-05,1.2076677564e+00,1,0,1.3608377624e-05,3.9303934936e+00,1,0
5.7461538462e-01,6.7194948846e-02,5.6918765342e-05,4.5990332537e-05,1.2376245659e+00,1,0,1.3930477873e-05,4.0859162090e+00,1,0
5.7461538462e-01,7.1316643869e-02,6.0571531922e-05,1.3438761191e-05,4.5072258568e+00,1,0,1.3438761191e-05,4.5072258568e+00,1,0
5.7461538462e-01,7.5691161018e-02,6.4458715105e-05,1.3105077815e-05,4.9186060561e+00,1,0,1.3105077815e-05,4.9186060561e+00,1,0
5.7461538462e-01,8.0334008241e-02,6.8595358598e-05,1.2538907918e-05,5.4706007130e+00,1,0,1.2538907918e-05,5.4706007130e+00,1,0
5.7461538462e-01,8.5261644732e-02,7.2997471538e-05,1.2192168728e-05,5.9872425626e+00,1,0,1.2192168728e-05,5.9872425626e+00,1,0
5.7461538462e-01,9.0491539282e-02,7.7682090447e-05,1.2429043463e-05,6.2500457642e+00,1,0,1.2429043463e-05,6.2500457642e+00,1,0
5.7461538462e-01,9.6042232206e-02,8.2667345171e-05,1.2506691435e-05,6.6098492637e+00,1,0,1.2506691435e-05,6.6098492637e+00,1,0
5.7461538462e-01,1.0193340107e-01,8.7972529039e-05,1.2626068623e-05,6.9675313565e+00,1,0,1.2626068623e-05,6.9675313565e+00,1,0
5.7461538462e-01,1.0818593045e-01,9.3618173530e-05,1.2991943416e-05,7.2058637060e+00,1,0,1.2991943416e-05,7.2058637060e+00,1,0
5.7461538462e-01,1.1482198597e-01,9.9626127733e-05,1.3499495693e-05,7.3799888528e+00,1,0,1.3499495693e-05,7.3799888528e+00,1,0
5.7461538462e-01,1.2186509287e-01,1.0601964291e-04,1.4058878685e-05,7.5411165627e+00,1,0,1.4058878685e-05,7.5411165627e+00,1,0
5.7461538462e-01,1.2934021943e-01,1.1282346246e-04,1.4664580498e-05,7.6936031324e+00,1,0,1.4664580498e-05,7.6936031324e+00,1,0
5.7461538462e-01,1.3727386545e-01,1.2006391770e-04,1.5507977032e-05,7.7420747693e+00,1,0,1.5507977032e-05,7.7420747693e+00,1,0
5.7461538462e-01,1.4569415623e-01,1.2776902977e-04,1.6550692599e-05,7.7198600001e+00,1,0,1.6550692599e-05,7.7198600001e+00,1,0
5.7461538462e-01,1.5463094224e-01,1.3596861806e-04,1.7717338757e-05,7.6743251302e+00,1,0,1.7717338757e-05,7.6743251302e+00,1,0
5.7461538462e-01,1.6411590496e-01,1.4469441563e-04,1.9334487914e-05,7.4837469847e+00,1,0,1.9334487914e-05,7.4837469847e+00,1,0
5.7461538462e-01,1.7418266921e-01,1.5059531041e-04,2.1099643224e-05,7.1373391869e+00,1,0,2.1099643224e-05,7.1373391869e+00,1,0
5.7461538462e-01,1.8486692231e-01,1.4029691644e-04,2.3260398230e-05,6.0315784386e+00,1,0,2.3260398230e-05,6.0315784386e+00,1,0
5.7461538462e-01,1.9620654064e-01,1.3890034301e-04,2.5684383288e-05,5.4079687822e+00,1,0,2.5684383288e-05,5.4079687822e+00,1,0
5.7461538462e-01,2.0824172388e-01,1.4254606263e-04,2.8361425397e-05,5.0260542491e+00,1,0,2.8361425397e-05,5.0260542491e+00,1,0
5.7461538462e-01,2.2101513753e-01,1.4829295949e-04,3.1509850849e-05,4.7062412387e+00,1,0,3.1509850849e-05,4.7062412387e+00,1,0
5.7461538462e-01,2.3457206418e-01,1.5541142019e-04,3.5084932954e-05,4.4295772318e+00,1,0,3.5084932954e-05,4.4295772318e+00,1,0
5.7461538462e-01,2.4896056400e-01,1.6287158614e-04,3.9066162045e-05,4.1691217568e+00,1,0,3.9066162045e-05,4.1691217568e+00,1,0
5.7461538462e-01,2.6423164516e-01,1.7068986010e-04,4.3499704203e-05,3.9239315125e+00,1,0,4.3499704203e-05,3.9239315125e+00,1,0
5.7461538462e-01,2.8043944464e-01,1.8001614137e-04,4.5588774959e-05,3.9486944218e+00,1,0,4.5588774959e-05,3.9486944218e+00,1,0
5.7461538462e-01,2.9764142013e-01,1.8985199903e-04,4.5431690035e-05,4.1788451824e+00,1,0,4.5431690035e-05,4.1788451824e+00,1,0
5.7461538462e-01,3.1589855375e-01,1.9865900587e-04,4.5407311817e-05,4.3750444129e+00,1,0,4.5407311817e-05,4.3750444129e+00,1,0
5.7461538462e-01,3.3527556823e-01,2.0787455921e-04,4.5410082067e-05,4.5777182014e+00,1,0,4.5410082067e-05,4.5777182014e+00,1,0
5.7461538462e-01,3.5584115634e-01,2.1751761103e-04,4.5435605665e-05,4.7873822268e+00,1,0,4.5435605665e-05,4.7873822268e+00,1,0
5.7461538462e-01,3.7766822442e-01,2.2760799247e-04,4.5484820733e-05,5.0040428609e+00,1,0,4.5484820733e-05,5.0040428609e+00,1,0
5.7461538462e-01,4.0083415084e-01,2.3816645462e-04,4.5178437982e-05,5.2716841320e+00,1,0,4.5178437982e-05,5.2716841320e+00,1,0
5.7461538462e-01,4.2542106032e-01,2.4711810510e-04,4.4910281345e-05,5.5024840125e+00,1,0,4.4910281345e-05,5.5024840125e+00,1,0
5.7461538462e-01,4.5151611504e-01,2.5368380043e-04,4.4826866909e-05,5.6591909700e+00,1,0,4.4826866909e-05,5.6591909700e+00,1,0
5.7461538462e-01,4.7921182366e-01,2.5722319548e-04,4.4826583074e-05,5.7381843057e+00,1,0,4.4826583074e-05,5.7381843057e+00,1,0
5.7461538462e-01,5.0860636927e-01,2.5461982420e-04,4.4890246897e-05,5.6720522118e+00,1,0,4.4890246897e-05,5.6720522118e+00,1,0
5.7461538462e-01,5.3980395744e-01,2.4249064334e-04,4.5155914617e-05,5.3700748926e+00,1,0,4.5155914617e-05,5.3700748926e+00,1,0
5.7461538462e-01,5.7291518563e-01,2.2040394149e-04,4.5491023930e-05,4.8449984733e+00,1,0,4.5491023930e-05,4.8449984733e+00,1,0
5.7461538462e-01,6.0805743530e-01,1.9350893714e-04,4.5766220082e-05,4.2282044878e+00,1,0,4.5766220082e-05,4.2282044878e+00,1,0
5.7461538462e-01,6.4535528801e-01,1.7655254794e-04,4.6021979072e-05,3.8362658778e+00,1,0,4.6021979072e-05,3.8362658778e+00,1,0
5.7461538462e-01,6.8494096706e-01,2.2771615470e-04,4.6477768268e-05,4.8994640488e+00,1,0,4.6477768268e-05,4.8994640488e+00,1,0
5.7461538462e-01,7.2695480624e-01,3.0761732386e-04,4.7107910732e-05,6.5300566101e+00,1,0,4.7107910732e-05,6.5300566101e+00,1,0
5.7461538462e-01,7.7154574735e-01,3.7496481025e-04,4.7782676592e-05,7.8472960703e+00,1,0,4.7782676592e-05,7.8472960703e+00,1,0
5.7461538462e-01,8.1887186816e-01,3.8817661690e-04,4.7180583300e-05,8.2274654054e+00,1,0,4.7180583300e-05,8.2274654054e+00,1,0
5.7461538462e-01,8.6910094284e-01,2.6818415221e-04,4.6957079512e-05,5.7112613262e+00,1,0,4.6957079512e-05,5.7112613262e+00,1,0
5.7461538462e-01,9.2241103671e-01,4.9427568666e-04,4.8426574363e-05,1.0206703513e+01,1,0,4.8426574363e-05,1.0206703513e+01,1,0
5.7461538462e-01,9.7899113751e-01,5.2745259156e-04,3.8466864343e-05,1.3711868658e+01,1,0,3.8466864343e-05,1.3711868658e+01,1,0
5.7461538462e-01,1.0390418254e+00,5.4890268900e-04,2.9074490778e-05,1.8879184959e+01,1,0,2.9074490778e-05,1.8879184959e+01,1,0
5.7461538462e-01,1.1027759839e+00,5.6174800683e-04,2.8408058635e-05,1.9774248358e+01,1,0,2.8408058635e-05,1.9774248358e+01,1,0
5.7461538462e-01,1.1704195547e+00,5.6592397868e-04,2.7873022069e-05,2.0303646203e+01,1,0,2.7873022069e-05,2.0303646203e+01,1,0
5.7461538462e-01,1.2422123388e+00,5.7013099424e-04,2.7479854863e-05,2.0747234550e+01,1,0,2.7479854863e-05,2.0747234550e+01,1,0
5.7461538462e-01,1.3184088462e+00,5.8035124396e-04,2.7938276954e-05,2.0772621193e+01,1,0,2.7938276954e-05,2.0772621193e+01,1,0
5.7461538462e-01,1.3992791984e+00,5.9938698666e-04,2.7816405771e-05,2.1547966750e+01,1,0,2.7816405771e-05,2.1547966750e+01,1,0
5.7461538462e-01,1.4851100861e+00,6.5069448232e-04,2.7806913280e-05,2.3400457137e+01,1,0,2.7806913280e-05,2.3400457137e+01,1,0
5.7461538462e-01,1.5762057853e+00,7.0639389702e-04,2.7922576204e-05,2.5298306713e+01,1,0,2.7922576204e-05,2.5298306713e+01,1,0
5.7461538462e-01,1.6728892362e+00,7.4063236468e-04,2.8072257561e-05,2.6383071011e+01,1,0,2.8072257561e-05,2.6383071011e+01,1,0
5.7461538462e-01,1.7755031880e+00,7.7653034932e-04,2.8242103427e-05,2.7495485644e+01,1,0,2.8242103427e-05,2.7495485644e+01,1,0
5.7461538462e-01,1.8844114137e+00,8.1934291433e-04,2.8434855752e-05,2.8814737851e+01,1,0,2.8434855752e-05,2.8814737851e+01,1,0
5.7461538462e-01,2.0000000000e+00,8.7010830752e-04,2.8699236654e-05,3.0318169016e+01,1,0,2.8699236654e-05,3.0318169016e+01,1,0
5.7715384615e-01,1.0000000000e-02,8.1762260517e-06,3.1034042227e-06,2.6345991257e+00,1,0,3.1034042227e-06,2.6345991257e+00,1,0
5.7715384615e-01,1.0613393580e-02,8.6792621888e-06,3.2938973990e-06,2.6349521972e+00,1,0,3.2938973990e-06,2.6349521972e+00,1,0
5.7715384615e-01,1.1264412328e-02,9.2132472447e-06,3.5015285483e-06,2.6312072335e+00,1,0,3.5015285483e-06,2.6312072335e+00,1,0
5.7715384615e-01,1.1955364149e-02,9.7800853281e-06,3.7264031773e-06,2.6245376205e+00,1,0,3.7264031773e-06,2.6245376205e+00,1,0
5.7715384615e-01,1.2688698510e-02,1.0381797697e-05,3.9930465254e-06,2.5999691290e+00,1,0,3.9930465254e-06,2.5999691290e+00,1,0
5.7715384615e-01,1.3467015131e-02,1.1020529965e-05,4.3389430932e-06,2.5399111553e+00,1,0,4.3389430932e-06,2.5399111553e+00,1,0
5.7715384615e-01,1.4293073193e-02,1.1698559754e-05,4.7182618454e-06,2.4794214770e+00,1,0,4.7182618454e-06,2.4794214770e+00,1,0
5.7715384615e-01,1.5169801127e-02,1.2418304813e-05,5.1415593878e-06,2.4152798552e+00,1,0,5.1415593878e-06,2.4152798552e+00,1,0
5.7715384615e-01,1.6100306989e-02,1.3182331645e-05,5.6424562416e-06,2.3362753879e+00,1,0,5.6424562416e-06,2.3362753879e+00,1,0
5.7715384615e-01,1.7087889483e-02,1.3993364650e-05,6.2355903933e-06,2.2441122280e+00,1,0,6.2355903933e-06,2.2441122280e+00,1,0
5.7715384615e-01,1.8136049653e-02,1.4854295850e-05,6.8936971072e-06,2.1547647973e+00,1,0,6.8936971072e-06,2.1547647973e+00,1,0
5.7715384615e-01,1.9248503296e-02,1.5861673832e-05,7.6361703304e-06,2.0771765355e+00,1,0,7.6361703304e-06,2.0771765355e+00,1,0
5.7715384615e-01,2.0429194130e-02,1.6937369451e-05,8.4598709457e-06,2.0020836677e+00,1,0,8.4598709457e-06,2.0020836677e+00,1,0
5.7715384615e-01,2.1682307783e-02,1.7940403380e-05,9.4094197605e-06,1.9066429001e+00,1,0,9.4094197605e-06,1.9066429001e+00,1,0
5.7715384615e-01,2.3012286622e-02,1.9002837151e-05,1.0495118797e-05,1.8106357364e+00,1,0,1.0495118797e-05,1.8106357364e+00,1,0
5.7715384615e-01,2.4423845509e-02,2.0292149548e-05,1.1717568810e-05,1.7317713152e+00,1,0,1.1717568810e-05,1.7317713152e+00,1,0
5.7715384615e-01,2.5921988513e-02,2.1668939749e-05,1.3101105878e-05,1.6539779123e+00,1,0,1.3101105878e-05,1.6539779123e+00,1,0
5.7715384615e-01,2.7512026646e-02,2.2950446079e-05,1.4729456544e-05,1.5581325767e+00,1,0,1.4729456544e-05,1.5581325767e+00,1,0
5.7715384615e-01,2.9199596698e-02,2.4307741004e-05,1.6561969991e-05,1.4676841594e+00,1,0,1.6561969991e-05,1.4676841594e+00,1,0
5.7715384615e-01,3.0990681213e-02,2.5985874713e-05,1.8624354824e-05,1.3952630821e+00,1,0,1.8624354824e-05,1.3952630821e+00,1,0
5.7715384615e-01,3.2891629703e-02,2.7779861753e-05,2.1012174118e-05,1.3220841212e+00,1,0,2.1012174118e-05,1.3220841212e+00,1,0
5.7715384615e-01,3.4909181152e-02,2.9430881811e-05,2.3809492508e-05,1.2360986612e+00,1,0,2.3809492508e-05,1.2360986612e+00,1,0
5.7715384615e-01,3.7050487912e-02,3.1180025728e-05,2.7080982134e-05,1.1513624422e+00,1,0,2.5435986007e-05,1.2258233559e+00,1,0
5.7715384615e-01,3.9323141054e-02,3.3342829119e-05,3.0818880887e-05,1.0818961675e+00,1,0,2.1942150360e-05,1.5195789188e+00,1,0
5.7715384615e-01,4.1735197281e-02,3.5655655431e-05,3.4830969833e-05,1.0236767911e+00,1,0,1.9450219170e-05,1.8331749950e+00,1,0
5.7715384615e-01,4.4295207488e-02,3.7760109943e-05,3.8952819747e-05,9.6938065559e-01,1,1,1.7120376957e-05,2.2055653353e+00,1,0
5.7715384615e-01,4.7012247078e-02,3.9988772769e-05,3.8628634375e-05,1.0352106259e+00,1,0,1.6193366852e-05,2.4694538903e+00,1,0
5.7715384615e-01,4.9895948132e-02,4.2775252714e-05,3.8444605908e-05,1.1126464091e+00,1,0,1.4756289738e-05,2.8987810265e+00,1,0
5.7715384615e-01,5.2956533557e-02,4.5755898920e-05,3.9204045840e-05,1.1671218605e+00,1,0,1.4188403333e-05,3.2248800548e+00,1,0
5.7715384615e-01,5.6204853327e-02,4.8435199219e-05,4.0980273875e-05,1.1819149712e+00,1,0,1.3671439585e-05,3.5428016865e+00,1,0
5.7715384615e-01,5.9652422947e-02,5.1557038283e-05,4.2472787088e-05,1.2138840377e+00,1,0,1.3484921731e-05,3.8233101615e+00,1,0
5.7715384615e-01,6.3311464273e-02,5.4880092151e-05,4.4016442899e-05,1.2468088863e+00,1,0,1.3489280583e-05,4.0684224642e+00,1,0
5.7715384615e-01,6.7194948846e-02,5.8417329909e-05,4.5733654980e-05,1.2773378802e+00,1,0,1.3834157643e-05,4.2226878873e+00,1,0
5.7715384615e-01,7.1316643869e-02,6.2182556551e-05,1.3317100349e-05,4.6693765850e+00,1,0,1.3317100349e-05,4.6693765850e+00,1,0
5.7715384615e-01,7.5691161018e-02,6.6190466857e-05,1.2950030946e-05,5.1112207480e+00,1,0,1.2950030946e-05,5.1112207480e+00,1,0
5.7715384615e-01,8.0334008241e-02,7.0456702743e-05,1.2386849197e-05,5.6880245833e+00,1,0,1.2386849197e-05,5.6880245833e+00,1,0
5.7715384615e-01,8.5261644732e-02,7.4997914310e-05,1.2085978184e-05,6.2053656866e+00,1,0,1.2085978184e-05,6.2053656866e+00,1,0
5.7715384615e-01,9.0491539282e-02,7.9831824820e-05,1.2359737647e-05,6.4590226025e+00,1,0,1.2359737647e-05,6.4590226025e+00,1,0
5.7715384615e-01,9.6042232206e-02,8.4977299873e-05,1.2365801114e-05,6.8719607483e+00,1,0,1.2365801114e-05,6.8719607483e+00,1,0
5.7715384615e-01,1.0193340107e-01,9.0454421027e-05,1.2533109984e-05,7.2172366747e+00,1,0,1.2533109984e-05,7.2172366747e+00,1,0
5.7715384615e-01,1.0818593045e-01,9.6284564179e-05,1.2914492763e-05,7.4555436240e+00,1,0,1.2914492763e-05,7.4555436240e+00,1,0
5.7715384615e-01,1.1482198597e-01,1.0249048298e-04,1.3419046897e-05,7.6376872196e+00,1,0,1.3419046897e-05,7.6376872196e+00,1,0
5.7715384615e-01,1.2186509287e-01,1.0909639766e-04,1.3979061815e-05,7.8042717823e+00,1,0,1.3979061815e-05,7.8042717823e+00,1,0
5.7715384615e-01,1.2934021943e-01,1.1612808952e-04,1.4581351528e-05,7.9641512855e+00,1,0,1.4581351528e-05,7.9641512855e+00,1,0
5.7715384615e-01,1.3727386545e-01,1.2361300157e-04,1.5446094193e-05,8.0028646742e+00,1,0,1.5446094193e-05,8.0028646742e+00,1,0
5.7715384615e-01,1.4569415623e-01,1.3158034563e-04,1.6484675729e-05,7.9819796154e+00,1,0,1.6484675729e-05,7.9819796154e+00,1,0
5.7715384615e-01,1.5463094224e-01,1.4006121636e-04,1.7675767961e-05,7.9239112365e+00,1,0,1.7675767961e-05,7.9239112365e+00,1,0
5.7715384615e-01,1.6411590496e-01,1.4908871255e-04,1.9289150632e-05,7.7291486492e+00,1,0,1.9289150632e-05,7.7291486492e+00,1,0
5.7715384615e-01,1.7418266921e-01,1.5379963333e-04,2.1050195536e-05,7.3063280134e+00,1,0,2.1050195536e-05,7.3063280134e+00,1,0
5.7715384615e-01,1.8486692231e-01,1.4265113057e-04,2.3226081069e-05,6.1418510572e+00,1,0,2.3226081069e-05,6.1418510572e+00,1,0
5.7715384615e-01,1.9620654064e-01,1.4206417901e-04,2.5646520977e-05,5.5393158058e+00,1,0,2.5646520977e-05,5.5393158058e+00,1,0
5.7715384615e-01,2.0824172388e-01,1.4597635023e-04,2.8319649100e-05,5.1545960090e+00,1,0,2.8319649100e-05,5.1545960090e+00,1,0
5.7715384615e-01,2.2101513753e-01,1.5198135212e-04,3.1482802725e-05,4.8274403474e+00,1,0,3.1482802725e-05,4.8274403474e+00,1,0
5.7715384615e-01,2.3457206418e-01,1.5934076884e-04,3.5054851546e-05,4.5454697941e+00,1,0,3.5054851546e-05,4.5454697941e+00,1,0
5.7715384615e-01,2.4896056400e-01,1.6705655174e-04,3.9032704519e-05,4.2799122890e+00,1,0,3.9032704519e-05,4.2799122890e+00,1,0
5.7715384615e-01,2.6423164516e-01,1.7514595721e-04,4.3462488838e-05,4.0298188596e+00,1,0,4.3462488838e-05,4.0298188596e+00,1,0
5.7715384615e-01,2.8043944464e-01,1.8362707721e-04,4.5176391595e-05,4.0646689726e+00,1,0,4.5176391595e-05,4.0646689726e+00,1,0
5.7715384615e-01,2.9764142013e-01,1.9383724607e-04,4.5025565121e-05,4.3050485997e+00,1,0,4.5025565121e-05,4.3050485997e+00,1,0
5.7715384615e-01,3.1589855375e-01,2.0461512832e-04,4.5008215490e-05,4.5461728728e+00,1,0,4.5008215490e-05,4.5461728728e+00,1,0
5.7715384615e-01,3.3527556823e-01,2.1366906320e-04,4.5012600553e-05,4.7468722218e+00,1,0,4.5012600553e-05,4.7468722218e+00,1,0
5.7715384615e-01,3.5584115634e-01,2.2312362211e-04,4.5039606463e-05,4.9539425325e+00,1,0,4.5039606463e-05,4.9539425325e+00,1,0
5.7715384615e-01,3.7766822442e-01,2.3299653210e-04,4.5067885692e-05,5.1699015501e+00,1,0,4.5067885692e-05,5.1699015501e+00,1,0
5.7715384615e-01,4.0083415084e-01,2.4330630463e-04,4.4760030351e-05,5.4357940046e+00,1,0,4.4760030351e-05,5.4357940046e+00,1,0
5.7715384615e-01,4.2542106032e-01,2.5407227025e-04,4.4509072545e-05,5.7083254205e+00,1,0,4.4509072545e-05,5.7083254205e+00,1,0
5.7715384615e-01,4.5151611504e-01,2.5937743831e-04,4.4428350733e-05,5.8381063899e+00,1,0,4.4428350733e-05,5.8381063899e+00,1,0
5.7715384615e-01,4.7921182366e-01,2.6293565741e-04,4.4436845470e-05,5.9170639732e+00,1,0,4.4436845470e-05,5.9170639732e+00,1,0
5.7715384615e-01,5.0860636927e-01,2.5941830216e-04,4.4502039848e-05,5.8293575542e+00,1,0,4.4502039848e-05,5.8293575542e+00,1,0
5.7715384615e-01,5.3980395744e-01,2.4633898524e-04,4.4783059027e-05,5.5007181420e+00,1,0,4.4783059027e-05,5.5007181420e+00,1,0
5.7715384615e-01,5.7291518563e-01,2.2295240179e-04,4.5117647324e-05,4.9415786285e+00,1,0,4.5117647324e-05,4.9415786285e+00,1,0
5.7715384615e-01,6.0805743530e-01,1.9581128063e-04,4.5382145746e-05,4.3147206333e+00,1,0,4.5382145746e-05,4.3147206333e+00,1,0
5.7715384615e-01,6.4535528801e-01,1.7972748327e-04,4.5638160473e-05,3.9380965710e+00,1,0,4.5638160473e-05,3.9380965710e+00,1,0
5.7715384615e-01,6.8494096706e-01,2.4072973861e-04,4.6114610817e-05,5.2202487314e+00,1,0,4.6114610817e-05,5.2202487314e+00,1,0
5.7715384615e-01,7.2695480624e-01,3.1985042439e-04,4.6742416042e-05,6.8428303771e+00,1,0,4.6742416042e-05,6.8428303771e+00,1,0
5.7715384615e-01,7.7154574735e-01,3.8725916607e-04,4.7351851400e-05,8.1783320953e+00,1,0,4.7351851400e-05,8.1783320953e+00,1,0
5.7715384615e-01,8.1887186816e-01,3.9127146015e-04,4.6721332835e-05,8.3745783008e+00,1,0,4.6721332835e-05,8.3745783008e+00,1,0
5.7715384615e-01,8.6910094284e-01,2.7194667884e-04,4.6649957545e-05,5.8295161058e+00,1,0,4.6649957545e-05,5.8295161058e+00,1,0
5.7715384615e-01,9.2241103671e-01,5.0821422117e-04,4.8112730550e-05,1.0562988535e+01,1,0,4.8112730550e-05,1.0562988535e+01,1,0
5.7715384615e-01,9.7899113751e-01,5.4073362054e-04,3.6070621384e-05,1.4990970485e+01,1,0,3.6070621384e-05,1.4990970485e+01,1,0
5.7715384615e-01,1.0390418254e+00,5.6203226051e-04,2.8766297320e-05,1.9537872888e+01,1,0,2.8766297320e-05,1.9537872888e+01,1,0
5.7715384615e-01,1.1027759839e+00,5.7464579582e-04,2.8118248425e-05,2.0436756484e+01,1,0,2.8118248425e-05,2.0436756484e+01,1,0
5.7715384615e-01,1.1704195547e+00,5.7814342058e-04,2.7590564651e-05,2.0954388861e+01,1,0,2.7590564651e-05,2.0954388861e+01,1,0
5.7715384615e-01,1.2422123388e+00,5.8166233390e-04,2.7271233376e-05,2.1328787220e+01,1,0,2.7271233376e-05,2.1328787220e+01,1,0
5.7715384615e-01,1.3184088462e+00,5.9418897964e-04,2.7727967810e-05,2.1429229279e+01,1,0,2.7727967810e-05,2.1429229279e+01,1,0
5.7715384615e-01,1.3992791984e+00,6.1494190145e-04,2.7556610980e-05,2.2315585247e+01,1,0,2.7556610980e-05,2.2315585247e+01,1,0
5.7715384615e-01,1.4851100861e+00,6.6923717137e-04,2.7570484594e-05,2.4273681846e+01,1,0,2.7570484594e-05,2.4273681846e+01,1,0
5.7715384615e-01,1.5762057853e+00,7.2832635164e-04,2.7686978454e-05,2.6305736210e+01,1,0,2.7686978454e-05,2.6305736210e+01,1,0
5.7715384615e-01,1.6728892362e+00,7.5911389761e-04,2.7838515532e-05,2.7268476178e+01,1,0,2.7838515532e-05,2.7268476178e+01,1,0
5.7715384615e-01,1.7755031880e+00,7.9120288350e-04,2.8006181966e-05,2.8251008454e+01,1,0,2.8006181966e-05,2.8251008454e+01,1,0
5.7715384615e-01,1.8844114137e+00,8.4208474747e-04,2.8203096281e-05,2.9857882946e+01,1,0,2.8203096281e-05,2.9857882946e+01,1,0
5.7715384615e-01,2.0000000000e+00,8.9623879881e-04,2.8469819459e-05,3.1480311988e+01,1,0,2.8469819459e-05,3.1480311988e+01,1,0
5.7969230769e-01,1.0000000000e-02,8.3756936520e-06,3.0894445309e-06,2.7110678209e+00,1,0,3.0894445309e-06,2.7110678209e+00,1,0
5.7969230769e-01,1.0613393580e-02,8.8912337532e-06,3.2798726308e-06,2.7108472657e+00,1,0,3.2798726308e-06,2.7108472657e+00,1,0
5.7969230769e-01,1.1264412328e-02,9.4385063420e-06,3.4865534828e-06,2.7071164658e+00,1,0,3.4865534828e-06,2.7071164658e+00,1,0
5.7969230769e-01,1.1955364149e-02,1.0019464614e-05,3.7125940608e-06,2.6987773106e+00,1,0,3.7125940608e-06,2.6987773106e+00,1,0
5.7969230769e-01,1.2688698510e-02,1.0636181989e-05,3.9806776592e-06,2.6719525920e+00,1,0,3.9806776592e-06,2.6719525920e+00,1,0
5.7969230769e-01,1.3467015131e-02,1.1290859508e-05,4.3276517161e-06,2.6090037389e+00,1,0,4.3276517161e-06,2.6090037389e+00,1,0
5.7969230769e-01,1.4293073193e-02,1.1985833691e-05,4.7060525579e-06,2.5468975418e+00,1,0,4.7060525579e-06,2.5468975418e+00,1,0
5.7969230769e-01,1.5169801127e-02,1.2723584876e-05,5.1294671372e-06,2.4804886230e+00,1,0,5.1294671372e-06,2.4804886230e+00,1,0
5.7969230769e-01,1.6100306989e-02,1.3506746069e-05,5.6344800977e-06,2.3971592472e+00,1,0,5.6344800977e-06,2.3971592472e+00,1,0
5.7969230769e-01,1.7087889483e-02,1.4338112344e-05,6.2268539120e-06,2.3026254586e+00,1,0,6.2268539120e-06,2.3026254586e+00,1,0
5.7969230769e-01,1.8136049653e-02,1.5220650818e-05,6.8851413369e-06,2.2106519058e+00,1,0,6.8851413369e-06,2.2106519058e+00,1,0
5.7969230769e-01,1.9248503296e-02,1.6256299756e-05,7.6267789849e-06,2.1314764448e+00,1,0,7.6267789849e-06,2.1314764448e+00,1,0
5.7969230769e-01,2.0429194130e-02,1.7362416688e-05,8.4495773539e-06,2.0548266453e+00,1,0,8.4495773539e-06,2.0548266453e+00,1,0
5.7969230769e-01,2.1682307783e-02,1.8387429373e-05,9.4015275047e-06,1.9557916906e+00,1,0,9.4015275047e-06,1.9557916906e+00,1,0
5.7969230769e-01,2.3012286622e-02,1.9472955005e-05,1.0488360135e-05,1.8566253212e+00,1,0,1.0488360135e-05,1.8566253212e+00,1,0
5.7969230769e-01,2.4423845509e-02,2.0798352921e-05,1.1709694772e-05,1.7761652482e+00,1,0,1.1709694772e-05,1.7761652482e+00,1,0
5.7969230769e-01,2.5921988513e-02,2.2213962088e-05,1.3099211114e-05,1.6958244199e+00,1,0,1.3099211114e-05,1.6958244199e+00,1,0
5.7969230769e-01,2.7512026646e-02,2.3524136004e-05,1.4727445556e-05,1.5972991320e+00,1,0,1.4727445556e-05,1.5972991320e+00,1,0
5.7969230769e-01,2.9199596698e-02,2.4911583648e-05,1.6559835650e-05,1.5043376139e+00,1,0,1.6559835650e-05,1.5043376139e+00,1,0
5.7969230769e-01,3.0990681213e-02,2.6637206364e-05,1.8622089564e-05,1.4304090995e+00,1,0,1.8622089564e-05,1.4304090995e+00,1,0
5.7969230769e-01,3.2891629703e-02,2.8482362780e-05,2.1016773358e-05,1.3552205324e+00,1,0,2.1016773358e-05,1.3552205324e+00,1,0
5.7969230769e-01,3.4909181152e-02,3.0169754441e-05,2.3824571704e-05,1.2663293517e+00,1,0,2.3824571704e-05,1.2663293517e+00,1,0
5.7969230769e-01,3.7050487912e-02,3.1957112901e-05,2.7104327196e-05,1.1790409948e+00,1,0,2.5041552263e-05,1.2761634169e+00,1,0
5.7969230769e-01,3.9323141054e-02,3.4180829785e-05,3.0826192690e-05,1.1088242433e+00,1,0,2.1666596683e-05,1.5775818549e+00,1,0
5.7969230769e-01,4.1735197281e-02,3.6559282699e-05,3.4843579954e-05,1.0492401397e+00,1,0,1.9214642123e-05,1.9026783047e+00,1,0
5.7969230769e-01,4.4295207488e-02,3.8710291513e-05,3.8559446459e-05,1.0039120130e+00,1,0,1.6913105661e-05,2.2887748878e+00,1,0
5.7969230769e-01,4.7012247078e-02,4.0987857485e-05,3.8280169946e-05,1.0707334252e+00,1,0,1.5950352015e-05,2.5697149157e+00,1,0
5.7969230769e-01,4.9895948132e-02,4.3852686254e-05,3.8114768810e-05,1.1505431522e+00,1,0,1.4586461522e-05,3.0063964580e+00,1,0
5.7969230769e-01,5.2956533557e-02,4.6917751004e-05,3.9001480297e-05,1.2029735960e+00,1,0,1.4016822074e-05,3.3472459561e+00,1,0
5.7969230769e-01,5.6204853327e-02,4.9656570815e-05,4.0729540870e-05,1.2191782611e+00,1,0,1.3528307819e-05,3.6705677813e+00,1,0
5.7969230769e-01,5.9652422947e-02,5.2858118316e-05,4.2212500651e-05,1.2521911164e+00,1,0,1.3367375521e-05,3.9542629914e+00,1,0
5.7969230769e-01,6.3311464273e-02,5.6266081731e-05,4.3746856158e-05,1.2861742916e+00,1,0,1.3395170617e-05,4.2004751815e+00,1,0
5.7969230769e-01,6.7194948846e-02,5.9893769475e-05,4.5479538291e-05,1.3169388196e+00,1,0,1.3738925149e-05,4.3594217763e+00,1,0
5.7969230769e-01,7.1316643869e-02,6.3755348011e-05,1.3197070682e-05,4.8310226978e+00,1,0,1.3197070682e-05,4.8310226978e+00,1,0
5.7969230769e-01,7.5691161018e-02,6.7865897164e-05,1.2797489680e-05,5.3030632459e+00,1,0,1.2797489680e-05,5.3030632459e+00,1,0
5.7969230769e-01,8.0334008241e-02,7.2241469016e-05,1.2237292269e-05,5.9033867485e+00,1,0,1.2237292269e-05,5.9033867485e+00,1,0
5.7969230769e-01,8.5261644732e-02,7.6899150584e-05,1.1981174843e-05,6.4183313897e+00,1,0,1.1981174843e-05,6.4183313897e+00,1,0
5.7969230769e-01,9.0491539282e-02,8.1857130552e-05,1.2291122183e-05,6.6598581751e+00,1,0,1.2291122183e-05,6.6598581751e+00,1,0
5.7969230769e-01,9.6042232206e-02,8.7134770298e-05,1.2227107990e-05,7.1263597546e+00,1,0,1.2227107990e-05,7.1263597546e+00,1,0
5.7969230769e-01,1.0193340107e-01,9.2752679501e-05,1.2441241265e-05,7.4552592883e+00,1,0,1.2441241265e-05,7.4552592883e+00,1,0
5.7969230769e-01,1.0818593045e-01,9.8732796622e-05,1.2837842693e-05,7.6907623022e+00,1,0,1.2837842693e-05,7.6907623022e+00,1,0
5.7969230769e-01,1.1482198597e-01,1.0509847458e-04,1.3339429393e-05,7.8787833785e+00,1,0,1.3339429393e-05,7.8787833785e+00,1,0
5.7969230769e-01,1.2186509287e-01,1.1187457195e-04,1.3900047322e-05,8.0485029552e+00,1,0,1.3900047322e-05,8.0485029552e+00,1,0
5.7969230769e-01,1.2934021943e-01,1.1908755001e-04,1.4498958973e-05,8.2135241733e+00,1,0,1.4498958973e-05,8.2135241733e+00,1,0
5.7969230769e-01,1.3727386545e-01,1.2676557614e-04,1.5384730139e-05,8.2397009894e+00,1,0,1.5384730139e-05,8.2397009894e+00,1,0
5.7969230769e-01,1.4569415623e-01,1.3493863375e-04,1.6419212080e-05,8.2183379500e+00,1,0,1.6419212080e-05,8.2183379500e+00,1,0
5.7969230769e-01,1.5463094224e-01,1.4363863938e-04,1.7634478427e-05,8.1453296150e+00,1,0,1.7634478427e-05,8.1453296150e+00,1,0
5.7969230769e-01,1.6411590496e-01,1.5289956738e-04,1.9244119912e-05,7.9452616213e+00,1,0,1.9244119912e-05,7.9452616213e+00,1,0
5.7969230769e-01,1.7418266921e-01,1.5684113149e-04,2.1005639780e-05,7.4666200665e+00,1,0,2.1005639780e-05,7.4666200665e+00,1,0
5.7969230769e-01,1.8486692231e-01,1.4510854478e-04,2.3191966933e-05,6.2568451052e+00,1,0,2.3191966933e-05,6.2568451052e+00,1,0
5.7969230769e-01,1.9620654064e-01,1.4520914997e-04,2.5608882487e-05,5.6702649968e+00,1,0,2.5608882487e-05,5.6702649968e+00,1,0
5.7969230769e-01,2.0824172388e-01,1.4939004456e-04,2.8278119577e-05,5.2828846753e+00,1,0,2.8278119577e-05,5.2828846753e+00,1,0
5.7969230769e-01,2.2101513753e-01,1.5564969304e-04,3.1455898782e-05,4.9481877508e+00,1,0,3.1455898782e-05,4.9481877508e+00,1,0
5.7969230769e-01,2.3457206418e-01,1.6324827495e-04,3.5024930308e-05,4.6609164818e+00,1,0,3.5024930308e-05,4.6609164818e+00,1,0
5.7969230769e-01,2.4896056400e-01,1.7121780810e-04,3.8999424948e-05,4.3902649417e+00,1,0,3.8999424948e-05,4.3902649417e+00,1,0
5.7969230769e-01,2.6423164516e-01,1.7957640176e-04,4.3425471217e-05,4.1352781381e+00,1,0,4.3425471217e-05,4.1352781381e+00,1,0
5.7969230769e-01,2.8043944464e-01,1.8834304929e-04,4.4769632285e-05,4.2069375976e+00,1,0,4.4769632285e-05,4.2069375976e+00,1,0
5.7969230769e-01,2.9764142013e-01,1.9753767126e-04,4.4630111463e-05,4.4261075042e+00,1,0,4.4630111463e-05,4.4261075042e+00,1,0
5.7969230769e-01,3.1589855375e-01,2.0872602383e-04,4.4614472700e-05,4.6784375384e+00,1,0,4.4614472700e-05,4.6784375384e+00,1,0
5.7969230769e-01,3.3527556823e-01,2.1887663398e-04,4.4620441899e-05,4.9052995593e+00,1,0,4.4620441899e-05,4.9052995593e+00,1,0
5.7969230769e-01,3.5584115634e-01,2.2952088113e-04,4.4648900849e-05,5.1405718116e+00,1,0,4.4648900849e-05,5.1405718116e+00,1,0
5.7969230769e-01,3.7766822442e-01,2.4068277145e-04,4.4650641708e-05,5.3903541415e+00,1,0,4.4650641708e-05,5.3903541415e+00,1,0
5.7969230769e-01,4.0083415084e-01,2.4940382834e-04,4.4347444315e-05,5.6238602289e+00,1,0,4.4347444315e-05,5.6238602289e+00,1,0
5.7969230769e-01,4.2542106032e-01,2.5844088970e-04,4.4113325179e-05,5.8585674205e+00,1,0,4.4113325179e-05,5.8585674205e+00,1,0
5.7969230769e-01,4.5151611504e-01,2.6515792080e-04,4.4035247697e-05,6.0214926604e+00,1,0,4.4035247697e-05,6.0214926604e+00,1,0
5.7969230769e-01,4.7921182366e-01,2.6847555706e-04,4.4052334063e-05,6.0944683811e+00,1,0,4.4052334063e-05,6.0944683811e+00,1,0
5.7969230769e-01,5.0860636927e-01,2.6400982154e-04,4.4119026217e-05,5.9840355551e+00,1,0,4.4119026217e-05,5.9840355551e+00,1,0
5.7969230769e-01,5.3980395744e-01,2.4999290443e-04,4.4415058680e-05,5.6285618404e+00,1,0,4.4415058680e-05,5.6285618404e+00,1,0
5.7969230769e-01,5.7291518563e-01,2.2537446656e-04,4.4749120202e-05,5.0363999457e+00,1,0,4.4749120202e-05,5.0363999457e+00,1,0
5.7969230769e-01,6.0805743530e-01,1.9806097364e-04,4.5003131092e-05,4.4010487456e+00,1,0,4.5003131092e-05,4.4010487456e+00,1,0
5.7969230769e-01,6.4535528801e-01,1.8300452306e-04,4.5259384012e-05,4.0434603134e+00,1,0,4.5259384012e-05,4.0434603134e+00,1,0
5.7969230769e-01,6.8494096706e-01,2.5258286717e-04,4.5756050254e-05,5.5202069621e+00,1,0,4.5756050254e-05,5.5202069621e+00,1,0
5.7969230769e-01,7.2695480624e-01,3.3225882272e-04,4.6381533662e-05,7.1636014700e+00,1,0,4.6381533662e-05,7.1636014700e+00,1,0
5.7969230769e-01,7.7154574735e-01,3.9933594238e-04,4.6890444607e-05,8.5163607579e+00,1,0,4.6890444607e-05,8.5163607579e+00,1,0
5.7969230769e-01,8.1887186816e-01,3.9269213511e-04,4.6268737760e-05,8.4872022477e+00,1,0,4.6268737760e-05,8.4872022477e+00,1,0
5.7969230769e-01,8.6910094284e-01,2.8137980846e-04,4.6346382033e-05,6.0712356848e+00,1,0,4.6346382033e-05,6.0712356848e+00,1,0
5.7969230769e-01,9.2241103671e-01,5.2194270075e-04,4.7802497787e-05,1.0918732805e+01,1,0,4.7802497787e-05,1.0918732805e+01,1,0
5.7969230769e-01,9.7899113751e-01,5.5395215986e-04,3.2569454731e-05,1.7008333865e+01,1,0,3.2569454731e-05,1.7008333865e+01,1,0
5.7969230769e-01,1.0390418254e+00,5.7494038994e-04,2.8462832561e-05,2.0199689848e+01,1,0,2.8462832561e-05,2.0199689848e+01,1,0
5.7969230769e-01,1.1027759839e+00,5.8724432909e-04,2.7832776616e-05,2.1099020669e+01,1,0,2.7832776616e-05,2.1099020669e+01,1,0
5.7969230769e-01,1.1704195547e+00,5.9026474848e-04,2.7312318701e-05,2.1611667429e+01,1,0,2.7312318701e-05,2.1611667429e+01,1,0
5.7969230769e-01,1.2422123388e+00,5.9330070303e-04,2.7065229134e-05,2.1921140963e+01,1,0,2.7065229134e-05,2.1921140963e+01,1,0
5.7969230769e-01,1.3184088462e+00,6.0783005285e-04,2.7520012699e-05,2.2086837659e+01,1,0,2.7520012699e-05,2.2086837659e+01,1,0
5.7969230769e-01,1.3992791984e+00,6.3066302823e-04,2.7300497798e-05,2.3100788597e+01,1,0,2.7300497798e-05,2.3100788597e+01,1,0
5.7969230769e-01,1.4851100861e+00,6.8781348745e-04,2.7337222196e-05,2.5160328380e+01,1,0,2.7337222196e-05,2.5160328380e+01,1,0
5.7969230769e-01,1.5762057853e+00,7.4388478600e-04,2.7454521922e-05,2.7095164437e+01,1,0,2.7454521922e-05,2.7095164437e+01,1,0
5.7969230769e-01,1.6728892362e+00,7.7773054473e-04,2.7607865969e-05,2.8170614332e+01,1,0,2.7607865969e-05,2.8170614332e+01,1,0
5.7969230769e-01,1.7755031880e+00,8.1311624002e-04,2.7773387481e-05,2.9276811861e+01,1,0,2.7773387481e-05,2.9276811861e+01,1,0
5.7969230769e-01,1.8844114137e+00,8.6472528357e-04,2.7974364740e-05,3.0911346571e+01,1,0,2.7974364740e-05,3.0911346571e+01,1,0
5.7969230769e-01,2.0000000000e+00,9.1318604613e-04,2.8243365813e-05,3.2332762752e+01,1,0,2.8243365813e-05,3.2332762752e+01,1,0
5.8223076923e-01,1.0000000000e-02,8.5741500325e-06,3.0756125988e-06,2.7877860937e+00,1,0,3.0756125988e-06,2.7877860937e+00,1,0
5.8223076923e-01,1.0613393580e-02,9.1021298901e-06,3.2659728918e-06,2.7869581873e+00,1,0,3.2659728918e-06,2.7869581873e+00,1,0
5.8223076923e-01,1.1264412328e-02,9.6626217435e-06,3.4717119463e-06,2.7832440862e+00,1,0,3.4717119463e-06,2.7832440862e+00,1,0
5.8223076923e-01,1.1955364149e-02,1.0257627620e-05,3.6989006469e-06,2.7731557559e+00,1,0,3.6989006469e-06,2.7731557559e+00,1,0
5.8223076923e-01,1.2688698510e-02,1.0889272826e-05,3.9701205573e-06,2.7428065897e+00,1,0,3.9701205573e-06,2.7428065897e+00,1,0
5.8223076923e-01,1.3467015131e-02,1.1559813544e-05,4.3164436298e-06,2.6780874570e+00,1,0,4.3164436298e-06,2.6780874570e+00,1,0
5.8223076923e-01,1.4293073193e-02,1.2271644884e-05,4.6939329192e-06,2.6143630715e+00,1,0,4.6939329192e-06,2.6143630715e+00,1,0
5.8223076923e-01,1.5169801127e-02,1.3027309445e-05,5.1174610583e-06,2.5456587352e+00,1,0,5.1174610583e-06,2.5456587352e+00,1,0
5.8223076923e-01,1.6100306989e-02,1.3829506393e-05,5.6265553044e-06,2.4578993086e+00,1,0,5.6265553044e-06,2.4578993086e+00,1,0
5.8223076923e-01,1.7087889483e-02,1.4681101103e-05,6.2181733146e-06,2.3609990202e+00,1,0,6.2181733146e-06,2.3609990202e+00,1,0
5.8223076923e-01,1.8136049653e-02,1.5585135397e-05,6.8766393155e-06,2.2663883740e+00,1,0,6.8766393155e-06,2.2663883740e+00,1,0
5.8223076923e-01,1.9248503296e-02,1.6649131261e-05,7.6174462517e-06,2.1856578584e+00,1,0,7.6174462517e-06,2.1856578584e+00,1,0
5.8223076923e-01,2.0429194130e-02,1.7785766031e-05,8.4394158900e-06,2.1074641021e+00,1,0,8.4394158900e-06,2.1074641021e+00,1,0
5.8223076923e-01,2.1682307783e-02,1.8832434784e-05,9.3936830574e-06,2.0047977634e+00,1,0,9.3936830574e-06,2.0047977634e+00,1,0
5.8223076923e-01,2.3012286622e-02,1.9940698606e-05,1.0481642455e-05,1.9024402609e+00,1,0,1.0481642455e-05,1.9024402609e+00,1,0
5.8223076923e-01,2.4423845509e-02,2.1302281549e-05,1.1701867924e-05,1.8204171922e+00,1,0,1.1701867924e-05,1.8204171922e+00,1,0
5.8223076923e-01,2.5921988513e-02,2.2756835563e-05,1.3097332871e-05,1.7375167744e+00,1,0,1.3097332871e-05,1.7375167744e+00,1,0
5.8223076923e-01,2.7512026646e-02,2.4095296905e-05,1.4725452103e-05,1.6363026912e+00,1,0,1.4725452103e-05,1.6363026912e+00,1,0
5.8223076923e-01,2.9199596698e-02,2.5512480913e-05,1.6557719920e-05,1.5408209003e+00,1,0,1.6557719920e-05,1.5408209003e+00,1,0
5.8223076923e-01,3.0990681213e-02,2.7285710019e-05,1.8619844056e-05,1.4654102331e+00,1,0,1.8619844056e-05,1.4654102331e+00,1,0
5.8223076923e-01,3.2891629703e-02,2.9182186310e-05,2.1021363727e-05,1.3882156595e+00,1,0,2.1021363727e-05,1.3882156595e+00,1,0
5.8223076923e-01,3.4909181152e-02,3.0905376982e-05,2.3839605458e-05,1.2963879388e+00,1,0,2.3839605458e-05,1.2963879388e+00,1,0
5.8223076923e-01,3.7050487912e-02,3.2730321035e-05,2.7127602029e-05,1.2065320407e+00,1,0,2.4712928134e-05,1.3244210017e+00,1,0
5.8223076923e-01,3.9323141054e-02,3.5015235886e-05,3.0833486920e-05,1.1356236152e+00,1,0,2.1395693668e-05,1.6365553007e+00,1,0
5.8223076923e-01,4.1735197281e-02,3.7459661420e-05,3.4858445968e-05,1.0746222438e+00,1,0,1.8982936408e-05,1.9733333461e+00,1,0
5.8223076923e-01,4.4295207488e-02,3.9656281060e-05,3.8171752582e-05,1.0388907602e+00,1,0,1.6709239133e-05,2.3733145923e+00,1,0
5.8223076923e-01,4.7012247078e-02,4.1981709601e-05,3.7931771056e-05,1.1067690338e+00,1,0,1.5712027596e-05,2.6719472929e+00,1,0
5.8223076923e-01,4.9895948132e-02,4.4925468913e-05,3.7789196612e-05,1.1888442449e+00,1,0,1.4419321836e-05,3.1156436776e+00,1,0
5.8223076923e-01,5.2956533557e-02,4.7804262758e-05,3.8800851611e-05,1.2320415860e+00,1,0,1.3848056194e-05,3.4520558040e+00,1,0
5.8223076923e-01,5.6204853327e-02,5.0867527776e-05,4.0481439255e-05,1.2565642110e+00,1,0,1.3387294070e-05,3.7996870398e+00,1,0
5.8223076923e-01,5.9652422947e-02,5.4127084758e-05,4.1954947727e-05,1.2901239947e+00,1,0,1.3251364501e-05,4.0846423593e+00,1,0
5.8223076923e-01,6.3311464273e-02,5.7595511960e-05,4.3480098966e-05,1.3246407743e+00,1,0,1.3303319390e-05,4.3294090950e+00,1,0
5.8223076923e-01,6.7194948846e-02,6.1286193645e-05,4.5227945764e-05,1.3550514535e+00,1,0,1.3644763387e-05,4.4915541522e+00,1,0
5.8223076923e-01,7.1316643869e-02,6.5213371731e-05,1.3078643280e-05,4.9862489814e+00,1,0,1.3078643280e-05,4.9862489814e+00,1,0
5.8223076923e-01,7.5691161018e-02,6.9392200749e-05,1.2647402775e-05,5.4866759588e+00,1,0,1.2647402775e-05,5.4866759588e+00,1,0
5.8223076923e-01,8.0334008241e-02,7.3838806320e-05,1.2090185243e-05,6.1073345722e+00,1,0,1.2090185243e-05,6.1073345722e+00,1,0
5.8223076923e-01,8.5261644732e-02,7.8570347387e-05,1.1877734600e-05,6.6149270071e+00,1,0,1.1877734600e-05,6.6149270071e+00,1,0
5.8223076923e-01,9.0491539282e-02,8.3605082425e-05,1.2223187195e-05,6.8398758105e+00,1,0,1.2223187195e-05,6.8398758105e+00,1,0
5.8223076923e-01,9.6042232206e-02,8.8962439899e-05,1.2118845018e-05,7.3408348543e+00,1,0,1.2118845018e-05,7.3408348543e+00,1,0
5.8223076923e-01,1.0193340107e-01,9.4663093239e-05,1.2350444974e-05,7.6647516295e+00,1,0,1.2350444974e-05,7.6647516295e+00,1,0
5.8223076923e-01,1.0818593045e-01,1.0072904061e-04,1.2761981456e-05,7.8928997786e+00,1,0,1.2761981456e-05,7.8928997786e+00,1,0
5.8223076923e-01,1.1482198597e-01,1.0718368981e-04,1.3260630987e-05,8.0828498976e+00,1,0,1.3260630987e-05,8.0828498976e+00,1,0
5.8223076923e-01,1.2186509287e-01,1.1405194860e-04,1.3821823660e-05,8.2515846967e+00,1,0,1.3821823660e-05,8.2515846967e+00,1,0
5.8223076923e-01,1.2934021943e-01,1.2136032079e-04,1.4417390801e-05,8.4176341243e+00,1,0,1.4417390801e-05,8.4176341243e+00,1,0
5.8223076923e-01,1.3727386545e-01,1.2913700855e-04,1.5323878261e-05,8.4271753110e+00,1,0,1.5323878261e-05,8.4271753110e+00,1,0
5.8223076923e-01,1.4569415623e-01,1.3741202124e-04,1.6354294608e-05,8.4021979873e+00,1,0,1.6354294608e-05,8.4021979873e+00,1,0
5.8223076923e-01,1.5463094224e-01,1.4621729118e-04,1.7593467021e-05,8.3108855693e+00,1,0,1.7593467021e-05,8.3108855693e+00,1,0
5.8223076923e-01,1.6411590496e-01,1.5558679690e-04,1.9199392341e-05,8.1037354797e+00,1,0,1.9199392341e-05,8.1037354797e+00,1,0
5.8223076923e-01,1.7418266921e-01,1.5970926107e-04,2.0972767208e-05,7.6150781386e+00,1,0,2.0972767208e-05,7.6150781386e+00,1,0
5.8223076923e-01,1.8486692231e-01,1.4762216332e-04,2.3158053727e-05,6.3745496519e+00,1,0,2.3158053727e-05,6.3745496519e+00,1,0
5.8223076923e-01,1.9620654064e-01,1.4833649912e-04,2.5571465510e-05,5.8008603012e+00,1,0,2.5571465510e-05,5.8008603012e+00,1,0
5.8223076923e-01,2.0824172388e-01,1.5278698269e-04,2.8237240710e-05,5.4108326042e+00,1,0,2.8237240710e-05,5.4108326042e+00,1,0
5.8223076923e-01,2.2101513753e-01,1.5929875447e-04,3.1429137614e-05,5.0685054241e+00,1,0,3.1429137614e-05,5.0685054241e+00,1,0
5.8223076923e-01,2.3457206418e-01,1.6713369098e-04,3.4995167679e-05,4.7759077058e+00,1,0,3.4995167679e-05,4.7759077058e+00,1,0
5.8223076923e-01,2.4896056400e-01,1.7535398036e-04,3.8966321600e-05,4.5001419984e+00,1,0,3.8966321600e-05,4.5001419984e+00,1,0
5.8223076923e-01,2.6423164516e-01,1.8397857575e-04,4.3388649415e-05,4.2402466596e+00,1,0,4.3388649415e-05,4.2402466596e+00,1,0
5.8223076923e-01,2.8043944464e-01,1.9302736251e-04,4.4368395594e-05,4.3505598958e+00,1,0,4.4368395594e-05,4.3505598958e+00,1,0
5.8223076923e-01,2.9764142013e-01,2.0252120405e-04,4.4239947300e-05,4.5777903547e+00,1,0,4.4239947300e-05,4.5777903547e+00,1,0
5.8223076923e-01,3.1589855375e-01,2.1367117337e-04,4.4225988017e-05,4.8313487828e+00,1,0,4.4225988017e-05,4.8313487828e+00,1,0
5.8223076923e-01,3.3527556823e-01,2.2402386646e-04,4.4233511310e-05,5.0645734382e+00,1,0,4.4233511310e-05,5.0645734382e+00,1,0
5.8223076923e-01,3.5584115634e-01,2.3487816326e-04,4.4263394644e-05,5.3063748306e+00,1,0,4.4263394644e-05,5.3063748306e+00,1,0
5.8223076923e-01,3.7766822442e-01,2.4625836723e-04,4.4239188351e-05,5.5665209154e+00,1,0,4.4239188351e-05,5.5665209154e+00,1,0
5.8223076923e-01,4.0083415084e-01,2.5510737134e-04,4.3940573070e-05,5.8057361002e+00,1,0,4.3940573070e-05,5.8057361002e+00,1,0
5.8223076923e-01,4.2542106032e-01,2.6427435397e-04,4.3722940640e-05,6.0442950566e+00,1,0,4.3722940640e-05,6.0442950566e+00,1,0
5.8223076923e-01,4.5151611504e-01,2.7080194122e-04,4.3647460186e-05,6.2043000914e+00,1,0,4.3647460186e-05,6.2043000914e+00,1,0
5.8223076923e-01,4.7921182366e-01,2.7386855007e-04,4.3672955471e-05,6.2708957321e+00,1,0,4.3672955471e-05,6.2708957321e+00,1,0
5.8223076923e-01,5.0860636927e-01,2.6848518313e-04,4.3749937893e-05,6.1368128976e+00,1,0,4.3749937893e-05,6.1368128976e+00,1,0
5.8223076923e-01,5.3980395744e-01,2.5350516190e-04,4.4051828616e-05,5.7547023555e+00,1,0,4.4051828616e-05,5.7547023555e+00,1,0
5.8223076923e-01,5.7291518563e-01,2.2762703343e-04,4.4385357825e-05,5.1284262329e+00,1,0,4.4385357825e-05,5.1284262329e+00,1,0
5.8223076923e-01,6.0805743530e-01,2.0026825936e-04,4.4629086735e-05,4.4873931782e+00,1,0,4.4629086735e-05,4.4873931782e+00,1,0
5.8223076923e-01,6.4535528801e-01,1.8636686164e-04,4.4885560756e-05,4.1520448559e+00,1,0,4.4885560756e-05,4.1520448559e+00,1,0
5.8223076923e-01,6.8494096706e-01,2.6402628542e-04,4.5402007642e-05,5.8152997882e+00,1,0,4.5402007642e-05,5.8152997882e+00,1,0
5.8223076923e-01,7.2695480624e-01,3.4465367801e-04,4.6025184523e-05,7.4883714554e+00,1,0,4.6025184523e-05,7.4883714554e+00,1,0
5.8223076923e-01,7.7154574735e-01,4.1109882621e-04,4.6435714811e-05,8.8530741452e+00,1,0,4.6435714811e-05,8.8530741452e+00,1,0
5.8223076923e-01,8.1887186816e-01,3.9219109398e-04,4.5822671571e-05,8.5588875666e+00,1,0,4.5822671571e-05,8.5588875666e+00,1,0
5.8223076923e-01,8.6910094284e-01,3.0356243988e-04,4.6046295852e-05,6.5925485268e+00,1,0,4.6046295852e-05,6.5925485268e+00,1,0
5.8223076923e-01,9.2241103671e-01,5.3557202677e-04,4.7495818022e-05,1.1276193338e+01,1,0,4.7495818022e-05,1.1276193338e+01,1,0
5.8223076923e-01,9.7899113751e-01,5.6709247389e-04,3.0316818029e-05,1.8705540711e+01,1,0,3.0316818029e-05,1.8705540711e+01,1,0
5.8223076923e-01,1.0390418254e+00,5.8762799476e-04,2.8164002527e-05,2.0864505825e+01,1,0,2.8164002527e-05,2.0864505825e+01,1,0
5.8223076923e-01,1.1027759839e+00,5.9961801374e-04,2.7551558552e-05,2.1763487993e+01,1,0,2.7551558552e-05,2.1763487993e+01,1,0
5.8223076923e-01,1.1704195547e+00,6.0222259388e-04,2.7038202259e-05,2.2273026442e+01,1,0,2.7038202259e-05,2.2273026442e+01,1,0
5.8223076923e-01,1.2422123388e+00,6.0483848762e-04,2.6861797248e-05,2.2516679805e+01,1,0,2.6861797248e-05,2.2516679805e+01,1,0
5.8223076923e-01,1.3184088462e+00,6.2127888995e-04,2.7263722135e-05,2.2787750215e+01,1,0,2.7263722135e-05,2.2787750215e+01,1,0
5.8223076923e-01,1.3992791984e+00,6.4663238501e-04,2.7047997170e-05,2.3906849034e+01,1,0,2.7047997170e-05,2.3906849034e+01,1,0
5.8223076923e-01,1.4851100861e+00,7.0630833619e-04,2.7107069091e-05,2.6056241412e+01,1,0,2.7107069091e-05,2.6056241412e+01,1,0
5.8223076923e-01,1.5762057853e+00,7.6272021600e-04,2.7225150226e-05,2.8015280344e+01,1,0,2.7225150226e-05,2.8015280344e+01,1,0
5.8223076923e-01,1.6728892362e+00,7.9592618770e-04,2.7380253657e-05,2.9069350403e+01,1,0,2.7380253657e-05,2.9069350403e+01,1,0
5.8223076923e-01,1.7755031880e+00,8.3057782262e-04,2.7543664052e-05,3.0154950374e+01,1,0,2.7543664052e-05,3.0154950374e+01,1,0
5.8223076923e-01,1.8844114137e+00,8.8754858316e-04,2.7748607523e-05,3.1985337730e+01,1,0,2.7748607523e-05,3.1985337730e+01,1,0
5.8223076923e-01,2.0000000000e+00,9.3443925334e-04,2.8019823663e-05,3.3349219630e+01,1,0,2.8019823663e-05,3.3349219630e+01,1,0
5.8476923077e-01,1.0000000000e-02,8.7716356004e-06,3.0619066738e-06,2.8647625597e+00,1,0,3.0619066738e-06,2.8647625597e+00,1,0
5.8476923077e-01,1.0613393580e-02,9.3119990495e-06,3.2521964961e-06,2.8632953331e+00,1,0,3.2521964961e-06,2.8632953331e+00,1,0
5.8476923077e-01,1.1264412328e-02,9.8856507780e-06,3.4570021398e-06,2.8596021576e+00,1,0,3.4570021398e-06,2.8596021576e+00,1,0
5.8476923077e-01,1.1955364149e-02,1.0494641461e-05,3.6853214363e-06,2.8476868685e+00,1,0,3.6853214363e-06,2.8476868685e+00,1,0
5.8476923077e-01,1.2688698510e-02,1.1141148100e-05,3.9598270661e-06,2.8135441054e+00,1,0,3.9598270661e-06,2.8135441054e+00,1,0
5.8476923077e-01,1.3467015131e-02,1.1827481811e-05,4.3053178326e-06,2.7471797139e+00,1,0,4.3053178326e-06,2.7471797139e+00,1,0
5.8476923077e-01,1.4293073193e-02,1.2556096081e-05,4.6819045813e-06,2.6818351085e+00,1,0,4.6819045813e-06,2.6818351085e+00,1,0
5.8476923077e-01,1.5169801127e-02,1.3329595539e-05,5.1055401359e-06,2.6108100581e+00,1,0,5.1055401359e-06,2.6108100581e+00,1,0
5.8476923077e-01,1.6100306989e-02,1.4150745271e-05,5.6186812851e-06,2.5185171667e+00,1,0,5.6186812851e-06,2.5185171667e+00,1,0
5.8476923077e-01,1.7087889483e-02,1.5022480700e-05,6.2095479765e-06,2.4192551143e+00,1,0,6.2095479765e-06,2.4192551143e+00,1,0
5.8476923077e-01,1.8136049653e-02,1.5947918082e-05,6.8681904475e-06,2.3219970680e+00,1,0,6.8681904475e-06,2.3219970680e+00,1,0
5.8476923077e-01,1.9248503296e-02,1.7040311789e-05,7.6081714842e-06,2.2397381321e+00,1,0,7.6081714842e-06,2.2397381321e+00,1,0
5.8476923077e-01,2.0429194130e-02,1.8207531816e-05,8.4294154177e-06,2.1599993491e+00,1,0,8.4294154177e-06,2.1599993491e+00,1,0
5.8476923077e-01,2.1682307783e-02,1.9275559166e-05,9.3858858958e-06,2.0536749946e+00,1,0,9.3858858958e-06,2.0536749946e+00,1,0
5.8476923077e-01,2.3012286622e-02,2.0406235449e-05,1.0474965304e-05,1.9480957555e+00,1,0,1.0474965304e-05,1.9480957555e+00,1,0
5.8476923077e-01,2.4423845509e-02,2.1803968283e-05,1.1694087750e-05,1.8645292176e+00,1,0,1.1694087750e-05,1.8645292176e+00,1,0
5.8476923077e-01,2.5921988513e-02,2.3297439357e-05,1.3095470935e-05,1.7790455550e+00,1,0,1.3095470935e-05,1.7790455550e+00,1,0
5.8476923077e-01,2.7512026646e-02,2.4664137315e-05,1.4723475957e-05,1.6751572378e+00,1,0,1.4723475957e-05,1.6751572378e+00,1,0
5.8476923077e-01,2.9199596698e-02,2.6111009890e-05,1.6555622558e-05,1.5771687110e+00,1,0,1.6555622558e-05,1.5771687110e+00,1,0
5.8476923077e-01,3.0990681213e-02,2.7931505284e-05,1.8618283284e-05,1.5002191587e+00,1,0,1.8618283284e-05,1.5002191587e+00,1,0
5.8476923077e-01,3.2891629703e-02,2.9878928112e-05,2.1025945217e-05,1.4210504119e+00,1,0,2.1025945217e-05,1.4210504119e+00,1,0
5.8476923077e-01,3.4909181152e-02,3.1637961282e-05,2.3854594058e-05,1.3262837844e+00,1,0,2.3854594058e-05,1.3262837844e+00,1,0
5.8476923077e-01,3.7050487912e-02,3.3500552307e-05,2.7150807103e-05,1.2338694824e+00,1,0,2.4390028681e-05,1.3735347648e+00,1,0
5.8476923077e-01,3.9323141054e-02,3.5846172460e-05,3.0840763624e-05,1.1622984728e+00,1,0,2.1129342914e-05,1.6965114630e+00,1,0
5.8476923077e-01,4.1735197281e-02,3.8356026737e-05,3.4873266952e-05,1.0998690427e+00,1,0,1.8755021822e-05,2.0451070172e+00,1,0
5.8476923077e-01,4.4295207488e-02,4.0598337213e-05,3.7789631696e-05,1.0743247656e+00,1,0,1.6508706864e-05,2.4592075896e+00,1,0
5.8476923077e-01,4.7012247078e-02,4.3214161568e-05,3.7585598230e-05,1.1497531928e+00,1,0,1.5478283100e-05,2.7919221588e+00,1,0
5.8476923077e-01,4.9895948132e-02,4.5998528221e-05,3.7467815777e-05,1.2276810715e+00,1,0,1.4254816601e-05,3.2268761857e+00,1,0
5.8476923077e-01,5.2956533557e-02,4.8962296658e-05,3.8602132829e-05,1.2683831973e+00,1,0,1.3682047454e-05,3.5785796551e+00,1,0
5.8476923077e-01,5.6204853327e-02,5.2117026060e-05,4.0235930001e-05,1.2952857324e+00,1,0,1.3248357911e-05,3.9338479842e+00,1,0
5.8476923077e-01,5.9652422947e-02,5.5475020388e-05,4.1700087761e-05,1.3303334206e+00,1,0,1.3136862010e-05,4.2228517240e+00,1,0
5.8476923077e-01,6.3311464273e-02,5.9049376369e-05,4.3216129367e-05,1.3663735562e+00,1,0,1.3212496863e-05,4.4692064627e+00,1,0
5.8476923077e-01,6.7194948846e-02,6.2854034576e-05,4.4978841377e-05,1.3974133760e+00,1,0,1.3552030831e-05,4.6379790129e+00,1,0
5.8476923077e-01,7.1316643869e-02,6.6903833799e-05,1.2961789866e-05,5.1616199991e+00,1,0,1.2961789866e-05,5.1616199991e+00,1,0
5.8476923077e-01,7.5691161018e-02,7.1214568915e-05,1.2499720253e-05,5.6972930173e+00,1,0,1.2499720253e-05,5.6972930173e+00,1,0
5.8476923077e-01,8.0334008241e-02,7.5803052499e-05,1.1945477529e-05,6.3457532206e+00,1,0,1.1945477529e-05,6.3457532206e+00,1,0
5.8476923077e-01,8.5261644732e-02,8.0687180385e-05,1.1775633867e-05,6.8520456136e+00,1,0,1.1775633867e-05,6.8520456136e+00,1,0
5.8476923077e-01,9.0491539282e-02,8.5886001472e-05,1.2155922991e-05,7.0653624195e+00,1,0,1.2155922991e-05,7.0653624195e+00,1,0
5.8476923077e-01,9.6042232206e-02,9.1419792012e-05,1.2026891562e-05,7.6012818061e+00,1,0,1.2026891562e-05,7.6012818061e+00,1,0
5.8476923077e-01,1.0193340107e-01,9.7310134694e-05,1.2260703974e-05,7.9367493824e+00,1,0,1.2260703974e-05,7.9367493824e+00,1,0
5.8476923077e-01,1.0818593045e-01,1.0358000282e-04,1.2686897530e-05,8.1643287942e+00,1,0,1.2686897530e-05,8.1643287942e+00,1,0
5.8476923077e-01,1.1482198597e-01,1.1025384989e-04,1.3182639716e-05,8.3635639193e+00,1,0,1.3182639716e-05,8.3635639193e+00,1,0
5.8476923077e-01,1.2186509287e-01,1.1735770502e-04,1.3744379501e-05,8.5385960863e+00,1,0,1.3744379501e-05,8.5385960863e+00,1,0
5.8476923077e-01,1.2934021943e-01,1.2491927438e-04,1.4336635204e-05,8.7132909925e+00,1,0,1.4336635204e-05,8.7132909925e+00,1,0
5.8476923077e-01,1.3727386545e-01,1.3296804935e-04,1.5263532066e-05,8.7114862260e+00,1,0,1.5263532066e-05,8.7114862260e+00,1,0
5.8476923077e-01,1.4569415623e-01,1.4153542146e-04,1.6289916390e-05,8.6885296444e+00,1,0,1.6289916390e-05,8.6885296444e+00,1,0
5.8476923077e-01,1.5463094224e-01,1.5065480487e-04,1.7552730657e-05,8.5829839132e+00,1,0,1.7552730657e-05,8.5829839132e+00,1,0
5.8476923077e-01,1.6411590496e-01,1.5933414897e-04,1.9154964554e-05,8.3181646472e+00,1,0,1.9154964554e-05,8.3181646472e+00,1,0
5.8476923077e-01,1.7418266921e-01,1.6235939318e-04,2.0942208072e-05,7.7527351757e+00,1,0,2.0942208072e-05,7.7527351757e+00,1,0
5.8476923077e-01,1.8486692231e-01,1.5019837016e-04,2.3124339389e-05,6.4952502052e+00,1,0,2.3124339389e-05,6.4952502052e+00,1,0
5.8476923077e-01,1.9620654064e-01,1.5144642567e-04,2.5534267774e-05,5.9311050943e+00,1,0,2.5534267774e-05,5.9311050943e+00,1,0
5.8476923077e-01,2.0824172388e-01,1.5616792649e-04,2.8203682081e-05,5.5371467471e+00,1,0,2.8203682081e-05,5.5371467471e+00,1,0
5.8476923077e-01,2.2101513753e-01,1.6292871662e-04,3.1402517833e-05,5.1883965956e+00,1,0,3.1402517833e-05,5.1883965956e+00,1,0
5.8476923077e-01,2.3457206418e-01,1.7099921790e-04,3.4965562119e-05,4.8905038998e+00,1,0,3.4965562119e-05,4.8905038998e+00,1,0
5.8476923077e-01,2.4896056400e-01,1.7946948291e-04,3.8933392767e-05,4.6096543393e+00,1,0,3.8933392767e-05,4.6096543393e+00,1,0
5.8476923077e-01,2.6423164516e-01,1.8835931352e-04,4.3352021536e-05,4.3448795892e+00,1,0,4.3352021536e-05,4.3448795892e+00,1,0
5.8476923077e-01,2.8043944464e-01,1.9768949247e-04,4.3972582352e-05,4.4957444364e+00,1,0,4.3972582352e-05,4.4957444364e+00,1,0
5.8476923077e-01,2.9764142013e-01,2.0748183194e-04,4.3854978679e-05,4.7310895635e+00,1,0,4.3854978679e-05,4.7310895635e+00,1,0
5.8476923077e-01,3.1589855375e-01,2.1775922456e-04,4.3842668128e-05,4.9668333124e+00,1,0,4.3842668128e-05,4.9668333124e+00,1,0
5.8476923077e-01,3.3527556823e-01,2.2854569694e-04,4.3851716092e-05,5.2117845618e+00,1,0,4.3851716092e-05,5.2117845618e+00,1,0
5.8476923077e-01,3.5584115634e-01,2.3986646579e-04,4.3882995749e-05,5.4660458270e+00,1,0,4.3882995749e-05,5.4660458270e+00,1,0
5.8476923077e-01,3.7766822442e-01,2.5174799693e-04,4.3833419736e-05,5.7432889892e+00,1,0,4.3833419736e-05,5.7432889892e+00,1,0
5.8476923077e-01,4.0083415084e-01,2.6076590177e-04,4.3539312231e-05,5.9892058099e+00,1,0,4.3539312231e-05,5.9892058099e+00,1,0
5.8476923077e-01,4.2542106032e-01,2.7010683842e-04,4.3337822534e-05,6.2325890557e+00,1,0,4.3337822534e-05,6.2325890557e+00,1,0
5.8476923077e-01,4.5151611504e-01,2.7631858539e-04,4.3264892770e-05,6.3866698308e+00,1,0,4.3264892770e-05,6.3866698308e+00,1,0
5.8476923077e-01,4.7921182366e-01,2.7917025114e-04,4.3298618386e-05,6.4475556390e+00,1,0,4.3298618386e-05,6.4475556390e+00,1,0
5.8476923077e-01,5.0860636927e-01,2.7291542709e-04,4.3391768986e-05,6.2895667419e+00,1,0,4.3391768986e-05,6.2895667419e+00,1,0
5.8476923077e-01,5.3980395744e-01,2.5685667806e-04,4.3693285729e-05,5.8786304069e+00,1,0,4.3693285729e-05,5.8786304069e+00,1,0
5.8476923077e-01,5.7291518563e-01,2.2972618918e-04,4.4026277303e-05,5.2179335445e+00,1,0,4.4026277303e-05,5.2179335445e+00,1,0
5.8476923077e-01,6.0805743530e-01,2.0248081298e-04,4.4259925262e-05,4.5748114526e+00,1,0,4.4259925262e-05,4.5748114526e+00,1,0
5.8476923077e-01,6.4535528801e-01,1.8991721821e-04,4.4516603732e-05,4.2662108582e+00,1,0,4.4516603732e-05,4.2662108582e+00,1,0
5.8476923077e-01,6.8494096706e-01,2.7549883098e-04,4.5052405740e-05,6.1150747992e+00,1,0,4.5052405740e-05,6.1150747992e+00,1,0
5.8476923077e-01,7.2695480624e-01,3.5701244228e-04,4.5673291257e-05,7.8166567912e+00,1,0,4.5673291257e-05,7.8166567912e+00,1,0
5.8476923077e-01,7.7154574735e-01,4.2245157471e-04,4.5987535417e-05,9.1862190674e+00,1,0,4.5987535417e-05,9.1862190674e+00,1,0
5.8476923077e-01,8.1887186816e-01,3.9066965031e-04,4.5383010724e-05,8.6082797080e+00,1,0,4.5383010724e-05,8.6082797080e+00,1,0
5.8476923077e-01,8.6910094284e-01,3.5619694654e-04,4.5749643050e-05,7.7857863536e+00,1,0,4.5749643050e-05,7.7857863536e+00,1,0
5.8476923077e-01,9.2241103671e-01,5.4913322084e-04,4.7192634393e-05,1.1635994216e+01,1,0,4.7192634393e-05,1.1635994216e+01,1,0
5.8476923077e-01,9.7899113751e-01,5.8011186948e-04,2.9792693562e-05,1.9471615357e+01,1,0,2.9792693562e-05,1.9471615357e+01,1,0
5.8476923077e-01,1.0390418254e+00,6.0015751359e-04,2.7869715524e-05,2.1534396828e+01,1,0,2.7869715524e-05,2.1534396828e+01,1,0
5.8476923077e-01,1.1027759839e+00,6.1182222826e-04,2.7274511602e-05,2.2432014079e+01,1,0,2.7274511602e-05,2.2432014079e+01,1,0
5.8476923077e-01,1.1704195547e+00,6.1400923237e-04,2.6768135325e-05,2.2938065163e+01,1,0,2.6768135325e-05,2.2938065163e+01,1,0
5.8476923077e-01,1.2422123388e+00,6.1620405409e-04,2.6660893801e-05,2.3112655513e+01,1,0,2.6660893801e-05,2.3112655513e+01,1,0
5.8476923077e-01,1.3184088462e+00,6.3457059241e-04,2.7011044626e-05,2.3493004480e+01,1,0,2.7011044626e-05,2.3493004480e+01,1,0
5.8476923077e-01,1.3992791984e+00,6.6289960779e-04,2.6799041648e-05,2.4735944534e+01,1,0,2.6799041648e-05,2.4735944534e+01,1,0
5.8476923077e-01,1.4851100861e+00,7.2459074298e-04,2.6879969561e-05,2.6956531380e+01,1,0,2.6879969561e-05,2.6956531380e+01,1,0
5.8476923077e-01,1.5762057853e+00,7.8127383673e-04,2.6998808248e-05,2.8937345292e+01,1,0,2.6998808248e-05,2.8937345292e+01,1,0
5.8476923077e-01,1.6728892362e+00,8.1385723071e-04,2.7155624616e-05,2.9970116402e+01,1,0,2.7155624616e-05,2.9970116402e+01,1,0
5.8476923077e-01,1.7755031880e+00,8.5416407140e-04,2.7316957010e-05,3.1268639149e+01,1,0,2.7316957010e-05,3.1268639149e+01,1,0
5.8476923077e-01,1.8844114137e+00,9.0991932568e-04,2.7525772216e-05,3.3056995406e+01,1,0,2.7525772216e-05,3.3056995406e+01,1,0
5.8476923077e-01,2.0000000000e+00,9.5580193944e-04,2.7799142104e-05,3.4382425755e+01,1,0,2.7799142104e-05,3.4382425755e+01,1,0
5.8730769231e-01,1.0000000000e-02,8.9681591797e-06,3.0483250354e-06,2.9419957110e+00,1,0,3.0483250354e-06,2.9419957110e+00,1,0
5.8730769231e-01,1.0613393580e-02,9.5208705645e-06,3.2385417883e-06,2.9398634283e+00,1,0,3.2385417883e-06,2.9398634283e+00,1,0
5.8730769231e-01,1.1264412328e-02,1.0107645782e-05,3.4424222966e-06,2.9362015788e+00,1,0,3.4424222966e-06,2.9362015788e+00,1,0
5.8730769231e-01,1.1955364149e-02,1.0730584201e-05,3.6718549557e-06,2.9223878203e+00,1,0,3.6718549557e-06,2.9223878203e+00,1,0
5.8730769231e-01,1.2688698510e-02,1.1391914573e-05,3.9496091540e-06,2.8843144041e+00,1,0,3.9496091540e-06,2.8843144041e+00,1,0
5.8730769231e-01,1.3467015131e-02,1.2094003012e-05,4.2942733392e-06,2.8163095493e+00,1,0,4.2942733392e-06,2.8163095493e+00,1,0
5.8730769231e-01,1.4293073193e-02,1.2839361454e-05,4.6699677887e-06,2.7493468981e+00,1,0,4.6699677887e-06,2.7493468981e+00,1,0
5.8730769231e-01,1.5169801127e-02,1.3630656647e-05,5.0937033718e-06,2.6759816291e+00,1,0,5.0937033718e-06,2.6759816291e+00,1,0
5.8730769231e-01,1.6100306989e-02,1.4470719692e-05,5.6108574723e-06,2.5790567242e+00,1,0,5.6108574723e-06,2.5790567242e+00,1,0
5.8730769231e-01,1.7087889483e-02,1.5362556173e-05,6.2009772832e-06,2.4774411308e+00,1,0,6.2009772832e-06,2.4774411308e+00,1,0
5.8730769231e-01,1.8136049653e-02,1.6309356907e-05,6.8597941463e-06,2.3775286195e+00,1,0,6.8597941463e-06,2.3775286195e+00,1,0
5.8730769231e-01,1.9248503296e-02,1.7429827409e-05,7.5989540461e-06,2.2937140168e+00,1,0,7.5989540461e-06,2.2937140168e+00,1,0
5.8730769231e-01,2.0429194130e-02,1.8627275449e-05,8.4211845660e-06,2.2119543044e+00,1,0,8.4211845660e-06,2.2119543044e+00,1,0
5.8730769231e-01,2.1682307783e-02,1.9716779924e-05,9.3781355052e-06,2.1024200294e+00,1,0,9.3781355052e-06,2.1024200294e+00,1,0
5.8730769231e-01,2.3012286622e-02,2.0870009232e-05,1.0468328241e-05,1.9936334391e+00,1,0,1.0468328241e-05,1.9936334391e+00,1,0
5.8730769231e-01,2.4423845509e-02,2.2303567529e-05,1.1686353744e-05,1.9085138116e+00,1,0,1.1686353744e-05,1.9085138116e+00,1,0
5.8730769231e-01,2.5921988513e-02,2.3835596764e-05,1.3093625094e-05,1.8203970705e+00,1,0,1.3093625094e-05,1.8203970705e+00,1,0
5.8730769231e-01,2.7512026646e-02,2.5230597971e-05,1.4721516894e-05,1.7138585754e+00,1,0,1.4721516894e-05,1.7138585754e+00,1,0
5.8730769231e-01,2.9199596698e-02,2.6707242965e-05,1.6553543327e-05,1.6133852697e+00,1,0,1.6553543327e-05,1.6133852697e+00,1,0
5.8730769231e-01,3.0990681213e-02,2.8574621481e-05,1.8618438339e-05,1.5347485627e+00,1,0,1.8618438339e-05,1.5347485627e+00,1,0
5.8730769231e-01,3.2891629703e-02,3.0572567669e-05,2.1030517823e-05,1.4537239609e+00,1,0,2.1030517823e-05,1.4537239609e+00,1,0
5.8730769231e-01,3.4909181152e-02,3.2367538906e-05,2.3869537790e-05,1.3560186708e+00,1,0,2.3869537790e-05,1.3560186708e+00,1,0
5.8730769231e-01,3.7050487912e-02,3.4267896179e-05,2.7173942886e-05,1.2610571945e+00,1,0,2.4072729795e-05,1.4235151755e+00,1,0
5.8730769231e-01,3.9323141054e-02,3.6673644554e-05,3.0848022851e-05,1.1888491114e+00,1,0,2.0867448516e-05,1.7574570521e+00,1,0
5.8730769231e-01,4.1735197281e-02,3.9028298486e-05,3.4888043177e-05,1.1186726148e+00,1,0,1.8530820167e-05,2.1061290398e+00,1,0
5.8730769231e-01,4.4295207488e-02,4.1534134423e-05,3.7415337622e-05,1.1100831120e+00,1,0,1.6311440105e-05,2.5463192800e+00,1,0
5.8730769231e-01,4.7012247078e-02,4.4200859100e-05,3.7244076209e-05,1.1867889769e+00,1,0,1.5249011104e-05,2.8986049520e+00,1,0
5.8730769231e-01,4.9895948132e-02,4.7038802477e-05,3.7150554350e-05,1.2661669065e+00,1,0,1.4092893055e-05,3.3377676459e+00,1,0
5.8730769231e-01,5.2956533557e-02,5.0058957756e-05,3.8405297488e-05,1.3034388751e+00,1,0,1.3518739067e-05,3.7029309841e+00,1,0
5.8730769231e-01,5.6204853327e-02,5.3273023965e-05,3.9992974827e-05,1.3320595479e+00,1,0,1.3111459855e-05,4.0630886685e+00,1,0
5.8730769231e-01,5.9652422947e-02,5.6693451274e-05,4.1447880974e-05,1.3678250840e+00,1,0,1.3023841968e-05,4.3530512282e+00,1,0
5.8730769231e-01,6.3311464273e-02,6.0333489224e-05,4.2954906206e-05,1.4045773709e+00,1,0,1.3122687089e-05,4.5976474801e+00,1,0
5.8730769231e-01,6.7194948846e-02,6.4207238053e-05,4.4732189779e-05,1.4353698840e+00,1,0,1.3461580829e-05,4.7696655295e+00,1,0
5.8730769231e-01,7.1316643869e-02,6.8329703311e-05,1.2846460203e-05,5.3189518538e+00,1,0,1.2846460203e-05,5.3189518538e+00,1,0
5.8730769231e-01,7.5691161018e-02,7.2716853989e-05,1.2354104695e-05,5.8860480614e+00,1,0,1.2354104695e-05,5.8860480614e+00,1,0
5.8730769231e-01,8.0334008241e-02,7.7385684377e-05,1.1803119792e-05,6.5563754112e+00,1,0,1.1803119792e-05,6.5563754112e+00,1,0
5.8730769231e-01,8.5261644732e-02,8.2354279896e-05,1.1674849568e-05,7.0539906677e+00,1,0,1.1674849568e-05,7.0539906677e+00,1,0
5.8730769231e-01,9.0491539282e-02,8.7641887150e-05,1.2089320055e-05,7.2495298949e+00,1,0,1.2089320055e-05,7.2495298949e+00,1,0
5.8730769231e-01,9.6042232206e-02,9.3268988484e-05,1.1939853962e-05,7.8115686157e+00,1,0,1.1939853962e-05,7.8115686157e+00,1,0
5.8730769231e-01,1.0193340107e-01,9.9257381324e-05,1.2172001477e-05,8.1545653371e+00,1,0,1.2172001477e-05,8.1545653371e+00,1,0
5.8730769231e-01,1.0818593045e-01,1.0563026261e-04,1.2612579608e-05,8.3749927372e+00,1,0,1.2612579608e-05,8.3749927372e+00,1,0
5.8730769231e-01,1.1482198597e-01,1.1241231867e-04,1.3105443845e-05,8.5775285447e+00,1,0,1.3105443845e-05,8.5775285447e+00,1,0
5.8730769231e-01,1.2186509287e-01,1.1962982081e-04,1.3667703724e-05,8.7527373458e+00,1,0,1.3667703724e-05,8.7527373458e+00,1,0
5.8730769231e-01,1.2934021943e-01,1.2731072713e-04,1.4256818325e-05,8.9298133866e+00,1,0,1.4256818325e-05,8.9298133866e+00,1,0
5.8730769231e-01,1.3727386545e-01,1.3548479076e-04,1.5203685167e-05,8.9113125713e+00,1,0,1.5203685167e-05,8.9113125713e+00,1,0
5.8730769231e-01,1.4569415623e-01,1.4418367518e-04,1.6226070620e-05,8.8859267630e+00,1,0,1.6226070620e-05,8.8859267630e+00,1,0
5.8730769231e-01,1.5463094224e-01,1.5344107683e-04,1.7512266296e-05,8.7619200300e+00,1,0,1.7512266296e-05,8.7619200300e+00,1,0
5.8730769231e-01,1.6411590496e-01,1.6329285566e-04,1.9110833244e-05,8.5445178437e+00,1,0,1.9110833244e-05,8.5445178437e+00,1,0
5.8730769231e-01,1.7418266921e-01,1.6477908205e-04,2.0911827497e-05,7.8797074085e+00,1,0,2.0911827497e-05,7.8797074085e+00,1,0
5.8730769231e-01,1.8486692231e-01,1.5281365665e-04,2.3090821883e-05,6.6179392583e+00,1,0,2.3090821883e-05,6.6179392583e+00,1,0
5.8730769231e-01,1.9620654064e-01,1.5453962409e-04,2.5497287038e-05,6.0610222515e+00,1,0,2.5497287038e-05,6.0610222515e+00,1,0
5.8730769231e-01,2.0824172388e-01,1.5953320479e-04,2.8179134342e-05,5.6613948055e+00,1,0,2.8179134342e-05,5.6613948055e+00,1,0
5.8730769231e-01,2.2101513753e-01,1.6654081900e-04,3.1376038073e-05,5.3078982954e+00,1,0,3.1376038073e-05,5.3078982954e+00,1,0
5.8730769231e-01,2.3457206418e-01,1.7484061010e-04,3.4936112110e-05,5.0045812067e+00,1,0,3.4936112110e-05,5.0045812067e+00,1,0
5.8730769231e-01,2.4896056400e-01,1.8355403272e-04,3.8900636762e-05,4.7185354276e+00,1,0,3.8900636762e-05,4.7185354276e+00,1,0
5.8730769231e-01,2.6423164516e-01,1.9270170075e-04,4.3315585708e-05,4.4487843718e+00,1,0,4.3315585708e-05,4.4487843718e+00,1,0
5.8730769231e-01,2.8043944464e-01,2.0230525543e-04,4.3582095597e-05,4.6419350114e+00,1,0,4.3582095597e-05,4.6419350114e+00,1,0
5.8730769231e-01,2.9764142013e-01,2.1238741647e-04,4.3475113717e-05,4.8852641963e+00,1,0,4.3475113717e-05,4.8852641963e+00,1,0
5.8730769231e-01,3.1589855375e-01,2.2297203590e-04,4.3464421774e-05,5.1299896972e+00,1,0,4.3464421774e-05,5.1299896972e+00,1,0
5.8730769231e-01,3.3527556823e-01,2.3408415441e-04,4.3474965590e-05,5.3843436386e+00,1,0,4.3474965590e-05,5.3843436386e+00,1,0
5.8730769231e-01,3.5584115634e-01,2.4575006066e-04,4.3507614095e-05,5.6484379981e+00,1,0,4.3507614095e-05,5.6484379981e+00,1,0
5.8730769231e-01,3.7766822442e-01,2.5641723721e-04,4.3433232369e-05,5.9037106664e+00,1,0,4.3433232369e-05,5.9037106664e+00,1,0
5.8730769231e-01,4.0083415084e-01,2.6754743972e-04,4.3143559772e-05,6.2013297264e+00,1,0,4.3143559772e-05,6.2013297264e+00,1,0
5.8730769231e-01,4.2542106032e-01,2.7630457707e-04,4.2957876612e-05,6.4319887031e+00,1,0,4.2957876612e-05,6.4319887031e+00,1,0
5.8730769231e-01,4.5151611504e-01,2.8176745102e-04,4.2887452145e-05,6.5699274945e+00,1,0,4.2887452145e-05,6.5699274945e+00,1,0
5.8730769231e-01,4.7921182366e-01,2.8437973922e-04,4.2929233522e-05,6.6243842690e+00,1,0,4.2929233522e-05,6.6243842690e+00,1,0
5.8730769231e-01,5.0860636927e-01,2.7724343065e-04,4.3038212655e-05,6.4417970345e+00,1,0,4.3038212655e-05,6.4417970345e+00,1,0
5.8730769231e-01,5.3980395744e-01,2.5999780359e-04,4.3339348721e-05,5.9991165363e+00,1,0,4.3339348721e-05,5.9991165363e+00,1,0
5.8730769231e-01,5.7291518563e-01,2.3176333750e-04,4.3671081112e-05,5.3070208385e+00,1,0,4.3671081112e-05,5.3070208385e+00,1,0
5.8730769231e-01,6.0805743530e-01,2.0468364900e-04,4.3895561175e-05,4.6629691823e+00,1,0,4.3895561175e-05,4.6629691823e+00,1,0
5.8730769231e-01,6.4535528801e-01,1.9362552656e-04,4.4152427869e-05,4.3853879820e+00,1,0,4.4152427869e-05,4.3853879820e+00,1,0
5.8730769231e-01,6.8494096706e-01,2.8702060691e-04,4.4707168969e-05,6.4200130209e+00,1,0,4.4707168969e-05,6.4200130209e+00,1,0
5.8730769231e-01,7.2695480624e-01,3.6938019807e-04,4.5325778158e-05,8.1494507780e+00,1,0,4.5325778158e-05,8.1494507780e+00,1,0
5.8730769231e-01,7.7154574735e-01,4.3328574507e-04,4.5545782782e-05,9.5131913122e+00,1,0,4.5545782782e-05,9.5131913122e+00,1,0
5.8730769231e-01,8.1887186816e-01,3.8770138149e-04,4.4949634554e-05,8.6252399010e+00,1,0,4.4949634554e-05,8.6252399010e+00,1,0
5.8730769231e-01,8.6910094284e-01,4.5107555370e-04,4.5456368817e-05,9.9232641199e+00,1,0,4.5456368817e-05,9.9232641199e+00,1,0
5.8730769231e-01,9.2241103671e-01,5.6300572850e-04,4.6892891195e-05,1.2006206360e+01,1,0,4.6892891195e-05,1.2006206360e+01,1,0
5.8730769231e-01,9.7899113751e-01,5.9159254735e-04,2.9279971577e-05,2.0204683116e+01,1,0,2.9279971577e-05,2.0204683116e+01,1,0
5.8730769231e-01,1.0390418254e+00,6.1257896259e-04,2.7579882078e-05,2.2211079832e+01,1,0,2.7579882078e-05,2.2211079832e+01,1,0
5.8730769231e-01,1.1027759839e+00,6.2389853722e-04,2.7001555106e-05,2.3106022404e+01,1,0,2.7001555106e-05,2.3106022404e+01,1,0
5.8730769231e-01,1.1704195547e+00,6.2560108582e-04,2.6502039797e-05,2.3605771126e+01,1,0,2.6502039797e-05,2.3605771126e+01,1,0
5.8730769231e-01,1.2422123388e+00,6.2730828048e-04,2.6462475816e-05,2.3705577847e+01,1,0,2.6462475816e-05,2.3705577847e+01,1,0
5.8730769231e-01,1.3184088462e+00,6.4776178019e-04,2.6761912834e-05,2.4204614379e+01,1,0,2.6761912834e-05,2.4204614379e+01,1,0
5.8730769231e-01,1.3992791984e+00,6.7946801792e-04,2.6560317550e-05,2.5582074335e+01,1,0,2.6560317550e-05,2.5582074335e+01,1,0
5.8730769231e-01,1.4851100861e+00,7.4275269078e-04,2.6655869137e-05,2.7864508449e+01,1,0,2.6655869137e-05,2.7864508449e+01,1,0
5.8730769231e-01,1.5762057853e+00,7.9904344355e-04,2.6775442098e-05,2.9842399637e+01,1,0,2.6775442098e-05,2.9842399637e+01,1,0
5.8730769231e-01,1.6728892362e+00,8.3167471439e-04,2.6933926062e-05,3.0878332125e+01,1,0,2.6933926062e-05,3.0878332125e+01,1,0
5.8730769231e-01,1.7755031880e+00,8.7366806845e-04,2.7093212901e-05,3.2246750197e+01,1,0,2.7093212901e-05,3.2246750197e+01,1,0
5.8730769231e-01,1.8844114137e+00,9.3190581478e-04,2.7305807560e-05,3.4128483940e+01,1,0,2.7305807560e-05,3.4128483940e+01,1,0
5.8730769231e-01,2.0000000000e+00,9.7730219669e-04,2.7581271348e-05,3.5433544174e+01,1,0,2.7581271348e-05,3.5433544174e+01,1,0
5.8984615385e-01,1.0000000000e-02,9.1637836167e-06,3.0348659939e-06,3.0195018940e+00,1,0,3.0348659939e-06,3.0195018940e+00,1,0
5.8984615385e-01,1.0613393580e-02,9.7287667875e-06,3.2250071424e-06,3.0166651911e+00,1,0,3.2250071424e-06,3.0166651911e+00,1,0
5.8984615385e-01,1.1264412328e-02,1.0328583385e-05,3.4279706814e-06,3.0130314244e+00,1,0,3.4279706814e-06,3.0130314244e+00,1,0
5.8984615385e-01,1.1955364149e-02,1.0965381026e-05,3.6584997574e-06,2.9972343182e+00,1,0,3.6584997574e-06,2.9972343182e+00,1,0
5.8984615385e-01,1.2688698510e-02,1.1641439737e-05,3.9394659167e-06,2.9550807098e+00,1,0,3.9394659167e-06,2.9550807098e+00,1,0
5.8984615385e-01,1.3467015131e-02,1.2359180117e-05,4.2833091808e-06,2.8854279707e+00,1,0,4.2833091808e-06,2.8854279707e+00,1,0
5.8984615385e-01,1.4293073193e-02,1.3121172004e-05,4.6582734931e-06,2.8167457372e+00,1,0,4.6582734931e-06,2.8167457372e+00,1,0
5.8984615385e-01,1.5169801127e-02,1.3930143678e-05,5.0819497839e-06,2.7411021891e+00,1,0,5.0819497839e-06,2.7411021891e+00,1,0
5.8984615385e-01,1.6100306989e-02,1.4788991624e-05,5.6030833073e-06,2.6394381117e+00,1,0,5.6030833073e-06,2.6394381117e+00,1,0
5.8984615385e-01,1.7087889483e-02,1.5700790913e-05,6.1924606296e-06,2.5354688309e+00,1,0,6.1924606296e-06,2.5354688309e+00,1,0
5.8984615385e-01,1.8136049653e-02,1.6668806201e-05,6.8514498348e-06,2.4328874330e+00,1,0,6.8514498348e-06,2.4328874330e+00,1,0
5.8984615385e-01,1.9248503296e-02,1.7817772330e-05,7.5897933110e-06,2.3475965154e+00,1,0,7.5897933110e-06,2.3475965154e+00,1,0
5.8984615385e-01,2.0429194130e-02,1.9045935682e-05,8.4140399385e-06,2.2635898832e+00,1,0,8.4140399385e-06,2.2635898832e+00,1,0
5.8984615385e-01,2.1682307783e-02,2.0156224506e-05,9.3708028786e-06,2.1509602504e+00,1,0,9.3708028786e-06,2.1509602504e+00,1,0
5.8984615385e-01,2.3012286622e-02,2.1331237967e-05,1.0461730826e-05,2.0389779016e+00,1,0,1.0461730826e-05,2.0389779016e+00,1,0
5.8984615385e-01,2.4423845509e-02,2.2801137917e-05,1.1678665408e-05,1.9523753032e+00,1,0,1.1678665408e-05,1.9523753032e+00,1,0
5.8984615385e-01,2.5921988513e-02,2.4372326215e-05,1.3091795141e-05,1.8616489146e+00,1,0,1.3091795141e-05,1.8616489146e+00,1,0
5.8984615385e-01,2.7512026646e-02,2.5794706864e-05,1.4719574693e-05,1.7524084359e+00,1,0,1.4719574693e-05,1.7524084359e+00,1,0
5.8984615385e-01,2.9199596698e-02,2.7300098329e-05,1.6551481993e-05,1.6494050709e+00,1,0,1.6551481993e-05,1.6494050709e+00,1,0
5.8984615385e-01,3.0990681213e-02,2.9215304868e-05,1.8619970174e-05,1.5690307017e+00,1,0,1.8619970174e-05,1.5690307017e+00,1,0
5.8984615385e-01,3.2891629703e-02,3.1264870486e-05,2.1035081541e-05,1.4863203846e+00,1,0,2.1035081541e-05,1.4863203846e+00,1,0
5.8984615385e-01,3.4909181152e-02,3.3094186860e-05,2.3884436936e-05,1.3855962755e+00,1,0,2.3884436936e-05,1.3855962755e+00,1,0
5.8984615385e-01,3.7050487912e-02,3.5228770031e-05,2.7197009840e-05,1.2953177661e+00,1,0,2.3760910584e-05,1.4826355205e+00,1,0
5.8984615385e-01,3.9323141054e-02,3.7501034339e-05,3.0855264648e-05,1.2153852760e+00,1,0,2.0609917000e-05,1.8195626086e+00,1,0
5.8984615385e-01,4.1735197281e-02,3.9919860252e-05,3.4902774910e-05,1.1437445978e+00,1,0,1.8310255186e-05,2.1801913653e+00,1,0
5.8984615385e-01,4.4295207488e-02,4.2494701031e-05,3.7057007747e-05,1.1467385959e+00,1,0,1.6117371817e-05,2.6365775707e+00,1,0
5.8984615385e-01,4.7012247078e-02,4.5235619671e-05,3.6907122648e-05,1.2256609680e+00,1,0,1.5002214675e-05,3.0152627896e+00,1,0
5.8984615385e-01,4.9895948132e-02,4.8153328236e-05,3.6837341916e-05,1.3071879167e+00,1,0,1.3933499716e-05,3.4559392268e+00,1,0
5.8984615385e-01,5.2956533557e-02,5.1259229719e-05,3.8210319607e-05,1.3415022498e+00,1,0,1.3358075656e-05,3.8373214107e+00,1,0
5.8984615385e-01,5.6204853327e-02,5.4565462609e-05,3.9752536180e-05,1.3726284623e+00,1,0,1.2976561337e-05,4.2049246478e+00,1,0
5.8984615385e-01,5.9652422947e-02,5.8084948332e-05,4.1198288344e-05,1.4098874169e+00,1,0,1.2912278853e-05,4.4984273493e+00,1,0
5.8984615385e-01,6.3311464273e-02,6.1831441747e-05,4.2696389113e-05,1.4481655951e+00,1,0,1.3033874432e-05,4.7439034392e+00,1,0
5.8984615385e-01,6.7194948846e-02,6.5819584907e-05,4.4487956271e-05,1.4794922137e+00,1,0,1.3372123869e-05,4.9221489087e+00,1,0
5.8984615385e-01,7.1316643869e-02,7.0064964278e-05,1.2727060568e-05,5.5051961059e+00,1,0,1.2727060568e-05,5.5051961059e+00,1,0
5.8984615385e-01,7.5691161018e-02,7.4584171660e-05,1.2208684502e-05,6.1091079592e+00,1,0,1.2208684502e-05,6.1091079592e+00,1,0
5.8984615385e-01,8.0334008241e-02,7.9394869027e-05,1.1663063921e-05,6.8073766521e+00,1,0,1.1663063921e-05,6.8073766521e+00,1,0
5.8984615385e-01,8.5261644732e-02,8.4515857555e-05,1.1575359120e-05,7.3013594374e+00,1,0,1.1575359120e-05,7.3013594374e+00,1,0
5.8984615385e-01,9.0491539282e-02,8.9967151098e-05,1.2023369052e-05,7.4826906426e+00,1,0,1.2023369052e-05,7.4826906426e+00,1,0
5.8984615385e-01,9.6042232206e-02,9.5770054412e-05,1.1853819533e-05,8.0792569978e+00,1,0,1.1853819533e-05,8.0792569978e+00,1,0
5.8984615385e-01,1.0193340107e-01,1.0194724641e-04,1.2084321031e-05,8.4363239072e+00,1,0,1.2084321031e-05,8.4363239072e+00,1,0
5.8984615385e-01,1.0818593045e-01,1.0852286881e-04,1.2539016595e-05,8.6548149920e+00,1,0,1.2539016595e-05,8.6548149920e+00,1,0
5.8984615385e-01,1.1482198597e-01,1.1552262047e-04,1.3030975075e-05,8.8652322491e+00,1,0,1.3030975075e-05,8.8652322491e+00,1,0
5.8984615385e-01,1.2186509287e-01,1.2297385783e-04,1.3591785416e-05,9.0476603381e+00,1,0,1.3591785416e-05,9.0476603381e+00,1,0
5.8984615385e-01,1.2934021943e-01,1.3090570182e-04,1.4191639332e-05,9.2241423812e+00,1,0,1.4191639332e-05,9.2241423812e+00,1,0
5.8984615385e-01,1.3727386545e-01,1.3934915170e-04,1.5144331288e-05,9.2014067211e+00,1,0,1.5144331288e-05,9.2014067211e+00,1,0
5.8984615385e-01,1.4569415623e-01,1.4833720617e-04,1.6162750606e-05,9.1777204131e+00,1,0,1.6162750606e-05,9.1777204131e+00,1,0
5.8984615385e-01,1.5463094224e-01,1.5790499235e-04,1.7472070946e-05,9.0375658866e+00,1,0,1.7472070946e-05,9.0375658866e+00,1,0
5.8984615385e-01,1.6411590496e-01,1.6639105919e-04,1.9066995149e-05,8.7266534598e+00,1,0,1.9066995149e-05,8.7266534598e+00,1,0
5.8984615385e-01,1.7418266921e-01,1.6700614391e-04,2.0881623663e-05,7.9977566212e+00,1,0,2.0881623663e-05,7.9977566212e+00,1,0
5.8984615385e-01,1.8486692231e-01,1.5544548758e-04,2.3057499208e-05,6.7416455782e+00,1,0,2.3057499208e-05,6.7416455782e+00,1,0
5.8984615385e-01,1.9620654064e-01,1.5761741927e-04,2.5460521094e-05,6.1906595976e+00,1,0,2.5460521094e-05,6.1906595976e+00,1,0
5.8984615385e-01,2.0824172388e-01,1.6288279362e-04,2.8155448122e-05,5.7851252415e+00,1,0,2.8155448122e-05,5.7851252415e+00,1,0
5.8984615385e-01,2.2101513753e-01,1.7013551527e-04,3.1349696984e-05,5.4270226392e+00,1,0,3.1349696984e-05,5.4270226392e+00,1,0
5.8984615385e-01,2.3457206418e-01,1.7771118061e-04,3.4906816156e-05,5.0910166030e+00,1,0,3.4906816156e-05,5.0910166030e+00,1,0
5.8984615385e-01,2.4896056400e-01,1.8763677159e-04,3.8868051926e-05,4.8275321835e+00,1,0,3.8868051926e-05,4.8275321835e+00,1,0
5.8984615385e-01,2.6423164516e-01,1.9685939118e-04,4.3279340089e-05,4.5485765442e+00,1,0,4.3279340089e-05,4.5485765442e+00,1,0
5.8984615385e-01,2.8043944464e-01,2.0653531591e-04,4.3196840515e-05,4.7812597738e+00,1,0,4.3196840515e-05,4.7812597738e+00,1,0
5.8984615385e-01,2.9764142013e-01,2.1668682638e-04,4.3100262551e-05,5.0275059491e+00,1,0,4.3100262551e-05,5.0275059491e+00,1,0
5.8984615385e-01,3.1589855375e-01,2.2733729832e-04,4.3091159702e-05,5.2757294046e+00,1,0,4.3091159702e-05,5.2757294046e+00,1,0
5.8984615385e-01,3.3527556823e-01,2.3851125641e-04,4.3103171140e-05,5.5334967267e+00,1,0,4.3103171140e-05,5.5334967267e+00,1,0
5.8984615385e-01,3.5584115634e-01,2.5023443076e-04,4.3137161586e-05,5.8009016253e+00,1,0,4.3137161586e-05,5.8009016253e+00,1,0
5.8984615385e-01,3.7766822442e-01,2.6253381613e-04,4.3038525084e-05,6.0999724228e+00,1,0,4.3038525084e-05,6.0999724228e+00,1,0
5.8984615385e-01,4.0083415084e-01,2.7198119049e-04,4.2753215959e-05,6.3616545419e+00,1,0,4.2753215959e-05,6.3616545419e+00,1,0
5.8984615385e-01,4.2542106032e-01,2.8176853203e-04,4.2583010719e-05,6.6169236808e+00,1,0,4.2583010719e-05,6.6169236808e+00,1,0
5.8984615385e-01,4.5151611504e-01,2.8715567942e-04,4.2519267768e-05,6.7535424408e+00,1,0,4.2519267768e-05,6.7535424408e+00,1,0
5.8984615385e-01,4.7921182366e-01,2.8941488888e-04,4.2564713557e-05,6.7994088224e+00,1,0,4.2564713557e-05,6.7994088224e+00,1,0
5.8984615385e-01,5.0860636927e-01,2.8138814426e-04,4.2689189138e-05,6.5915551442e+00,1,0,4.2689189138e-05,6.5915551442e+00,1,0
5.8984615385e-01,5.3980395744e-01,2.6289955640e-04,4.2989938059e-05,6.1153741614e+00,1,0,4.2989938059e-05,6.1153741614e+00,1,0
5.8984615385e-01,5.7291518563e-01,2.3366231674e-04,4.3311077173e-05,5.3949781902e+00,1,0,4.3311077173e-05,5.3949781902e+00,1,0
5.8984615385e-01,6.0805743530e-01,2.0767657052e-04,4.3535910843e-05,4.7702360303e+00,1,0,4.3535910843e-05,4.7702360303e+00,1,0
5.8984615385e-01,6.4535528801e-01,1.9779654379e-04,4.3792949955e-05,4.5166298226e+00,1,0,4.3792949955e-05,4.5166298226e+00,1,0
5.8984615385e-01,6.8494096706e-01,2.9857352883e-04,4.4366223362e-05,6.7297485837e+00,1,0,4.4366223362e-05,6.7297485837e+00,1,0
5.8984615385e-01,7.2695480624e-01,3.8173677680e-04,4.4982571132e-05,8.4863263080e+00,1,0,4.4982571132e-05,8.4863263080e+00,1,0
5.8984615385e-01,7.7154574735e-01,4.4344357843e-04,4.5110336135e-05,9.8301989394e+00,1,0,4.5110336135e-05,9.8301989394e+00,1,0
5.8984615385e-01,8.1887186816e-01,3.8265676917e-04,4.4522425193e-05,8.5946973355e+00,1,0,4.4522425193e-05,8.5946973355e+00,1,0
5.8984615385e-01,8.6910094284e-01,4.9770198197e-04,4.5166419456e-05,1.1019292385e+01,1,0,4.5166419456e-05,1.1019292385e+01,1,0
5.8984615385e-01,9.2241103671e-01,5.7464067271e-04,4.6596533855e-05,1.2332262192e+01,1,0,4.6596533855e-05,1.2332262192e+01,1,0
5.8984615385e-01,9.7899113751e-01,6.0501131838e-04,2.8778354276e-05,2.1023138174e+01,1,0,2.8778354276e-05,2.1023138174e+01,1,0
5.8984615385e-01,1.0390418254e+00,6.2477508506e-04,2.7294414864e-05,2.2890217217e+01,1,0,2.7294414864e-05,2.2890217217e+01,1,0
5.8984615385e-01,1.1027759839e+00,6.3588146470e-04,2.6732610313e-05,2.3786733029e+01,1,0,2.6732610313e-05,2.3786733029e+01,1,0
5.8984615385e-01,1.1704195547e+00,6.3693549303e-04,2.6239839425e-05,2.4273604831e+01,1,0,2.6239839425e-05,2.4273604831e+01,1,0
5.8984615385e-01,1.2422123388e+00,6.4311768440e-04,2.6266501240e-05,2.4484330004e+01,1,0,2.6266501240e-05,2.4484330004e+01,1,0
5.8984615385e-01,1.3184088462e+00,6.6079008956e-04,2.6516260973e-05,2.4920183514e+01,1,0,2.6516260973e-05,2.4920183514e+01,1,0
5.8984615385e-01,1.3992791984e+00,6.9637945692e-04,2.6338269463e-05,2.6439833411e+01,1,0,2.6338269463e-05,2.6439833411e+01,1,0
5.8984615385e-01,1.4851100861e+00,7.6085411637e-04,2.6434714559e-05,2.8782384416e+01,1,0,2.6434714559e-05,2.8782384416e+01,1,0
5.8984615385e-01,1.5762057853e+00,8.1629974689e-04,2.6554999086e-05,3.0739965167e+01,1,0,2.6554999086e-05,3.0739965167e+01,1,0
5.8984615385e-01,1.6728892362e+00,8.4948859973e-04,2.6715106381e-05,3.1798061651e+01,1,0,2.6715106381e-05,3.1798061651e+01,1,0
5.8984615385e-01,1.7755031880e+00,8.9307513574e-04,2.6872379458e-05,3.3233943318e+01,1,0,2.6872379458e-05,3.3233943318e+01,1,0
5.8984615385e-01,1.8844114137e+00,9.5333545356e-04,2.7088663426e-05,3.5193152153e+01,1,0,2.7088663426e-05,3.5193152153e+01,1,0
5.8984615385e-01,2.0000000000e+00,9.9910451372e-04,2.7366162696e-05,3.6508754436e+01,1,0,2.7366162696e-05,3.6508754436e+01,1,0
5.9238461538e-01,1.0000000000e-02,9.3585098354e-06,3.0215330228e-06,3.0972720685e+00,1,0,3.0215330228e-06,3.0972720685e+00,1,0
5.9238461538e-01,1.0613393580e-02,9.9357157037e-06,3.2115909617e-06,3.0937052141e+00,1,0,3.2115909617e-06,3.0937052141e+00,1,0
5.9238461538e-01,1.1264412328e-02,1.0548521964e-05,3.4136455900e-06,3.0901046068e+00,1,0,3.4136455900e-06,3.0901046068e+00,1,0
5.9238461538e-01,1.1955364149e-02,1.1199124344e-05,3.6452544187e-06,3.0722476563e+00,1,0,3.6452544187e-06,3.0722476563e+00,1,0
5.9238461538e-01,1.2688698510e-02,1.1889854002e-05,3.9293964650e-06,3.0258728300e+00,1,0,3.9293964650e-06,3.0258728300e+00,1,0
5.9238461538e-01,1.3467015131e-02,1.2623185870e-05,4.2724244043e-06,2.9545720826e+00,1,0,4.2724244043e-06,2.9545720826e+00,1,0
5.9238461538e-01,1.4293073193e-02,1.3401747531e-05,4.6473259199e-06,2.8837546068e+00,1,0,4.6473259199e-06,2.8837546068e+00,1,0
5.9238461538e-01,1.5169801127e-02,1.4228328627e-05,5.0704894351e-06,2.8061055662e+00,1,0,5.0704894351e-06,2.8061055662e+00,1,0
5.9238461538e-01,1.6100306989e-02,1.5105890859e-05,5.5953582404e-06,2.6997182683e+00,1,0,5.5953582404e-06,2.6997182683e+00,1,0
5.9238461538e-01,1.7087889483e-02,1.6037578596e-05,6.1839974201e-06,2.5933999494e+00,1,0,6.1839974201e-06,2.5933999494e+00,1,0
5.9238461538e-01,1.8136049653e-02,1.7026730143e-05,6.8431569447e-06,2.4881396526e+00,1,0,6.8431569447e-06,2.4881396526e+00,1,0
5.9238461538e-01,1.9248503296e-02,1.8204126674e-05,7.5806886621e-06,2.4013816534e+00,1,0,7.5806886621e-06,2.4013816534e+00,1,0
5.9238461538e-01,2.0429194130e-02,1.9462940046e-05,8.4070817655e-06,2.3150649166e+00,1,0,8.4070817655e-06,2.3150649166e+00,1,0
5.9238461538e-01,2.1682307783e-02,2.0593865492e-05,9.3638662913e-06,2.1992908540e+00,1,0,9.3638662913e-06,2.1992908540e+00,1,0
5.9238461538e-01,2.3012286622e-02,2.1790505181e-05,1.0455172630e-05,2.0841841595e+00,1,0,1.0455172630e-05,2.0841841595e+00,1,0
5.9238461538e-01,2.4423845509e-02,2.3296621978e-05,1.1671022249e-05,1.9961080941e+00,1,0,1.1671022249e-05,1.9961080941e+00,1,0
5.9238461538e-01,2.5921988513e-02,2.4906838601e-05,1.3089980871e-05,1.9027406415e+00,1,0,1.3089980871e-05,1.9027406415e+00,1,0
5.9238461538e-01,2.7512026646e-02,2.6356674531e-05,1.4717649137e-05,1.7908209583e+00,1,0,1.4717649137e-05,1.7908209583e+00,1,0
5.9238461538e-01,2.9199596698e-02,2.8048263219e-05,1.6549438324e-05,1.6948166258e+00,1,0,1.6549438324e-05,1.6948166258e+00,1,0
5.9238461538e-01,3.0990681213e-02,2.9848419181e-05,1.8622772086e-05,1.6027914127e+00,1,0,1.8622772086e-05,1.6027914127e+00,1,0
5.9238461538e-01,3.2891629703e-02,3.1764110335e-05,2.1040704814e-05,1.5096504901e+00,1,0,2.1040704814e-05,1.5096504901e+00,1,0
5.9238461538e-01,3.4909181152e-02,3.3802751806e-05,2.3899291776e-05,1.4143829919e+00,1,0,2.3899291776e-05,1.4143829919e+00,1,0
5.9238461538e-01,3.7050487912e-02,3.5972234626e-05,2.7220008422e-05,1.3215364988e+00,1,0,2.3454453273e-05,1.5337059537e+00,1,0
5.9238461538e-01,3.9323141054e-02,3.8280956279e-05,3.0862489065e-05,1.2403716433e+00,1,0,2.0356657241e-05,1.8805128870e+00,1,0
5.9238461538e-01,4.1735197281e-02,4.0737853204e-05,3.4917462416e-05,1.1666899707e+00,1,0,1.8093252509e-05,2.2515494759e+00,1,0
5.9238461538e-01,4.4295207488e-02,4.3352435389e-05,3.6731824968e-05,1.1802418046e+00,1,0,1.5926436618e-05,2.7220423770e+00,1,0
5.9238461538e-01,4.7012247078e-02,4.6134823175e-05,3.6574657009e-05,1.2613877189e+00,1,0,1.4754848469e-05,3.1267568265e+00,1,0
5.9238461538e-01,4.9895948132e-02,4.9095786438e-05,3.6528109566e-05,1.3440549490e+00,1,0,1.3776586345e-05,3.5637120263e+00,1,0
5.9238461538e-01,5.2956533557e-02,5.2246786269e-05,3.8017173675e-05,1.3742943312e+00,1,0,1.3200003210e-05,3.9580889062e+00,1,0
5.9238461538e-01,5.6204853327e-02,5.5600019339e-05,3.9514577221e-05,1.4070761539e+00,1,0,1.2843624681e-05,4.3289975160e+00,1,0
5.9238461538e-01,5.9652422947e-02,5.9168465110e-05,4.0951271589e-05,1.4448504971e+00,1,0,1.2802147691e-05,4.6217608591e+00,1,0
5.9238461538e-01,6.3311464273e-02,6.2965936076e-05,4.2440538482e-05,1.4836271718e+00,1,0,1.2946043569e-05,4.8637203899e+00,1,0
5.9238461538e-01,6.7194948846e-02,6.7007131223e-05,4.4246106794e-05,1.5144186930e+00,1,0,1.3283644810e-05,5.0443332522e+00,1,0
5.9238461538e-01,7.1316643869e-02,7.1307692930e-05,1.2584294545e-05,5.6664036810e+00,1,0,1.2584294545e-05,5.6664036810e+00,1,0
5.9238461538e-01,7.5691161018e-02,7.5884267513e-05,1.2064429875e-05,6.2899174103e+00,1,0,1.2064429875e-05,6.2899174103e+00,1,0
5.9238461538e-01,8.0334008241e-02,8.0754569660e-05,1.1525262992e-05,7.0067442031e+00,1,0,1.1525262992e-05,7.0067442031e+00,1,0
5.9238461538e-01,8.5261644732e-02,8.5937450998e-05,1.1477661936e-05,7.4873655868e+00,1,0,1.1477661936e-05,7.4873655868e+00,1,0
5.9238461538e-01,9.0491539282e-02,9.1452973066e-05,1.1949011396e-05,7.6536016274e+00,1,0,1.1949011396e-05,7.6536016274e+00,1,0
5.9238461538e-01,9.6042232206e-02,9.7322484964e-05,1.1768772448e-05,8.2695527843e+00,1,0,1.1768772448e-05,8.2695527843e+00,1,0
5.9238461538e-01,1.0193340107e-01,1.0356870599e-04,1.2001975974e-05,8.6293045594e+00,1,0,1.2001975974e-05,8.6293045594e+00,1,0
5.9238461538e-01,1.0818593045e-01,1.1021581359e-04,1.2466197606e-05,8.8411733130e+00,1,0,1.2466197606e-05,8.8411733130e+00,1,0
5.9238461538e-01,1.1482198597e-01,1.1728953692e-04,1.2958486296e-05,9.0511757497e+00,1,0,1.2958486296e-05,9.0511757497e+00,1,0
5.9238461538e-01,1.2186509287e-01,1.2481725646e-04,1.3516613865e-05,9.2343583760e+00,1,0,1.3516613865e-05,9.2343583760e+00,1,0
5.9238461538e-01,1.2934021943e-01,1.3282810999e-04,1.4135214182e-05,9.3969647916e+00,1,0,1.4135214182e-05,9.3969647916e+00,1,0
5.9238461538e-01,1.3727386545e-01,1.4135310536e-04,1.5085464258e-05,9.3701528135e+00,1,0,1.5085464258e-05,9.3701528135e+00,1,0
5.9238461538e-01,1.4569415623e-01,1.5042524053e-04,1.6099949770e-05,9.3432117915e+00,1,0,1.6099949770e-05,9.3432117915e+00,1,0
5.9238461538e-01,1.5463094224e-01,1.6007963130e-04,1.7432141661e-05,9.1830157426e+00,1,0,1.7432141661e-05,9.1830157426e+00,1,0
5.9238461538e-01,1.6411590496e-01,1.7035364721e-04,1.9023447062e-05,8.9549305476e+00,1,0,1.9023447062e-05,8.9549305476e+00,1,0
5.9238461538e-01,1.7418266921e-01,1.6894058239e-04,2.0851594778e-05,8.1020461115e+00,1,0,2.0851594778e-05,8.1020461115e+00,1,0
5.9238461538e-01,1.8486692231e-01,1.5810985245e-04,2.3024369387e-05,6.8670654901e+00,1,0,2.3024369387e-05,6.8670654901e+00,1,0
5.9238461538e-01,1.9620654064e-01,1.6067886577e-04,2.5423967768e-05,6.3199759865e+00,1,0,2.5423967768e-05,6.3199759865e+00,1,0
5.9238461538e-01,2.0824172388e-01,1.6621755390e-04,2.8131885547e-05,5.9085109537e+00,1,0,2.8131885547e-05,5.9085109537e+00,1,0
5.9238461538e-01,2.2101513753e-01,1.7371305373e-04,3.1323493237e-05,5.5457752562e+00,1,0,3.1323493237e-05,5.5457752562e+00,1,0
5.9238461538e-01,2.3457206418e-01,1.8154655949e-04,3.4877672782e-05,5.2052371907e+00,1,0,3.4877672782e-05,5.2052371907e+00,1,0
5.9238461538e-01,2.4896056400e-01,1.9156372740e-04,3.8835636621e-05,4.9326789533e+00,1,0,3.8835636621e-05,4.9326789533e+00,1,0
5.9238461538e-01,2.6423164516e-01,2.0213361112e-04,4.2974172613e-05,4.7036068137e+00,1,0,4.2974172613e-05,4.7036068137e+00,1,0
5.9238461538e-01,2.8043944464e-01,2.1132545758e-04,4.2816724382e-05,4.9355820800e+00,1,0,4.2816724382e-05,4.9355820800e+00,1,0
5.9238461538e-01,2.9764142013e-01,2.2093529511e-04,4.2730337281e-05,5.1704552120e+00,1,0,4.2730337281e-05,5.1704552120e+00,1,0
5.9238461538e-01,3.1589855375e-01,2.3314581480e-04,4.2722794608e-05,5.4571761266e+00,1,0,4.2722794608e-05,5.4571761266e+00,1,0
5.9238461538e-01,3.3527556823e-01,2.4418593535e-04,4.2736246014e-05,5.7137900054e+00,1,0,4.2736246014e-05,5.7137900054e+00,1,0
5.9238461538e-01,3.5584115634e-01,2.5574883715e-04,4.2771552051e-05,5.9794144680e+00,1,0,4.2771552051e-05,5.9794144680e+00,1,0
5.9238461538e-01,3.7766822442e-01,2.6785927540e-04,4.2649198981e-05,6.2805230062e+00,1,0,4.2649198981e-05,6.2805230062e+00,1,0
5.9238461538e-01,4.0083415084e-01,2.7754476783e-04,4.2368183291e-05,6.5507828343e+00,1,0,4.2368183291e-05,6.5507828343e+00,1,0
5.9238461538e-01,4.2542106032e-01,2.8758047685e-04,4.2213134736e-05,6.8125828287e+00,1,0,4.2213134736e-05,6.8125828287e+00,1,0
5.9238461538e-01,4.5151611504e-01,2.9251421760e-04,4.2158022325e-05,6.9385184946e+00,1,0,4.2158022325e-05,6.9385184946e+00,1,0
5.9238461538e-01,4.7921182366e-01,2.9430218118e-04,4.2204973082e-05,6.9731635798e+00,1,0,4.2204973082e-05,6.9731635798e+00,1,0
5.9238461538e-01,5.0860636927e-01,2.8537351031e-04,4.2344620396e-05,6.7393096843e+00,1,0,4.2344620396e-05,6.7393096843e+00,1,0
5.9238461538e-01,5.3980395744e-01,2.6555325815e-04,4.2644975921e-05,6.2270701863e+00,1,0,4.2644975921e-05,6.2270701863e+00,1,0
5.9238461538e-01,5.7291518563e-01,2.3545780475e-04,4.2955722424e-05,5.4814071668e+00,1,0,4.2955722424e-05,5.4814071668e+00,1,0
5.9238461538e-01,6.0805743530e-01,2.0877310339e-04,4.3180892455e-05,4.8348492010e+00,1,0,4.3180892455e-05,4.8348492010e+00,1,0
5.9238461538e-01,6.4535528801e-01,2.0289008416e-04,4.3456286138e-05,4.6688316511e+00,1,0,4.3456286138e-05,4.6688316511e+00,1,0
5.9238461538e-01,6.8494096706e-01,3.1023563334e-04,4.4029496525e-05,7.0460863245e+00,1,0,4.4029496525e-05,7.0460863245e+00,1,0
5.9238461538e-01,7.2695480624e-01,3.9419603482e-04,4.4643597660e-05,8.8298447141e+00,1,0,4.4643597660e-05,8.8298447141e+00,1,0
5.9238461538e-01,7.7154574735e-01,4.5289835702e-04,4.4681077500e-05,1.0136245193e+01,1,0,4.4681077500e-05,1.0136245193e+01,1,0
5.9238461538e-01,8.1887186816e-01,3.7769193712e-04,4.4101267494e-05,8.5641968720e+00,1,0,4.4101267494e-05,8.5641968720e+00,1,0
5.9238461538e-01,8.6910094284e-01,5.2423454550e-04,4.4879742359e-05,1.1680872437e+01,1,0,4.4879742359e-05,1.1680872437e+01,1,0
5.9238461538e-01,9.2241103671e-01,5.8693268617e-04,4.6303508903e-05,1.2675771234e+01,1,0,4.6303508903e-05,1.2675771234e+01,1,0
5.9238461538e-01,9.7899113751e-01,6.1783284769e-04,2.8287552917e-05,2.1841155702e+01,1,0,2.8287552917e-05,2.1841155702e+01,1,0
5.9238461538e-01,1.0390418254e+00,6.3687848124e-04,2.7013228654e-05,2.3576540569e+01,1,0,2.7013228654e-05,2.3576540569e+01,1,0
5.9238461538e-01,1.1027759839e+00,6.4766773817e-04,2.6467600335e-05,2.4470209991e+01,1,0,2.6467600335e-05,2.4470209991e+01,1,0
5.9238461538e-01,1.1704195547e+00,6.4807754373e-04,2.5981459754e-05,2.4943846492e+01,1,0,2.5981459754e-05,2.4943846492e+01,1,0
5.9238461538e-01,1.2422123388e+00,6.5559366559e-04,2.6072928913e-05,2.5144611401e+01,1,0,2.6072928913e-05,2.5144611401e+01,1,0
5.9238461538e-01,1.3184088462e+00,6.7393620691e-04,2.6274024766e-05,2.5650284375e+01,1,0,2.6274024766e-05,2.5650284375e+01,1,0
5.9238461538e-01,1.3992791984e+00,7.1341595557e-04,2.6119139552e-05,2.7313914922e+01,1,0,2.6119139552e-05,2.7313914922e+01,1,0
5.9238461538e-01,1.4851100861e+00,7.7893908584e-04,2.6216453749e-05,2.9711840254e+01,1,0,2.6216453749e-05,2.9711840254e+01,1,0
5.9238461538e-01,1.5762057853e+00,8.3323808571e-04,2.6337519626e-05,3.1636923201e+01,1,0,2.6337519626e-05,3.1636923201e+01,1,0
5.9238461538e-01,1.6728892362e+00,8.6732136988e-04,2.6499115095e-05,3.2730201245e+01,1,0,2.6499115095e-05,3.2730201245e+01,1,0
5.9238461538e-01,1.7755031880e+00,9.1240869370e-04,2.6654405566e-05,3.4231065158e+01,1,0,2.6654405566e-05,3.4231065158e+01,1,0
5.9238461538e-01,1.8844114137e+00,9.7423770309e-04,2.6874290778e-05,3.6251661900e+01,1,0,2.6874290778e-05,3.6251661900e+01,1,0
5.9238461538e-01,2.0000000000e+00,1.0212077373e-03,2.7153768508e-05,3.7608324496e+01,1,0,2.7153768508e-05,3.7608324496e+01,1,0
5.9492307692e-01,1.0000000000e-02,9.5523425879e-06,3.0085417316e-06,3.1750739860e+00,1,0,3.0085417316e-06,3.1750739860e+00,1,0
5.9492307692e-01,1.0613393580e-02,1.0141745577e-05,3.1982916774e-06,3.1709883274e+00,1,0,3.1982916774e-06,3.1709883274e+00,1,0
5.9492307692e-01,1.1264412328e-02,1.0767516177e-05,3.3994453482e-06,3.1674332350e+00,1,0,3.3994453482e-06,3.1674332350e+00,1,0
5.9492307692e-01,1.1955364149e-02,1.1431898359e-05,3.6321175416e-06,3.1474472475e+00,1,0,3.6321175416e-06,3.1474472475e+00,1,0
5.9492307692e-01,1.2688698510e-02,1.2137274553e-05,3.9193999241e-06,3.0967175557e+00,1,0,3.9193999241e-06,3.0967175557e+00,1,0
5.9492307692e-01,1.3467015131e-02,1.2886174190e-05,4.2616180724e-06,3.0237750006e+00,1,0,4.2616180724e-06,3.0237750006e+00,1,0
5.9492307692e-01,1.4293073193e-02,1.3681282773e-05,4.6366410333e-06,2.9506883699e+00,1,0,4.6366410333e-06,2.9506883699e+00,1,0
5.9492307692e-01,1.5169801127e-02,1.4525451507e-05,5.0602143381e-06,2.8705209970e+00,1,0,5.0602143381e-06,2.8705209970e+00,1,0
5.9492307692e-01,1.6100306989e-02,1.5421707525e-05,5.5876817302e-06,2.7599473752e+00,1,0,5.5876817302e-06,2.7599473752e+00,1,0
5.9492307692e-01,1.7087889483e-02,1.6373264739e-05,6.1755870685e-06,2.6512887856e+00,1,0,6.1755870685e-06,2.6512887856e+00,1,0
5.9492307692e-01,1.8136049653e-02,1.7383535370e-05,6.8349149166e-06,2.5433433455e+00,1,0,6.8349149166e-06,2.5433433455e+00,1,0
5.9492307692e-01,1.9248503296e-02,1.8588933474e-05,7.5716394923e-06,2.4550737648e+00,1,0,7.5716394923e-06,2.4550737648e+00,1,0
5.9492307692e-01,2.0429194130e-02,1.9877915530e-05,8.4001650463e-06,2.3663720202e+00,1,0,8.4001650463e-06,2.3663720202e+00,1,0
5.9492307692e-01,2.1682307783e-02,2.1029817501e-05,9.3574173470e-06,2.2473954854e+00,1,0,9.3574173470e-06,2.2473954854e+00,1,0
5.9492307692e-01,2.3012286622e-02,2.2248470843e-05,1.0448653230e-05,2.1293146929e+00,1,0,1.0448653230e-05,2.1293146929e+00,1,0
5.9492307692e-01,2.4423845509e-02,2.3790172084e-05,1.1663423784e-05,2.0397245718e+00,1,0,1.1663423784e-05,2.0397245718e+00,1,0
5.9492307692e-01,2.5921988513e-02,2.5438705059e-05,1.3088182084e-05,1.9436392996e+00,1,0,1.3088182084e-05,1.9436392996e+00,1,0
5.9492307692e-01,2.7512026646e-02,2.6916506877e-05,1.4715740013e-05,1.8290963862e+00,1,0,1.4715740013e-05,1.8290963862e+00,1,0
5.9492307692e-01,2.9199596698e-02,2.8644824939e-05,1.6547412096e-05,1.7310758186e+00,1,0,1.6547412096e-05,1.7310758186e+00,1,0
5.9492307692e-01,3.0990681213e-02,3.0484118891e-05,1.8626674592e-05,1.6365840688e+00,1,0,1.8626674592e-05,1.6365840688e+00,1,0
5.9492307692e-01,3.2891629703e-02,3.2441514534e-05,2.1049351461e-05,1.5412120699e+00,1,0,2.1049351461e-05,1.5412120699e+00,1,0
5.9492307692e-01,3.4909181152e-02,3.4524595217e-05,2.3914226212e-05,1.4436843956e+00,1,0,2.3914226212e-05,1.4436843956e+00,1,0
5.9492307692e-01,3.7050487912e-02,3.6741431218e-05,2.7242939084e-05,1.3486588618e+00,1,0,2.3153243113e-05,1.5868805523e+00,1,0
5.9492307692e-01,3.9323141054e-02,3.9100611014e-05,3.0869696153e-05,1.2666341392e+00,1,0,1.9919090378e-05,1.9629717157e+00,1,0
5.9492307692e-01,4.1735197281e-02,4.1611274546e-05,3.4932105958e-05,1.1912042920e+00,1,0,1.7879739601e-05,2.3272863853e+00,1,0
5.9492307692e-01,4.4295207488e-02,4.4283148638e-05,3.6410880480e-05,1.2162064760e+00,1,0,1.5738570736e-05,2.8136702741e+00,1,0
5.9492307692e-01,4.7012247078e-02,4.7126584674e-05,3.6246600510e-05,1.3001656434e+00,1,0,1.4512597415e-05,3.2472880854e+00,1,0
5.9492307692e-01,4.9895948132e-02,5.0152598705e-05,3.6222789850e-05,1.3845592488e+00,1,0,1.3622103911e-05,3.6817072482e+00,1,0
5.9492307692e-01,5.2956533557e-02,5.3372914126e-05,3.7825834637e-05,1.4110174868e+00,1,0,1.3044469051e-05,4.0916126151e+00,1,0
5.9492307692e-01,5.6204853327e-02,5.6800007096e-05,3.9279061804e-05,1.4460632329e+00,1,0,1.2712613080e-05,4.4680040790e+00,1,0
5.9492307692e-01,5.9652422947e-02,6.0447154871e-05,4.0706793151e-05,1.4849402321e+00,1,0,1.2693424043e-05,4.7620842623e+00,1,0
5.9492307692e-01,6.3311464273e-02,6.4328487245e-05,4.2187315455e-05,1.5248300716e+00,1,0,1.2859179474e-05,5.0025343668e+00,1,0
5.9492307692e-01,6.7194948846e-02,6.8459041291e-05,4.4006607911e-05,1.5556536743e+00,1,0,1.3196128807e-05,5.1878124480e+00,1,0
5.9492307692e-01,7.1316643869e-02,7.2854819617e-05,1.2439821852e-05,5.8565806232e+00,1,0,1.2439821852e-05,5.8565806232e+00,1,0
5.9492307692e-01,7.5691161018e-02,7.7532852365e-05,1.1922462178e-05,6.5030906543e+00,1,0,1.1922462178e-05,6.5030906543e+00,1,0
5.9492307692e-01,8.0334008241e-02,8.2511263187e-05,1.1389671234e-05,7.2443937573e+00,1,0,1.1389671234e-05,7.2443937573e+00,1,0
5.9492307692e-01,8.5261644732e-02,8.7809339460e-05,1.1388931320e-05,7.7100596178e+00,1,0,1.1388931320e-05,7.7100596178e+00,1,0
5.9492307692e-01,9.0491539282e-02,9.3447607013e-05,1.1833624931e-05,7.8967862815e+00,1,0,1.1833624931e-05,7.8967862815e+00,1,0
5.9492307692e-01,9.6042232206e-02,9.9447909644e-05,1.1684697196e-05,8.5109530850e+00,1,0,1.1684697196e-05,8.5109530850e+00,1,0
5.9492307692e-01,1.0193340107e-01,1.0583349375e-04,1.1928259775e-05,8.8725007455e+00,1,0,1.1928259775e-05,8.8725007455e+00,1,0
5.9492307692e-01,1.0818593045e-01,1.1262909838e-04,1.2394111957e-05,9.0873068411e+00,1,0,1.2394111957e-05,9.0873068411e+00,1,0
5.9492307692e-01,1.1482198597e-01,1.1986105109e-04,1.2887101037e-05,9.3008544551e+00,1,0,1.2887101037e-05,9.3008544551e+00,1,0
5.9492307692e-01,1.2186509287e-01,1.2755736995e-04,1.3442178556e-05,9.4893375666e+00,1,0,1.3442178556e-05,9.4893375666e+00,1,0
5.9492307692e-01,1.2934021943e-01,1.3574787206e-04,1.4080482885e-05,9.6408534546e+00,1,0,1.4080482885e-05,9.6408534546e+00,1,0
5.9492307692e-01,1.3727386545e-01,1.4446428910e-04,1.5027078008e-05,9.6135981344e+00,1,0,1.5027078008e-05,9.6135981344e+00,1,0
5.9492307692e-01,1.4569415623e-01,1.5374039024e-04,1.6037661643e-05,9.5862098642e+00,1,0,1.6037661643e-05,9.5862098642e+00,1,0
5.9492307692e-01,1.5463094224e-01,1.6361211299e-04,1.7392475539e-05,9.4070629924e+00,1,0,1.7392475539e-05,9.4070629924e+00,1,0
5.9492307692e-01,1.6411590496e-01,1.7411770241e-04,1.8980185820e-05,9.1736563627e+00,1,0,1.8980185820e-05,9.1736563627e+00,1,0
5.9492307692e-01,1.7418266921e-01,1.7064240580e-04,2.0821739074e-05,8.1953964169e+00,1,0,2.0821739074e-05,8.1953964169e+00,1,0
5.9492307692e-01,1.8486692231e-01,1.6078806955e-04,2.2991430474e-05,6.9933912866e+00,1,0,2.2991430474e-05,6.9933912866e+00,1,0
5.9492307692e-01,1.9620654064e-01,1.6372539198e-04,2.5387624914e-05,6.4490235906e+00,1,0,2.5387624914e-05,6.4490235906e+00,1,0
5.9492307692e-01,2.0824172388e-01,1.6953770653e-04,2.8108445433e-05,6.0315575591e+00,1,0,2.8108445433e-05,6.0315575591e+00,1,0
5.9492307692e-01,2.2101513753e-01,1.7727411830e-04,3.1297425521e-05,5.6641757381e+00,1,0,3.1297425521e-05,5.6641757381e+00,1,0
5.9492307692e-01,2.3457206418e-01,1.8536356108e-04,3.4848680531e-05,5.3190984064e+00,1,0,3.4848680531e-05,5.3190984064e+00,1,0
5.9492307692e-01,2.4896056400e-01,1.9545166304e-04,3.8803389232e-05,5.0369740096e+00,1,0,3.8803389232e-05,5.0369740096e+00,1,0
5.9492307692e-01,2.6423164516e-01,2.0608879309e-04,4.2596366365e-05,4.8381777761e+00,1,0,4.2596366365e-05,4.8381777761e+00,1,0
5.9492307692e-01,2.8043944464e-01,2.1568527250e-04,4.2441656511e-05,5.0819239923e+00,1,0,4.2441656511e-05,5.0819239923e+00,1,0
5.9492307692e-01,2.9764142013e-01,2.2572860986e-04,4.2365251924e-05,5.3281545514e+00,1,0,4.2365251924e-05,5.3281545514e+00,1,0
5.9492307692e-01,3.1589855375e-01,2.3792956692e-04,4.2359241089e-05,5.6169459322e+00,1,0,4.2359241089e-05,5.6169459322e+00,1,0
5.9492307692e-01,3.3527556823e-01,2.4919048728e-04,4.2374105372e-05,5.8807256247e+00,1,0,4.2374105372e-05,5.8807256247e+00,1,0
5.9492307692e-01,3.5584115634e-01,2.6098437346e-04,4.2410701191e-05,6.1537387059e+00,1,0,4.2410701191e-05,6.1537387059e+00,1,0
5.9492307692e-01,3.7766822442e-01,2.7333645010e-04,4.2265157368e-05,6.4671816483e+00,1,0,4.2265157368e-05,6.4671816483e+00,1,0
5.9492307692e-01,4.0083415084e-01,2.8306981989e-04,4.1988366442e-05,6.7416249757e+00,1,0,4.1988366442e-05,6.7416249757e+00,1,0
5.9492307692e-01,4.2542106032e-01,2.9314978996e-04,4.1848160528e-05,7.0050818545e+00,1,0,4.1848160528e-05,7.0050818545e+00,1,0
5.9492307692e-01,4.5151611504e-01,2.9780358194e-04,4.1801503327e-05,7.1242313851e+00,1,0,4.1801503327e-05,7.1242313851e+00,1,0
5.9492307692e-01,4.7921182366e-01,2.9904810038e-04,4.1849928557e-05,7.1457254695e+00,1,0,4.1849928557e-05,7.1457254695e+00,1,0
5.9492307692e-01,5.0860636927e-01,2.8920103601e-04,4.2004430066e-05,6.8850127369e+00,1,0,4.2004430066e-05,6.8850127369e+00,1,0
5.9492307692e-01,5.3980395744e-01,2.6810727529e-04,4.2304386160e-05,6.3375763041e+00,1,0,4.2304386160e-05,6.3375763041e+00,1,0
5.9492307692e-01,5.7291518563e-01,2.3715936182e-04,4.2604936404e-05,5.5664761371e+00,1,0,4.2604936404e-05,5.5664761371e+00,1,0
5.9492307692e-01,6.0805743530e-01,2.1129184017e-04,4.2830425970e-05,4.9332182761e+00,1,0,4.2830425970e-05,4.9332182761e+00,1,0
5.9492307692e-01,6.4535528801e-01,2.0893014839e-04,4.3125748920e-05,4.8446729303e+00,1,0,4.3125748920e-05,4.8446729303e+00,1,0
5.9492307692e-01,6.8494096706e-01,3.2197164206e-04,4.3696917598e-05,7.3682918557e+00,1,0,4.3696917598e-05,7.3682918557e+00,1,0
5.9492307692e-01,7.2695480624e-01,4.0670752866e-04,4.4308786758e-05,9.1789362431e+00,1,0,4.4308786758e-05,9.1789362431e+00,1,0
5.9492307692e-01,7.7154574735e-01,4.6157853118e-04,4.4257891613e-05,1.0429293271e+01,1,0,4.4257891613e-05,1.0429293271e+01,1,0
5.9492307692e-01,8.1887186816e-01,3.7163190125e-04,4.3686048960e-05,8.5068782850e+00,1,0,4.3686048960e-05,8.5068782850e+00,1,0
5.9492307692e-01,8.6910094284e-01,5.4444999786e-04,4.4596285978e-05,1.2208415699e+01,1,0,4.4596285978e-05,1.2208415699e+01,1,0
5.9492307692e-01,9.2241103671e-01,5.9922436867e-04,4.6013763947e-05,1.3022720101e+01,1,0,4.6013763947e-05,1.3022720101e+01,1,0
5.9492307692e-01,9.7899113751e-01,6.3037106237e-04,2.7807287492e-05,2.2669275547e+01,1,0,2.7807287492e-05,2.2669275547e+01,1,0
5.9492307692e-01,1.0390418254e+00,6.4886674099e-04,2.6736240248e-05,2.4269184259e+01,1,0,2.6736240248e-05,2.4269184259e+01,1,0
5.9492307692e-01,1.1027759839e+00,6.5917631615e-04,2.6206450090e-05,2.5153208996e+01,1,0,2.6206450090e-05,2.5153208996e+01,1,0
5.9492307692e-01,1.1704195547e+00,6.5910529464e-04,2.5726828076e-05,2.5619376500e+01,1,0,2.5726828076e-05,2.5619376500e+01,1,0
5.9492307692e-01,1.2422123388e+00,6.6807946772e-04,2.5881718549e-05,2.5812793940e+01,1,0,2.5881718549e-05,2.5812793940e+01,1,0
5.9492307692e-01,1.3184088462e+00,6.8709485603e-04,2.6035141404e-05,2.6391055281e+01,1,0,2.6035141404e-05,2.6391055281e+01,1,0
5.9492307692e-01,1.3992791984e+00,7.3059305742e-04,2.5902876314e-05,2.8205093850e+01,1,0,2.5902876314e-05,2.8205093850e+01,1,0
5.9492307692e-01,1.4851100861e+00,7.9698784397e-04,2.6001035779e-05,3.0652157504e+01,1,0,2.6001035779e-05,3.0652157504e+01,1,0
5.9492307692e-01,1.5762057853e+00,8.5003285816e-04,2.6123945427e-05,3.2538456358e+01,1,0,2.6123945427e-05,3.2538456358e+01,1,0
5.9492307692e-01,1.6728892362e+00,8.8516974789e-04,2.6285902834e-05,3.3674694511e+01,1,0,2.6285902834e-05,3.3674694511e+01,1,0
5.9492307692e-01,1.7755031880e+00,9.3168895749e-04,2.6439241233e-05,3.5238868971e+01,1,0,2.6439241233e-05,3.5238868971e+01,1,0
5.9492307692e-01,1.8844114137e+00,9.9475901706e-04,2.6662641654e-05,3.7309094499e+01,1,0,2.6662641654e-05,3.7309094499e+01,1,0
5.9492307692e-01,2.0000000000e+00,1.0435583732e-03,2.6944042175e-05,3.8730579710e+01,1,0,2.6944042175e-05,3.8730579710e+01,1,0
5.9746153846e-01,1.0000000000e-02,9.7453743511e-06,2.9960637675e-06,3.2527259456e+00,1,0,2.9960637675e-06,3.2527259456e+00,1,0
5.9746153846e-01,1.0613393580e-02,1.0346873376e-05,3.1850957080e-06,3.2485282467e+00,1,0,3.1850957080e-06,3.2485282467e+00,1,0
5.9746153846e-01,1.1264412328e-02,1.0985497817e-05,3.3853683116e-06,3.2449933968e+00,1,0,3.3853683116e-06,3.2449933968e+00,1,0
5.9746153846e-01,1.1955364149e-02,1.1663539109e-05,3.6190877518e-06,3.2227842786e+00,1,0,3.6190877518e-06,3.2227842786e+00,1,0
5.9746153846e-01,1.2688698510e-02,1.2383430121e-05,3.9094754337e-06,3.1675426361e+00,1,0,3.9094754337e-06,3.1675426361e+00,1,0
5.9746153846e-01,1.3467015131e-02,1.3147753878e-05,4.2508892630e-06,3.0929419857e+00,1,0,4.2508892630e-06,3.0929419857e+00,1,0
5.9746153846e-01,1.4293073193e-02,1.3959252837e-05,4.6260305447e-06,3.0175444589e+00,1,0,4.6260305447e-06,3.0175444589e+00,1,0
5.9746153846e-01,1.5169801127e-02,1.4820838720e-05,5.0505954130e-06,2.9344735636e+00,1,0,5.0505954130e-06,2.9344735636e+00,1,0
5.9746153846e-01,1.6100306989e-02,1.5735602967e-05,5.5800532441e-06,2.8199736238e+00,1,0,5.5800532441e-06,2.8199736238e+00,1,0
5.9746153846e-01,1.7087889483e-02,1.6706827827e-05,6.1672289976e-06,2.7089682958e+00,1,0,6.1672289976e-06,2.7089682958e+00,1,0
5.9746153846e-01,1.8136049653e-02,1.7737998133e-05,6.8267231997e-06,2.5983180530e+00,1,0,6.8267231997e-06,2.5983180530e+00,1,0
5.9746153846e-01,1.9248503296e-02,1.8972291829e-05,7.5626452038e-06,2.5086846358e+00,1,0,7.5626452038e-06,2.5086846358e+00,1,0
5.9746153846e-01,2.0429194130e-02,2.0292473511e-05,8.3932893357e-06,2.4177021308e+00,1,0,8.3932893357e-06,2.4177021308e+00,1,0
5.9746153846e-01,2.1682307783e-02,2.1464052031e-05,9.3513669461e-06,2.2952849733e+00,1,0,9.3513669461e-06,2.2952849733e+00,1,0
5.9746153846e-01,2.3012286622e-02,2.2829948000e-05,1.0442066675e-05,2.1863438254e+00,1,0,1.0442066675e-05,2.1863438254e+00,1,0
5.9746153846e-01,2.4423845509e-02,2.4282764733e-05,1.1655869538e-05,2.0833078694e+00,1,0,1.1655869538e-05,2.0833078694e+00,1,0
5.9746153846e-01,2.5921988513e-02,2.5828033558e-05,1.3086398582e-05,1.9736548139e+00,1,0,1.3086398582e-05,1.9736548139e+00,1,0
5.9746153846e-01,2.7512026646e-02,2.7471637798e-05,1.4713847112e-05,1.8670601638e+00,1,0,1.4713847112e-05,1.8670601638e+00,1,0
5.9746153846e-01,2.9199596698e-02,2.9219835169e-05,1.6545403086e-05,1.7660394865e+00,1,0,1.6545403086e-05,1.7660394865e+00,1,0
5.9746153846e-01,3.0990681213e-02,3.1079281606e-05,1.8630570176e-05,1.6681873562e+00,1,0,1.8630570176e-05,1.6681873562e+00,1,0
5.9746153846e-01,3.2891629703e-02,3.3057056604e-05,2.1061564023e-05,1.5695442450e+00,1,0,2.1061564023e-05,1.5695442450e+00,1,0
5.9746153846e-01,3.4909181152e-02,3.5160690172e-05,2.3929709159e-05,1.4693321151e+00,1,0,2.3929709159e-05,1.4693321151e+00,1,0
5.9746153846e-01,3.7050487912e-02,3.7398191503e-05,2.7265802276e-05,1.3716152976e+00,1,0,2.2857168286e-05,1.6361690580e+00,1,0
5.9746153846e-01,3.9323141054e-02,3.9778079464e-05,3.0876885962e-05,1.2882801560e+00,1,0,1.9381530661e-05,2.0523703808e+00,1,0
5.9746153846e-01,4.1735197281e-02,4.2309415035e-05,3.4946705798e-05,1.2106839277e+00,1,0,1.7595984896e-05,2.4044925751e+00,1,0
5.9746153846e-01,4.4295207488e-02,4.5258368039e-05,3.6094101150e-05,1.2538992965e+00,1,0,1.5553711966e-05,2.9098113775e+00,1,0
5.9746153846e-01,4.7012247078e-02,4.8412862147e-05,3.5922876085e-05,1.3476889220e+00,1,0,1.4275334489e-05,3.3913644674e+00,1,0
5.9746153846e-01,4.9895948132e-02,5.1262802250e-05,3.5921316748e-05,1.4270858335e+00,1,0,1.3470004558e-05,3.8057004384e+00,1,0
5.9746153846e-01,5.2956533557e-02,5.4280510964e-05,3.7636277889e-05,1.4422390844e+00,1,0,1.2891421788e-05,4.2105914969e+00,1,0
5.9746153846e-01,5.6204853327e-02,5.8078901353e-05,3.9045954464e-05,1.4874499074e+00,1,0,1.2583490572e-05,4.6154841551e+00,1,0
5.9746153846e-01,5.9652422947e-02,6.2143091921e-05,4.0464816177e-05,1.5357314772e+00,1,0,1.2586083989e-05,4.9374445599e+00,1,0
5.9746153846e-01,6.3311464273e-02,6.5794566435e-05,4.1936681905e-05,1.5689025322e+00,1,0,1.2773267413e-05,5.1509581931e+00,1,0
5.9746153846e-01,6.7194948846e-02,7.0048804544e-05,4.3769426798e-05,1.6004048869e+00,1,0,1.3109561304e-05,5.3433370438e+00,1,0
5.9746153846e-01,7.1316643869e-02,7.4578119197e-05,1.2297614976e-05,6.0644376442e+00,1,0,1.2297614976e-05,6.0644376442e+00,1,0
5.9746153846e-01,7.5691161018e-02,7.9400296681e-05,1.1782761299e-05,6.7386832904e+00,1,0,1.1782761299e-05,6.7386832904e+00,1,0
5.9746153846e-01,8.0334008241e-02,8.4534273335e-05,1.1277795727e-05,7.4956379229e+00,1,0,1.1277795727e-05,7.4956379229e+00,1,0
5.9746153846e-01,8.5261644732e-02,9.0000209912e-05,1.1325248937e-05,7.9468637211e+00,1,0,1.1325248937e-05,7.9468637211e+00,1,0
5.9746153846e-01,9.0491539282e-02,9.5819570744e-05,1.1704821447e-05,8.1863333994e+00,1,0,1.1704821447e-05,8.1863333994e+00,1,0
5.9746153846e-01,9.6042232206e-02,1.0201520804e-04,1.1601578574e-05,8.7932178702e+00,1,0,1.1601578574e-05,8.7932178702e+00,1,0
5.9746153846e-01,1.0193340107e-01,1.0861145161e-04,1.1859555121e-05,9.1581387746e+00,1,0,1.1859555121e-05,9.1581387746e+00,1,0
5.9746153846e-01,1.0818593045e-01,1.1563420442e-04,1.2322749164e-05,9.3837992549e+00,1,0,1.2322749164e-05,9.3837992549e+00,1,0
5.9746153846e-01,1.1482198597e-01,1.2311104432e-04,1.2816412178e-05,9.6057338519e+00,1,0,1.2816412178e-05,9.6057338519e+00,1,0
5.9746153846e-01,1.2186509287e-01,1.3107133230e-04,1.3368469167e-05,9.8045131915e+00,1,0,1.3368469167e-05,9.8045131915e+00,1,0
5.9746153846e-01,1.2934021943e-01,1.3954632784e-04,1.4026196861e-05,9.9489782736e+00,1,0,1.4026196861e-05,9.9489782736e+00,1,0
5.9746153846e-01,1.3727386545e-01,1.4856931162e-04,1.4969166571e-05,9.9250222722e+00,1,0,1.4969166571e-05,9.9250222722e+00,1,0
5.9746153846e-01,1.4569415623e-01,1.5817571624e-04,1.5975879865e-05,9.9009079676e+00,1,0,1.5975879865e-05,9.9009079676e+00,1,0
5.9746153846e-01,1.5463094224e-01,1.6840326536e-04,1.7353069723e-05,9.7045230646e+00,1,0,1.7353069723e-05,9.7045230646e+00,1,0
5.9746153846e-01,1.6411590496e-01,1.7650872848e-04,1.8937208311e-05,9.3207364874e+00,1,0,1.8937208311e-05,9.3207364874e+00,1,0
5.9746153846e-01,1.7418266921e-01,1.7215196603e-04,2.0792054809e-05,8.2796995107e+00,1,0,2.0792054809e-05,8.2796995107e+00,1,0
5.9746153846e-01,1.8486692231e-01,1.6346326293e-04,2.2958680551e-05,7.1198892536e+00,1,0,2.2958680551e-05,7.1198892536e+00,1,0
5.9746153846e-01,1.9620654064e-01,1.6675795586e-04,2.5351490420e-05,6.5778363757e+00,1,0,2.5351490420e-05,6.5778363757e+00,1,0
5.9746153846e-01,2.0824172388e-01,1.7284351881e-04,2.8085126617e-05,6.1542723722e+00,1,0,2.8085126617e-05,6.1542723722e+00,1,0
5.9746153846e-01,2.2101513753e-01,1.8081913495e-04,3.1271492542e-05,5.7822355205e+00,1,0,3.1271492542e-05,5.7822355205e+00,1,0
5.9746153846e-01,2.3457206418e-01,1.8916277446e-04,3.4819837970e-05,5.4326150118e+00,1,0,3.4819837970e-05,5.4326150118e+00,1,0
5.9746153846e-01,2.4896056400e-01,1.9932142040e-04,3.8771308164e-05,5.1409516428e+00,1,0,3.8771308164e-05,5.1409516428e+00,1,0
5.9746153846e-01,2.6423164516e-01,2.1002561812e-04,4.2223563354e-05,4.9741329588e+00,1,0,4.2223563354e-05,4.9741329588e+00,1,0
5.9746153846e-01,2.8043944464e-01,2.2001696629e-04,4.2071548201e-05,5.2295904405e+00,1,0,4.2071548201e-05,5.2295904405e+00,1,0
5.9746153846e-01,2.9764142013e-01,2.3048362332e-04,4.2004922360e-05,5.4870622387e+00,1,0,4.2004922360e-05,5.4870622387e+00,1,0
5.9746153846e-01,3.1589855375e-01,2.4144820064e-04,4.2000415591e-05,5.7487097982e+00,1,0,4.2000415591e-05,5.7487097982e+00,1,0
5.9746153846e-01,3.3527556823e-01,2.5293438532e-04,4.2016666208e-05,6.0198585025e+00,1,0,4.2016666208e-05,6.0198585025e+00,1,0
5.9746153846e-01,3.5584115634e-01,2.6496699129e-04,4.2054526531e-05,6.3005581836e+00,1,0,4.2054526531e-05,6.3005581836e+00,1,0
5.9746153846e-01,3.7766822442e-01,2.7757201295e-04,4.1886305698e-05,6.6267962362e+00,1,0,4.1886305698e-05,6.6267962362e+00,1,0
5.9746153846e-01,4.0083415084e-01,2.8858472029e-04,4.1613672197e-05,6.9348535001e+00,1,0,4.1613672197e-05,6.9348535001e+00,1,0
5.9746153846e-01,4.2542106032e-01,2.9809532445e-04,4.1488001891e-05,7.1850971573e+00,1,0,4.1488001891e-05,7.1850971573e+00,1,0
5.9746153846e-01,4.5151611504e-01,3.0302512906e-04,4.1449628407e-05,7.3106838518e+00,1,0,4.1449628407e-05,7.3106838518e+00,1,0
5.9746153846e-01,4.7921182366e-01,3.0358647897e-04,4.1499498253e-05,7.3154252881e+00,1,0,4.1499498253e-05,7.3154252881e+00,1,0
5.9746153846e-01,5.0860636927e-01,2.9280907889e-04,4.1668543422e-05,7.0271013777e+00,1,0,4.1668543422e-05,7.0271013777e+00,1,0
5.9746153846e-01,5.3980395744e-01,2.7047689239e-04,4.1968094256e-05,6.4448218864e+00,1,0,4.1968094256e-05,6.4448218864e+00,1,0
5.9746153846e-01,5.7291518563e-01,2.3876295191e-04,4.2258640385e-05,5.6500386605e+00,1,0,4.2258640385e-05,5.6500386605e+00,1,0
5.9746153846e-01,6.0805743530e-01,2.1349424701e-04,4.2484433075e-05,5.0252346932e+00,1,0,4.2484433075e-05,5.0252346932e+00,1,0
5.9746153846e-01,6.4535528801e-01,2.1691701091e-04,4.2799277410e-05,5.0682400275e+00,1,0,4.2799277410e-05,5.0682400275e+00,1,0
5.9746153846e-01,6.8494096706e-01,3.3390293079e-04,4.3368417215e-05,7.6992187456e+00,1,0,4.3368417215e-05,7.6992187456e+00,1,0
5.9746153846e-01,7.2695480624e-01,4.1924789704e-04,4.3978068936e-05,9.5331129170e+00,1,0,4.3978068936e-05,9.5331129170e+00,1,0
5.9746153846e-01,7.7154574735e-01,4.6959005208e-04,4.3840665855e-05,1.0711289232e+01,1,0,4.3840665855e-05,1.0711289232e+01,1,0
5.9746153846e-01,8.1887186816e-01,3.6426133991e-04,4.3276659666e-05,8.4170391782e+00,1,0,4.3276659666e-05,8.4170391782e+00,1,0
5.9746153846e-01,8.6910094284e-01,5.6180211721e-04,4.4315999796e-05,1.2677184759e+01,1,0,4.4315999796e-05,1.2677184759e+01,1,0
5.9746153846e-01,9.2241103671e-01,6.1126826156e-04,4.4872617560e-05,1.3622300075e+01,1,0,4.4872617560e-05,1.3622300075e+01,1,0
5.9746153846e-01,9.7899113751e-01,6.4271656305e-04,2.7337286436e-05,2.3510620359e+01,1,0,2.7337286436e-05,2.3510620359e+01,1,0
5.9746153846e-01,1.0390418254e+00,6.6069571420e-04,2.6463368427e-05,2.4966425420e+01,1,0,2.6463368427e-05,2.4966425420e+01,1,0
5.9746153846e-01,1.1027759839e+00,6.7029271186e-04,2.5949086253e-05,2.5831071865e+01,1,0,2.5949086253e-05,2.5831071865e+01,1,0
5.9746153846e-01,1.1704195547e+00,6.7006319868e-04,2.5475873384e-05,2.6301873486e+01,1,0,2.5475873384e-05,2.6301873486e+01,1,0
5.9746153846e-01,1.2422123388e+00,6.8056847618e-04,2.5692830714e-05,2.6488652954e+01,1,0,2.5692830714e-05,2.6488652954e+01,1,0
5.9746153846e-01,1.3184088462e+00,7.0023544529e-04,2.5799549506e-05,2.7141382648e+01,1,0,2.5799549506e-05,2.7141382648e+01,1,0
5.9746153846e-01,1.3992791984e+00,7.4782075982e-04,2.5689429378e-05,2.9110057246e+01,1,0,2.5689429378e-05,2.9110057246e+01,1,0
5.9746153846e-01,1.4851100861e+00,8.1495317755e-04,2.5788410838e-05,3.1601527626e+01,1,0,2.5788410838e-05,3.1601527626e+01,1,0
5.9746153846e-01,1.5762057853e+00,8.6671025421e-04,2.5913119153e-05,3.3446774551e+01,1,0,2.5913119153e-05,3.3446774551e+01,1,0
5.9746153846e-01,1.6728892362e+00,9.0297886512e-04,2.6073218963e-05,3.4632427488e+01,1,0,2.6073218963e-05,3.4632427488e+01,1,0
5.9746153846e-01,1.7755031880e+00,9.5096005444e-04,2.6226837558e-05,3.6259043902e+01,1,0,2.6226837558e-05,3.6259043902e+01,1,0
5.9746153846e-01,1.8844114137e+00,1.0150620261e-03,2.6453669128e-05,3.8371313303e+01,1,0,2.6453669128e-05,3.8371313303e+01,1,0
5.9746153846e-01,2.0000000000e+00,1.0660154883e-03,2.6736938095e-05,3.9870514887e+01,1,0,2.6736938095e-05,3.9870514887e+01,1,0
6.0000000000e-01,1.0000000000e-02,9.9375259011e-06,2.9836973766e-06,3.3306078489e+00,1,0,2.9836973766e-06,3.3306078489e+00,1,0
6.0000000000e-01,1.0613393580e-02,1.0551113697e-05,3.1719866502e-06,3.3263424032e+00,1,0,3.1719866502e-06,3.3263424032e+00,1,0
6.0000000000e-01,1.1264412328e-02,1.1202587178e-05,3.3714128643e-06,3.3228167624e+00,1,0,3.3714128643e-06,3.3228167624e+00,1,0
6.0000000000e-01,1.1955364149e-02,1.1894285579e-05,3.6061636988e-06,3.2983210338e+00,1,0,3.6061636988e-06,3.2983210338e+00,1,0
6.0000000000e-01,1.2688698510e-02,1.2628692568e-05,3.8996221472e-06,3.2384400568e+00,1,0,3.8996221472e-06,3.2384400568e+00,1,0
6.0000000000e-01,1.3467015131e-02,1.3408445165e-05,4.2402370688e-06,3.1621923368e+00,1,0,4.2402370688e-06,3.1621923368e+00,1,0
6.0000000000e-01,1.4293073193e-02,1.4236343215e-05,4.6154935980e-06,3.0844681968e+00,1,0,4.6154935980e-06,3.0844681968e+00,1,0
6.0000000000e-01,1.5169801127e-02,1.5115359435e-05,5.0428670480e-06,2.9973741705e+00,1,0,5.0428670480e-06,2.9973741705e+00,1,0
6.0000000000e-01,1.6100306989e-02,1.6048650092e-05,5.5724722575e-06,2.8799874366e+00,1,0,5.5724722575e-06,2.8799874366e+00,1,0
6.0000000000e-01,1.7087889483e-02,1.7039566336e-05,6.1589226392e-06,2.7666472424e+00,1,0,6.1589226392e-06,2.7666472424e+00,1,0
6.0000000000e-01,1.8136049653e-02,1.8194855751e-05,6.8185812517e-06,2.6684225178e+00,1,0,6.8185812517e-06,2.6684225178e+00,1,0
6.0000000000e-01,1.9248503296e-02,1.9428474252e-05,7.5537052079e-06,2.5720456011e+00,1,0,7.5537052079e-06,2.5720456011e+00,1,0
6.0000000000e-01,2.0429194130e-02,2.0586472162e-05,8.3864541953e-06,2.4547289811e+00,1,0,8.3864541953e-06,2.4547289811e+00,1,0
6.0000000000e-01,2.1682307783e-02,2.1813490374e-05,9.3455133185e-06,2.3341136683e+00,1,0,9.3455133185e-06,2.3341136683e+00,1,0
6.0000000000e-01,2.3012286622e-02,2.3290297100e-05,1.0435380756e-05,2.2318588699e+00,1,0,1.0435380756e-05,2.2318588699e+00,1,0
6.0000000000e-01,2.4423845509e-02,2.4867085905e-05,1.1648732397e-05,2.1347460871e+00,1,0,1.1648732397e-05,2.1347460871e+00,1,0
6.0000000000e-01,2.5921988513e-02,2.6347277259e-05,1.3084630171e-05,2.0136050401e+00,1,0,1.3084630171e-05,2.0136050401e+00,1,0
6.0000000000e-01,2.7512026646e-02,2.7915575698e-05,1.4711970228e-05,1.8974736399e+00,1,0,1.4711970228e-05,1.8974736399e+00,1,0
6.0000000000e-01,2.9199596698e-02,2.9831722564e-05,1.6543411075e-05,1.8032389106e+00,1,0,1.6543411075e-05,1.8032389106e+00,1,0
6.0000000000e-01,3.0990681213e-02,3.1879395244e-05,1.8634458826e-05,1.7107765534e+00,1,0,1.8634458826e-05,1.7107765534e+00,1,0
6.0000000000e-01,3.2891629703e-02,3.3796179580e-05,2.1073987476e-05,1.6036917370e+00,1,0,2.1073987476e-05,1.6036917370e+00,1,0
6.0000000000e-01,3.4909181152e-02,3.5828212721e-05,2.3946256640e-05,1.4961926309e+00,1,0,2.3946256640e-05,1.4961926309e+00,1,0
6.0000000000e-01,3.7050487912e-02,3.8295344142e-05,2.7288598440e-05,1.4033459515e+00,1,0,2.2017284760e-05,1.7393309193e+00,1,0
6.0000000000e-01,3.9323141054e-02,4.0932362280e-05,3.0884058542e-05,1.3253556758e+00,1,0,1.8860672776e-05,2.1702493207e+00,1,0
6.0000000000e-01,4.1735197281e-02,4.3382232161e-05,3.4961262195e-05,1.2408657307e+00,1,0,1.7161729481e-05,2.5278473367e+00,1,0
6.0000000000e-01,4.4295207488e-02,4.5978730824e-05,3.5781415416e-05,1.2849891568e+00,1,0,1.5371799618e-05,2.9911091717e+00,1,0
6.0000000000e-01,4.7012247078e-02,4.9151412065e-05,3.5603408338e-05,1.3805254710e+00,1,0,1.4042936348e-05,3.5000808127e+00,1,0
6.0000000000e-01,4.9895948132e-02,5.2543018581e-05,3.5680435907e-05,1.4726002428e+00,1,0,1.3320241570e-05,3.9445995259e+00,1,0
6.0000000000e-01,5.2956533557e-02,5.5671014679e-05,3.7444143147e-05,1.4867749666e+00,1,0,1.2754928533e-05,4.3646669234e+00,1,0
6.0000000000e-01,5.6204853327e-02,5.8985226945e-05,3.8815220400e-05,1.5196416853e+00,1,0,1.2476288938e-05,4.7277862220e+00,1,0
6.0000000000e-01,5.9652422947e-02,6.3080442831e-05,4.0225304505e-05,1.5681781308e+00,1,0,1.2480104114e-05,5.0544804960e+00,1,0
6.0000000000e-01,6.3311464273e-02,6.7459980640e-05,4.1690979059e-05,1.6180953809e+00,1,0,1.2688292943e-05,5.3167105256e+00,1,0
6.0000000000e-01,6.7194948846e-02,7.1469110497e-05,3.1785836846e-05,2.2484577280e+00,1,0,1.3023928025e-05,5.4875234537e+00,1,0
6.0000000000e-01,7.1316643869e-02,7.5716501944e-05,1.2157628939e-05,6.2279003846e+00,1,0,1.2157628939e-05,6.2279003846e+00,1,0
6.0000000000e-01,7.5691161018e-02,8.1000606527e-05,1.1645281605e-05,6.9556588906e+00,1,0,1.1645281605e-05,6.9556588906e+00,1,0
6.0000000000e-01,8.0334008241e-02,8.6653478294e-05,1.1179554390e-05,7.7510672848e+00,1,0,1.1179554390e-05,7.7510672848e+00,1,0
6.0000000000e-01,8.5261644732e-02,9.1764134046e-05,1.1264491664e-05,8.1463182525e+00,1,0,1.1264491664e-05,8.1463182525e+00,1,0
6.0000000000e-01,9.0491539282e-02,9.7176206461e-05,1.1577959076e-05,8.3932069396e+00,1,0,1.1577959076e-05,8.3932069396e+00,1,0
6.0000000000e-01,9.6042232206e-02,1.0399603855e-04,1.1519401682e-05,9.0279027871e+00,1,0,1.1519401682e-05,9.0279027871e+00,1,0
6.0000000000e-01,1.0193340107e-01,1.1067692971e-04,1.1791536728e-05,9.3861328060e+00,1,0,1.1791536728e-05,9.3861328060e+00,1,0
6.0000000000e-01,1.0818593045e-01,1.1778701325e-04,1.2252098935e-05,9.6136191749e+00,1,0,1.2252098935e-05,9.6136191749e+00,1,0
6.0000000000e-01,1.1482198597e-01,1.2535386125e-04,1.2746409993e-05,9.8344444689e+00,1,0,1.2746409993e-05,9.8344444689e+00,1,0
6.0000000000e-01,1.2186509287e-01,1.3340681707e-04,1.3295475562e-05,1.0034001150e+01,1,0,1.3295475562e-05,1.0034001150e+01,1,0
6.0000000000e-01,1.2934021943e-01,1.4197710916e-04,1.3972350606e-05,1.0161290191e+01,1,0,1.3972350606e-05,1.0161290191e+01,1,0
6.0000000000e-01,1.3727386545e-01,1.5109797210e-04,1.4911724081e-05,1.0132830468e+01,1,0,1.4911724081e-05,1.0132830468e+01,1,0
6.0000000000e-01,1.4569415623e-01,1.6080477556e-04,1.5914598181e-05,1.0104230954e+01,1,0,1.5914598181e-05,1.0104230954e+01,1,0
6.0000000000e-01,1.5463094224e-01,1.7113516140e-04,1.7313921398e-05,9.8842519539e+00,1,0,1.7313921398e-05,9.8842519539e+00,1,0
6.0000000000e-01,1.6411590496e-01,1.7972972396e-04,1.8894511470e-05,9.5122715527e+00,1,0,1.8894511470e-05,9.5122715527e+00,1,0
6.0000000000e-01,1.7418266921e-01,1.7344502923e-04,2.0762540268e-05,8.3537479998e+00,1,0,2.0762540268e-05,8.3537479998e+00,1,0
6.0000000000e-01,1.8486692231e-01,1.6615729121e-04,2.2926117727e-05,7.2475110347e+00,1,0,2.2926117727e-05,7.2475110347e+00,1,0
6.0000000000e-01,1.9620654064e-01,1.6977648403e-04,2.5315562201e-05,6.7064078090e+00,1,0,2.5315562201e-05,6.7064078090e+00,1,0
6.0000000000e-01,2.0824172388e-01,1.7613523056e-04,2.8061927948e-05,6.2766617775e+00,1,0,2.8061927948e-05,6.2766617775e+00,1,0
6.0000000000e-01,2.2101513753e-01,1.8434859552e-04,3.1245693025e-05,5.8999682091e+00,1,0,3.1245693025e-05,5.8999682091e+00,1,0
6.0000000000e-01,2.3457206418e-01,1.9294495805e-04,3.4791143682e-05,5.5458067092e+00,1,0,3.4791143682e-05,5.5458067092e+00,1,0
6.0000000000e-01,2.4896056400e-01,2.0316767617e-04,3.8739391849e-05,5.2444725246e+00,1,0,3.8739391849e-05,5.2444725246e+00,1,0
6.0000000000e-01,2.6423164516e-01,2.1393202008e-04,4.1855675972e-05,5.1111830144e+00,1,0,4.1855675972e-05,5.1111830144e+00,1,0
6.0000000000e-01,2.8043944464e-01,2.2526668651e-04,4.1706312678e-05,5.4012611532e+00,1,0,4.1706312678e-05,5.4012611532e+00,1,0
6.0000000000e-01,2.9764142013e-01,2.3572248437e-04,4.1649266283e-05,5.6597031690e+00,1,0,4.1649266283e-05,5.6597031690e+00,1,0
6.0000000000e-01,3.1589855375e-01,2.4666359016e-04,4.1646236365e-05,5.9228302888e+00,1,0,4.1646236365e-05,5.9228302888e+00,1,0
6.0000000000e-01,3.3527556823e-01,2.5811252953e-04,4.1663847309e-05,6.1951198991e+00,1,0,4.1663847309e-05,6.1951198991e+00,1,0
6.0000000000e-01,3.5584115634e-01,2.7009287370e-04,4.1702947376e-05,6.4765895625e+00,1,0,4.1702947376e-05,6.4765895625e+00,1,0
6.0000000000e-01,3.7766822442e-01,2.8262928791e-04,4.1512551514e-05,6.8082851476e+00,1,0,4.1512551514e-05,6.8082851476e+00,1,0
6.0000000000e-01,4.0083415084e-01,2.9406301890e-04,4.1244009406e-05,7.1298358996e+00,1,0,4.1244009406e-05,7.1298358996e+00,1,0
6.0000000000e-01,4.2542106032e-01,3.0335680340e-04,4.1132574499e-05,7.3750988625e+00,1,0,4.1132574499e-05,7.3750988625e+00,1,0
6.0000000000e-01,4.5151611504e-01,3.0820244341e-04,4.1102316988e-05,7.4984201862e+00,1,0,4.1102316988e-05,7.4984201862e+00,1,0
6.0000000000e-01,4.7921182366e-01,3.0803139154e-04,4.1153602215e-05,7.4849193015e+00,1,0,4.1153602215e-05,7.4849193015e+00,1,0
6.0000000000e-01,5.0860636927e-01,2.9625923010e-04,4.1336887329e-05,7.1669457776e+00,1,0,4.1336887329e-05,7.1669457776e+00,1,0
6.0000000000e-01,5.3980395744e-01,2.7269161686e-04,4.1636027275e-05,6.5494148867e+00,1,0,4.1636027275e-05,6.5494148867e+00,1,0
6.0000000000e-01,5.7291518563e-01,2.4028733184e-04,4.1916757331e-05,5.7324885593e+00,1,0,4.1916757331e-05,5.7324885593e+00,1,0
6.0000000000e-01,6.0805743530e-01,2.1575967867e-04,4.2142837134e-05,5.1197236195e+00,1,0,4.2142837134e-05,5.1197236195e+00,1,0
6.0000000000e-01,6.4535528801e-01,2.2769402133e-04,4.2476803798e-05,5.3604320703e+00,1,0,4.2476803798e-05,5.3604320703e+00,1,0
6.0000000000e-01,6.8494096706e-01,3.4594975263e-04,4.3043927466e-05,8.0371325990e+00,1,0,4.3043927466e-05,8.0371325990e+00,1,0
6.0000000000e-01,7.2695480624e-01,4.3170568105e-04,4.3651376162e-05,9.8898527150e+00,1,0,4.3651376162e-05,9.8898527150e+00,1,0
6.0000000000e-01,7.7154574735e-01,4.7653736275e-04,4.3429290175e-05,1.0972718201e+01,1,0,4.3429290175e-05,1.0972718201e+01,1,0
6.0000000000e-01,8.1887186816e-01,3.5760423760e-04,4.2872992194e-05,8.3410142213e+00,1,0,4.2872992194e-05,8.3410142213e+00,1,0
6.0000000000e-01,8.6910094284e-01,5.7752853203e-04,4.4038834310e-05,1.3114074001e+01,1,0,4.4038834310e-05,1.3114074001e+01,1,0
6.0000000000e-01,9.2241103671e-01,6.2313682881e-04,4.2508780961e-05,1.4659014319e+01,1,0,4.2508780961e-05,1.4659014319e+01,1,0
6.0000000000e-01,9.7899113751e-01,6.5484955675e-04,2.6877286328e-05,2.4364422389e+01,1,0,2.6877286328e-05,2.4364422389e+01,1,0
6.0000000000e-01,1.0390418254e+00,6.7230722520e-04,2.6195174542e-05,2.5665308094e+01,1,0,2.6195174542e-05,2.5665308094e+01,1,0
6.0000000000e-01,1.1027759839e+00,6.8101174371e-04,2.5695437210e-05,2.6503216822e+01,1,0,2.5695437210e-05,2.6503216822e+01,1,0
6.0000000000e-01,1.1704195547e+00,6.8098180066e-04,2.5228526319e-05,2.6992531869e+01,1,0,2.5228526319e-05,2.6992531869e+01,1,0
6.0000000000e-01,1.2422123388e+00,6.9302917532e-04,2.5506226802e-05,2.7170979882e+01,1,0,2.5506226802e-05,2.7170979882e+01,1,0
6.0000000000e-01,1.3184088462e+00,7.1336986579e-04,2.5567189082e-05,2.7901771427e+01,1,0,2.5567189082e-05,2.7901771427e+01,1,0
6.0000000000e-01,1.3992791984e+00,7.6505010777e-04,2.5478749476e-05,3.0026988117e+01,1,0,2.5478749476e-05,3.0026988117e+01,1,0
6.0000000000e-01,1.4851100861e+00,8.3279516111e-04,2.5578530205e-05,3.2558366506e+01,1,0,2.5578530205e-05,3.2558366506e+01,1,0
6.0000000000e-01,1.5762057853e+00,8.8332909701e-04,2.5704993120e-05,3.4364105560e+01,1,0,2.5704993120e-05,3.4364105560e+01,1,0
6.0000000000e-01,1.6728892362e+00,9.2075954918e-04,2.5863128132e-05,3.5601244540e+01,1,0,2.5863128132e-05,3.5601244540e+01,1,0
6.0000000000e-01,1.7755031880e+00,9.7027660838e-04,2.6019934963e-05,3.7289739953e+01,1,0,2.6019934963e-05,3.7289739953e+01,1,0
6.0000000000e-01,1.8844114137e+00,1.0351563460e-03,2.6247327291e-05,3.9438543000e+01,1,0,2.6247327291e-05,3.9438543000e+01,1,0
6.0000000000e-01,2.0000000000e+00,1.0882768965e-03,2.6532411645e-05,4.1016885728e+01,1,0,2.6532411645e-05,4.1016885728e+01,1,0
